[2026-09-12T16:15:22.819Z] ----------------------------------------------------------------------
[2026-09-12T16:15:22.824Z] Command:       /Users/ajayghosh/.nvm/versions/node/v24.14.0/bin/node /Users/ajayghosh/.npm/_npx/7c2857124020ee0d/node_modules/firebase-tools/lib/bin/firebase.js deploy --only functions --project eshwesareestudio --config firebase.release.json --non-interactive
[2026-09-12T16:15:22.825Z] CLI Version:   15.29.0
[2026-09-12T16:15:22.825Z] Platform:      darwin
[2026-09-12T16:15:22.825Z] Node Version:  v24.14.0
[2026-09-12T16:15:22.825Z] Detected Agent: codex_cli
[2026-09-12T16:15:22.825Z] Time:          Sat Sep 12 2026 21:45:22 GMT+0530 (India Standard Time)
[2026-09-12T16:15:22.825Z] ----------------------------------------------------------------------

[2026-09-12T16:15:26.202Z] > command requires scopes: ["email","openid","https://www.googleapis.com/auth/cloudplatformprojects.readonly","https://www.googleapis.com/auth/firebase","https://www.googleapis.com/auth/cloud-platform"]
[2026-09-12T16:15:26.203Z] > authorizing via signed-in user (ajyghosh@gmail.com)
[2026-09-12T16:15:26.203Z] [iam] checking project eshwesareestudio for permissions ["cloudfunctions.functions.create","cloudfunctions.functions.delete","cloudfunctions.functions.get","cloudfunctions.functions.list","cloudfunctions.functions.update","cloudfunctions.operations.get","firebase.projects.get"]
[2026-09-12T16:15:26.222Z] Checked if tokens are valid: true, expires at: 1789232947367
[2026-09-12T16:15:26.228Z] Checked if tokens are valid: true, expires at: 1789232947367
[2026-09-12T16:15:26.231Z] >>> [apiv2][query] POST https://cloudresourcemanager.googleapis.com/v1/projects/eshwesareestudio:testIamPermissions [none]
[2026-09-12T16:15:26.233Z] >>> [apiv2][(partial)header] POST https://cloudresourcemanager.googleapis.com/v1/projects/eshwesareestudio:testIamPermissions  x-goog-user-project=eshwesareestudio
[2026-09-12T16:15:26.234Z] >>> [apiv2][body] POST https://cloudresourcemanager.googleapis.com/v1/projects/eshwesareestudio:testIamPermissions {"permissions":["cloudfunctions.functions.create","cloudfunctions.functions.delete","cloudfunctions.functions.get","cloudfunctions.functions.list","cloudfunctions.functions.update","cloudfunctions.operations.get","firebase.projects.get"]}
[2026-09-12T16:15:27.614Z] <<< [apiv2][status] POST https://cloudresourcemanager.googleapis.com/v1/projects/eshwesareestudio:testIamPermissions 200
[2026-09-12T16:15:27.614Z] <<< [apiv2][body] POST https://cloudresourcemanager.googleapis.com/v1/projects/eshwesareestudio:testIamPermissions {"permissions":["cloudfunctions.functions.create","cloudfunctions.functions.delete","cloudfunctions.functions.get","cloudfunctions.functions.list","cloudfunctions.functions.update","cloudfunctions.operations.get","firebase.projects.get"]}
[2026-09-12T16:15:27.615Z] Checked if tokens are valid: true, expires at: 1789232947367
[2026-09-12T16:15:27.615Z] Checked if tokens are valid: true, expires at: 1789232947367
[2026-09-12T16:15:27.615Z] >>> [apiv2][query] POST https://iam.googleapis.com/v1/projects/eshwesareestudio/serviceAccounts/eshwesareestudio@appspot.gserviceaccount.com:testIamPermissions [none]
[2026-09-12T16:15:27.615Z] >>> [apiv2][body] POST https://iam.googleapis.com/v1/projects/eshwesareestudio/serviceAccounts/eshwesareestudio@appspot.gserviceaccount.com:testIamPermissions {"permissions":["iam.serviceAccounts.actAs"]}
[2026-09-12T16:15:29.203Z] <<< [apiv2][status] POST https://iam.googleapis.com/v1/projects/eshwesareestudio/serviceAccounts/eshwesareestudio@appspot.gserviceaccount.com:testIamPermissions 200
[2026-09-12T16:15:29.203Z] <<< [apiv2][body] POST https://iam.googleapis.com/v1/projects/eshwesareestudio/serviceAccounts/eshwesareestudio@appspot.gserviceaccount.com:testIamPermissions {"permissions":["iam.serviceAccounts.actAs"]}

=== Deploying to 'eshwesareestudio'...

i  deploying functions
[2026-09-12T16:15:29.207Z] Checked if tokens are valid: true, expires at: 1789232947367
[2026-09-12T16:15:29.207Z] Checked if tokens are valid: true, expires at: 1789232947367
[2026-09-12T16:15:29.207Z] >>> [apiv2][query] GET https://cloudresourcemanager.googleapis.com/v1/projects/eshwesareestudio [none]
[2026-09-12T16:15:29.599Z] <<< [apiv2][status] GET https://cloudresourcemanager.googleapis.com/v1/projects/eshwesareestudio 200
[2026-09-12T16:15:29.599Z] <<< [apiv2][body] GET https://cloudresourcemanager.googleapis.com/v1/projects/eshwesareestudio {"projectNumber":"106884158684","projectId":"eshwesareestudio","lifecycleState":"ACTIVE","name":"eshwe","labels":{"firebase":"enabled","firebase-core":"disabled"},"createTime":"2026-08-06T14:09:19.636Z"}
i  functions: preparing codebase default for deployment
i  functions: ensuring required API cloudfunctions.googleapis.com is enabled...
i  functions: ensuring required API cloudbuild.googleapis.com is enabled...
i  artifactregistry: ensuring required API artifactregistry.googleapis.com is enabled...
[2026-09-12T16:15:29.601Z] Checked if tokens are valid: true, expires at: 1789232947367
[2026-09-12T16:15:29.601Z] Checked if tokens are valid: true, expires at: 1789232947367
[2026-09-12T16:15:29.601Z] >>> [apiv2][query] GET https://firebase.googleapis.com/v1beta1/projects/eshwesareestudio/adminSdkConfig [none]
[2026-09-12T16:15:30.487Z] <<< [apiv2][status] GET https://firebase.googleapis.com/v1beta1/projects/eshwesareestudio/adminSdkConfig 200
[2026-09-12T16:15:30.492Z] <<< [apiv2][body] GET https://firebase.googleapis.com/v1beta1/projects/eshwesareestudio/adminSdkConfig {"projectId":"eshwesareestudio","storageBucket":"eshwesareestudio.firebasestorage.app"}
[2026-09-12T16:15:30.492Z] Checked if tokens are valid: true, expires at: 1789232947367
[2026-09-12T16:15:30.493Z] Checked if tokens are valid: true, expires at: 1789232947367
[2026-09-12T16:15:30.493Z] >>> [apiv2][query] GET https://runtimeconfig.googleapis.com/v1beta1/projects/eshwesareestudio/configs [none]
[2026-09-12T16:15:31.116Z] <<< [apiv2][status] GET https://runtimeconfig.googleapis.com/v1beta1/projects/eshwesareestudio/configs 200
[2026-09-12T16:15:31.116Z] <<< [apiv2][body] GET https://runtimeconfig.googleapis.com/v1beta1/projects/eshwesareestudio/configs {}
[2026-09-12T16:15:31.120Z] Validating nodejs source
⚠  functions: package.json indicates an outdated version of firebase-functions. Please upgrade using npm install --save firebase-functions@latest in your functions directory.
⚠  functions: Please note that there will be breaking changes when you upgrade.
[2026-09-12T16:15:32.774Z] > [functions] package.json contents: {
  "name": "eshwe-functions",
  "private": true,
  "main": "index.js",
  "engines": {
    "node": "22"
  },
  "scripts": {
    "lint": "node --check index.js"
  },
  "dependencies": {
    "firebase-admin": "^13.0.0",
    "firebase-functions": "^6.0.0",
    "nodemailer": "^10.0.0",
    "razorpay": "^2.9.6"
  }
}
[2026-09-12T16:15:32.774Z] Building nodejs source
i  functions: Loading and analyzing source code for codebase default to determine what to deploy
[2026-09-12T16:15:32.776Z] Could not find functions.yaml. Must use http discovery
[2026-09-12T16:15:32.788Z] Found firebase-functions binary at '/Users/ajayghosh/Desktop/eshwe/functions/node_modules/.bin/firebase-functions'
Serving at port 8245

[2026-09-12T16:15:34.201Z] Got response from /__/functions.yaml {"endpoints":{"sendContactEmailNotification":{"availableMemoryMb":null,"timeoutSeconds":null,"minInstances":null,"maxInstances":null,"ingressSettings":null,"concurrency":null,"serviceAccountEmail":null,"vpc":null,"platform":"gcfv2","region":["asia-south1"],"secretEnvironmentVariables":[{"key":"CONTACT_SMTP_PASSWORD"}],"labels":{},"eventTrigger":{"eventType":"google.cloud.firestore.document.v1.created","eventFilters":{"database":"(default)","namespace":"(default)"},"eventFilterPathPatterns":{"document":"customerMessages/{messageId}"},"retry":false},"entryPoint":"sendContactEmailNotification"},"sendCustomerOtp":{"availableMemoryMb":null,"timeoutSeconds":null,"minInstances":null,"maxInstances":null,"ingressSettings":null,"concurrency":null,"serviceAccountEmail":null,"vpc":null,"platform":"gcfv2","region":["asia-south1"],"secretEnvironmentVariables":[{"key":"MSG91_AUTH_KEY"},{"key":"MSG91_OTP_TEMPLATE_ID"}],"labels":{},"httpsTrigger":{},"entryPoint":"sendCustomerOtp"},"verifyCustomerOtp":{"availableMemoryMb":null,"timeoutSeconds":null,"minInstances":null,"maxInstances":null,"ingressSettings":null,"concurrency":null,"serviceAccountEmail":null,"vpc":null,"platform":"gcfv2","region":["asia-south1"],"labels":{},"httpsTrigger":{},"entryPoint":"verifyCustomerOtp"},"createRazorpayOrder":{"availableMemoryMb":null,"timeoutSeconds":null,"minInstances":null,"maxInstances":null,"ingressSettings":null,"concurrency":null,"serviceAccountEmail":null,"vpc":null,"platform":"gcfv2","region":["asia-south1"],"secretEnvironmentVariables":[{"key":"RAZORPAY_KEY_ID"},{"key":"RAZORPAY_KEY_SECRET"}],"labels":{},"httpsTrigger":{},"entryPoint":"createRazorpayOrder"},"verifyRazorpayPayment":{"availableMemoryMb":null,"timeoutSeconds":null,"minInstances":null,"maxInstances":null,"ingressSettings":null,"concurrency":null,"serviceAccountEmail":null,"vpc":null,"platform":"gcfv2","region":["asia-south1"],"secretEnvironmentVariables":[{"key":"RAZORPAY_KEY_SECRET"},{"key":"RAZORPAY_KEY_ID"}],"labels":{},"httpsTrigger":{},"entryPoint":"verifyRazorpayPayment"},"razorpayAppCallback":{"availableMemoryMb":null,"timeoutSeconds":null,"minInstances":null,"maxInstances":null,"ingressSettings":null,"concurrency":null,"serviceAccountEmail":null,"vpc":null,"platform":"gcfv2","region":["asia-south1"],"secretEnvironmentVariables":[{"key":"RAZORPAY_KEY_SECRET"},{"key":"RAZORPAY_KEY_ID"}],"labels":{},"httpsTrigger":{},"entryPoint":"razorpayAppCallback"},"razorpayWebhook":{"availableMemoryMb":null,"timeoutSeconds":null,"minInstances":null,"maxInstances":null,"ingressSettings":null,"concurrency":null,"serviceAccountEmail":null,"vpc":null,"platform":"gcfv2","region":["asia-south1"],"secretEnvironmentVariables":[{"key":"RAZORPAY_WEBHOOK_SECRET"},{"key":"RAZORPAY_KEY_ID"},{"key":"RAZORPAY_KEY_SECRET"}],"labels":{},"httpsTrigger":{},"entryPoint":"razorpayWebhook"},"checkoutStatus":{"availableMemoryMb":null,"timeoutSeconds":null,"minInstances":null,"maxInstances":null,"ingressSettings":null,"concurrency":null,"serviceAccountEmail":null,"vpc":null,"platform":"gcfv2","region":["asia-south1"],"secretEnvironmentVariables":[{"key":"RAZORPAY_KEY_ID"},{"key":"RAZORPAY_KEY_SECRET"}],"labels":{},"httpsTrigger":{},"entryPoint":"checkoutStatus"},"ownerOrderAction":{"availableMemoryMb":null,"timeoutSeconds":null,"minInstances":null,"maxInstances":null,"ingressSettings":null,"concurrency":null,"serviceAccountEmail":null,"vpc":null,"platform":"gcfv2","region":["asia-south1"],"secretEnvironmentVariables":[{"key":"RAZORPAY_KEY_ID"},{"key":"RAZORPAY_KEY_SECRET"}],"labels":{},"httpsTrigger":{},"entryPoint":"ownerOrderAction"},"ownerProductAction":{"availableMemoryMb":null,"timeoutSeconds":null,"minInstances":null,"maxInstances":null,"ingressSettings":null,"concurrency":null,"serviceAccountEmail":null,"vpc":null,"platform":"gcfv2","region":["asia-south1"],"labels":{},"httpsTrigger":{},"entryPoint":"ownerProductAction"},"reconcileCheckoutOrders":{"availableMemoryMb":null,"timeoutSeconds":null,"minInstances":null,"maxInstances":null,"ingressSettings":null,"concurrency":null,"serviceAccountEmail":null,"vpc":null,"platform":"gcfv2","region":["asia-south1"],"secretEnvironmentVariables":[{"key":"RAZORPAY_KEY_ID"},{"key":"RAZORPAY_KEY_SECRET"}],"labels":{},"scheduleTrigger":{"schedule":"every 5 minutes","retryConfig":{}},"entryPoint":"reconcileCheckoutOrders"}},"specVersion":"v1alpha1","requiredAPIs":[{"api":"cloudscheduler.googleapis.com","reason":"Needed for scheduled functions."}],"extensions":{},"params":[{"type":"secret","name":"RAZORPAY_KEY_ID"},{"type":"secret","name":"RAZORPAY_KEY_SECRET"},{"type":"secret","name":"RAZORPAY_WEBHOOK_SECRET"},{"type":"secret","name":"MSG91_AUTH_KEY"},{"type":"secret","name":"MSG91_OTP_TEMPLATE_ID"},{"type":"secret","name":"CONTACT_SMTP_PASSWORD"}]}
[2026-09-12T16:15:37.273Z] Checked if tokens are valid: true, expires at: 1789232947367
[2026-09-12T16:15:37.275Z] Checked if tokens are valid: true, expires at: 1789232947367
[2026-09-12T16:15:37.275Z] >>> [apiv2][query] GET https://cloudfunctions.googleapis.com/v1/projects/eshwesareestudio/locations/-/functions [none]
[2026-09-12T16:15:39.537Z] <<< [apiv2][status] GET https://cloudfunctions.googleapis.com/v1/projects/eshwesareestudio/locations/-/functions 200
[2026-09-12T16:15:39.537Z] <<< [apiv2][body] GET https://cloudfunctions.googleapis.com/v1/projects/eshwesareestudio/locations/-/functions {}
[2026-09-12T16:15:39.538Z] Checked if tokens are valid: true, expires at: 1789232947367
[2026-09-12T16:15:39.538Z] Checked if tokens are valid: true, expires at: 1789232947367
[2026-09-12T16:15:39.538Z] >>> [apiv2][query] GET https://cloudfunctions.googleapis.com/v2/projects/eshwesareestudio/locations/-/functions filter=environment%3D%22GEN_2%22
[2026-09-12T16:15:41.600Z] <<< [apiv2][status] GET https://cloudfunctions.googleapis.com/v2/projects/eshwesareestudio/locations/-/functions 200
[2026-09-12T16:15:41.600Z] <<< [apiv2][body] GET https://cloudfunctions.googleapis.com/v2/projects/eshwesareestudio/locations/-/functions {"functions":[{"name":"projects/eshwesareestudio/locations/asia-south1/functions/sendContactEmailNotification","buildConfig":{"build":"projects/106884158684/locations/asia-south1/builds/03a26100-69b1-4115-882d-6f4426b4e770","runtime":"nodejs22","entryPoint":"sendContactEmailNotification","source":{"storageSource":{"bucket":"gcf-v2-sources-106884158684-asia-south1","object":"sendContactEmailNotification/function-source.zip","generation":"1788596247997556"}},"environmentVariables":{"GOOGLE_NODE_RUN_SCRIPTS":""},"dockerRepository":"projects/eshwesareestudio/locations/asia-south1/repositories/gcf-artifacts","sourceProvenance":{"resolvedStorageSource":{"bucket":"gcf-v2-sources-106884158684-asia-south1","object":"sendContactEmailNotification/function-source.zip","generation":"1788596247997556"}},"dockerRegistry":"ARTIFACT_REGISTRY","serviceAccount":"projects/eshwesareestudio/serviceAccounts/106884158684-compute@developer.gserviceaccount.com","automaticUpdatePolicy":{}},"serviceConfig":{"service":"projects/eshwesareestudio/locations/asia-south1/services/sendcontactemailnotification","timeoutSeconds":60,"environmentVariables":{"FIREBASE_CONFIG":"{\"projectId\":\"eshwesareestudio\",\"storageBucket\":\"eshwesareestudio.firebasestorage.app\"}","GCLOUD_PROJECT":"eshwesareestudio","EVENTARC_CLOUD_EVENT_SOURCE":"projects/eshwesareestudio/locations/asia-south1/services/sendContactEmailNotification","FUNCTION_REGION":"asia-south1","FUNCTION_SIGNATURE_TYPE":"cloudevent","FUNCTION_TARGET":"sendContactEmailNotification","LOG_EXECUTION_ID":"true"},"ingressSettings":"ALLOW_ALL","uri":"https://sendcontactemailnotification-n7x6wk6maa-el.a.run.app","serviceAccountEmail":"106884158684-compute@developer.gserviceaccount.com","availableMemory":"256Mi","allTrafficOnLatestRevision":true,"secretEnvironmentVariables":[{"key":"CONTACT_SMTP_PASSWORD","projectId":"eshwesareestudio","secret":"CONTACT_SMTP_PASSWORD","version":"1"}],"revision":"sendcontactemailnotification-00001-qal","maxInstanceRequestConcurrency":80,"availableCpu":"1"},"eventTrigger":{"trigger":"projects/eshwesareestudio/locations/nam5/triggers/sendcontactemailnotification-186952","triggerRegion":"nam5","eventType":"google.cloud.firestore.document.v1.created","eventFilters":[{"attribute":"database","value":"(default)"},{"attribute":"namespace","value":"(default)"},{"attribute":"document","value":"customerMessages/{messageId}","operator":"match-path-pattern"}],"pubsubTopic":"projects/eshwesareestudio/topics/eventarc-nam5-sendcontactemailnotification-186952-960","serviceAccountEmail":"106884158684-compute@developer.gserviceaccount.com","retryPolicy":"RETRY_POLICY_DO_NOT_RETRY"},"state":"ACTIVE","updateTime":"2026-09-05T08:18:36.158982808Z","labels":{"deployment-tool":"cli-firebase","firebase-functions-hash":"6dae58ce442b47098f81a7174257a342c57868bf"},"environment":"GEN_2","url":"https://asia-south1-eshwesareestudio.cloudfunctions.net/sendContactEmailNotification","satisfiesPzs":true,"createTime":"2026-09-05T08:17:29.128346954Z","satisfiesPzi":true},{"name":"projects/eshwesareestudio/locations/asia-south1/functions/sendCustomerOtp","buildConfig":{"build":"projects/106884158684/locations/asia-south1/builds/0381e3a7-bbdc-4d95-bf2b-d196ada5bbb9","runtime":"nodejs22","entryPoint":"sendCustomerOtp","source":{"storageSource":{"bucket":"gcf-v2-sources-106884158684-asia-south1","object":"sendCustomerOtp/function-source.zip","generation":"1789046773389124"}},"environmentVariables":{"GOOGLE_NODE_RUN_SCRIPTS":""},"dockerRepository":"projects/eshwesareestudio/locations/asia-south1/repositories/gcf-artifacts","sourceProvenance":{"resolvedStorageSource":{"bucket":"gcf-v2-sources-106884158684-asia-south1","object":"sendCustomerOtp/function-source.zip","generation":"1789046773389124"}},"dockerRegistry":"ARTIFACT_REGISTRY","serviceAccount":"projects/eshwesareestudio/serviceAccounts/106884158684-compute@developer.gserviceaccount.com","automaticUpdatePolicy":{}},"serviceConfig":{"service":"projects/eshwesareestudio/locations/asia-south1/services/sendcustomerotp","timeoutSeconds":60,"environmentVariables":{"FIREBASE_CONFIG":"{\"projectId\":\"eshwesareestudio\",\"storageBucket\":\"eshwesareestudio.firebasestorage.app\"}","GCLOUD_PROJECT":"eshwesareestudio","EVENTARC_CLOUD_EVENT_SOURCE":"projects/eshwesareestudio/locations/asia-south1/services/sendCustomerOtp","FUNCTION_REGION":"asia-south1","FUNCTION_TARGET":"sendCustomerOtp","LOG_EXECUTION_ID":"true"},"maxInstanceCount":20,"ingressSettings":"ALLOW_ALL","uri":"https://sendcustomerotp-n7x6wk6maa-el.a.run.app","serviceAccountEmail":"106884158684-compute@developer.gserviceaccount.com","availableMemory":"256Mi","allTrafficOnLatestRevision":true,"secretEnvironmentVariables":[{"key":"MSG91_AUTH_KEY","projectId":"eshwesareestudio","secret":"MSG91_AUTH_KEY","version":"1"},{"key":"MSG91_OTP_TEMPLATE_ID","projectId":"eshwesareestudio","secret":"MSG91_OTP_TEMPLATE_ID","version":"2"}],"revision":"sendcustomerotp-00006-bel","maxInstanceRequestConcurrency":80,"availableCpu":"1"},"state":"ACTIVE","updateTime":"2026-09-10T13:27:00.664541865Z","labels":{"deployment-tool":"cli-firebase","firebase-functions-hash":"ba10d68946f60981be9ad6463e12a8ae6727f106"},"environment":"GEN_2","url":"https://asia-south1-eshwesareestudio.cloudfunctions.net/sendCustomerOtp","satisfiesPzs":true,"createTime":"2026-08-30T10:45:40.377758530Z","satisfiesPzi":true},{"name":"projects/eshwesareestudio/locations/asia-south1/functions/razorpayWebhook","buildConfig":{"build":"projects/106884158684/locations/asia-south1/builds/b551327a-5768-4053-a844-d5ab397b88b0","runtime":"nodejs22","entryPoint":"razorpayWebhook","source":{"storageSource":{"bucket":"gcf-v2-sources-106884158684-asia-south1","object":"razorpayWebhook/function-source.zip","generation":"1789037073466889"}},"environmentVariables":{"GOOGLE_NODE_RUN_SCRIPTS":""},"dockerRepository":"projects/eshwesareestudio/locations/asia-south1/repositories/gcf-artifacts","sourceProvenance":{"resolvedStorageSource":{"bucket":"gcf-v2-sources-106884158684-asia-south1","object":"razorpayWebhook/function-source.zip","generation":"1789037073466889"}},"dockerRegistry":"ARTIFACT_REGISTRY","serviceAccount":"projects/eshwesareestudio/serviceAccounts/106884158684-compute@developer.gserviceaccount.com","automaticUpdatePolicy":{}},"serviceConfig":{"service":"projects/eshwesareestudio/locations/asia-south1/services/razorpaywebhook","timeoutSeconds":60,"environmentVariables":{"FIREBASE_CONFIG":"{\"projectId\":\"eshwesareestudio\",\"storageBucket\":\"eshwesareestudio.firebasestorage.app\"}","GCLOUD_PROJECT":"eshwesareestudio","EVENTARC_CLOUD_EVENT_SOURCE":"projects/eshwesareestudio/locations/asia-south1/services/razorpayWebhook","FUNCTION_REGION":"asia-south1","FUNCTION_TARGET":"razorpayWebhook","LOG_EXECUTION_ID":"true","FUNCTION_SIGNATURE_TYPE":"http"},"maxInstanceCount":20,"ingressSettings":"ALLOW_ALL","uri":"https://razorpaywebhook-n7x6wk6maa-el.a.run.app","serviceAccountEmail":"106884158684-compute@developer.gserviceaccount.com","availableMemory":"256Mi","allTrafficOnLatestRevision":true,"secretEnvironmentVariables":[{"key":"RAZORPAY_WEBHOOK_SECRET","projectId":"eshwesareestudio","secret":"RAZORPAY_WEBHOOK_SECRET","version":"2"}],"revision":"razorpaywebhook-00015-lum","maxInstanceRequestConcurrency":80,"availableCpu":"1"},"state":"ACTIVE","updateTime":"2026-09-10T10:44:41.587049293Z","labels":{"firebase-functions-hash":"f759a841fe800b43c4b9adbdeec10c87c413189f","deployment-tool":"cli-firebase"},"environment":"GEN_2","url":"https://asia-south1-eshwesareestudio.cloudfunctions.net/razorpayWebhook","satisfiesPzs":true,"createTime":"2026-08-23T15:49:16.355569202Z","satisfiesPzi":true},{"name":"projects/eshwesareestudio/locations/asia-south1/functions/verifyCustomerOtp","buildConfig":{"build":"projects/106884158684/locations/asia-south1/builds/b551327a-5768-4053-a844-d5ab397b88b0","runtime":"nodejs22","entryPoint":"verifyCustomerOtp","source":{"storageSource":{"bucket":"gcf-v2-sources-106884158684-asia-south1","object":"verifyCustomerOtp/function-source.zip","generation":"1789037073995711"}},"environmentVariables":{"GOOGLE_NODE_RUN_SCRIPTS":""},"dockerRepository":"projects/eshwesareestudio/locations/asia-south1/repositories/gcf-artifacts","sourceProvenance":{"resolvedStorageSource":{"bucket":"gcf-v2-sources-106884158684-asia-south1","object":"verifyCustomerOtp/function-source.zip","generation":"1789037073995711"}},"dockerRegistry":"ARTIFACT_REGISTRY","serviceAccount":"projects/eshwesareestudio/serviceAccounts/106884158684-compute@developer.gserviceaccount.com","automaticUpdatePolicy":{}},"serviceConfig":{"service":"projects/eshwesareestudio/locations/asia-south1/services/verifycustomerotp","timeoutSeconds":60,"environmentVariables":{"FIREBASE_CONFIG":"{\"projectId\":\"eshwesareestudio\",\"storageBucket\":\"eshwesareestudio.firebasestorage.app\"}","GCLOUD_PROJECT":"eshwesareestudio","EVENTARC_CLOUD_EVENT_SOURCE":"projects/eshwesareestudio/locations/asia-south1/services/verifyCustomerOtp","FUNCTION_REGION":"asia-south1","FUNCTION_TARGET":"verifyCustomerOtp","LOG_EXECUTION_ID":"true","FUNCTION_SIGNATURE_TYPE":"http"},"maxInstanceCount":20,"ingressSettings":"ALLOW_ALL","uri":"https://verifycustomerotp-n7x6wk6maa-el.a.run.app","serviceAccountEmail":"106884158684-compute@developer.gserviceaccount.com","availableMemory":"256Mi","allTrafficOnLatestRevision":true,"secretEnvironmentVariables":[{"key":"MSG91_AUTH_KEY","projectId":"eshwesareestudio","secret":"MSG91_AUTH_KEY","version":"1"}],"revision":"verifycustomerotp-00005-vey","maxInstanceRequestConcurrency":80,"availableCpu":"1"},"state":"ACTIVE","updateTime":"2026-09-10T10:44:43.486074706Z","labels":{"firebase-functions-hash":"a66e5a3ce90abc6f79b7252e30752e1cfecb1021","deployment-tool":"cli-firebase"},"environment":"GEN_2","url":"https://asia-south1-eshwesareestudio.cloudfunctions.net/verifyCustomerOtp","satisfiesPzs":true,"createTime":"2026-08-30T10:46:34.278479241Z","satisfiesPzi":true},{"name":"projects/eshwesareestudio/locations/asia-south1/functions/createRazorpayOrder","buildConfig":{"build":"projects/106884158684/locations/asia-south1/builds/b551327a-5768-4053-a844-d5ab397b88b0","runtime":"nodejs22","entryPoint":"createRazorpayOrder","source":{"storageSource":{"bucket":"gcf-v2-sources-106884158684-asia-south1","object":"createRazorpayOrder/function-source.zip","generation":"1789037073855850"}},"environmentVariables":{"GOOGLE_NODE_RUN_SCRIPTS":""},"dockerRepository":"projects/eshwesareestudio/locations/asia-south1/repositories/gcf-artifacts","sourceProvenance":{"resolvedStorageSource":{"bucket":"gcf-v2-sources-106884158684-asia-south1","object":"createRazorpayOrder/function-source.zip","generation":"1789037073855850"}},"dockerRegistry":"ARTIFACT_REGISTRY","serviceAccount":"projects/eshwesareestudio/serviceAccounts/106884158684-compute@developer.gserviceaccount.com","automaticUpdatePolicy":{}},"serviceConfig":{"service":"projects/eshwesareestudio/locations/asia-south1/services/createrazorpayorder","timeoutSeconds":60,"environmentVariables":{"FIREBASE_CONFIG":"{\"projectId\":\"eshwesareestudio\",\"storageBucket\":\"eshwesareestudio.firebasestorage.app\"}","GCLOUD_PROJECT":"eshwesareestudio","EVENTARC_CLOUD_EVENT_SOURCE":"projects/eshwesareestudio/locations/asia-south1/services/createRazorpayOrder","FUNCTION_REGION":"asia-south1","FUNCTION_TARGET":"createRazorpayOrder","LOG_EXECUTION_ID":"true","FUNCTION_SIGNATURE_TYPE":"http"},"maxInstanceCount":20,"ingressSettings":"ALLOW_ALL","uri":"https://createrazorpayorder-n7x6wk6maa-el.a.run.app","serviceAccountEmail":"106884158684-compute@developer.gserviceaccount.com","availableMemory":"256Mi","allTrafficOnLatestRevision":true,"secretEnvironmentVariables":[{"key":"RAZORPAY_KEY_ID","projectId":"eshwesareestudio","secret":"RAZORPAY_KEY_ID","version":"4"},{"key":"RAZORPAY_KEY_SECRET","projectId":"eshwesareestudio","secret":"RAZORPAY_KEY_SECRET","version":"4"}],"revision":"createrazorpayorder-00017-naf","maxInstanceRequestConcurrency":80,"availableCpu":"1"},"state":"ACTIVE","updateTime":"2026-09-10T10:44:42.552074287Z","labels":{"deployment-tool":"cli-firebase","firebase-functions-hash":"dec341c10d21b416bb8da74a399716c6fd81be20"},"environment":"GEN_2","url":"https://asia-south1-eshwesareestudio.cloudfunctions.net/createRazorpayOrder","satisfiesPzs":true,"createTime":"2026-08-23T15:48:02.468505900Z","satisfiesPzi":true},{"name":"projects/eshwesareestudio/locations/asia-south1/functions/razorpayAppCallback","buildConfig":{"build":"projects/106884158684/locations/asia-south1/builds/b551327a-5768-4053-a844-d5ab397b88b0","runtime":"nodejs22","entryPoint":"razorpayAppCallback","source":{"storageSource":{"bucket":"gcf-v2-sources-106884158684-asia-south1","object":"razorpayAppCallback/function-source.zip","generation":"1789037073984830"}},"environmentVariables":{"GOOGLE_NODE_RUN_SCRIPTS":""},"dockerRepository":"projects/eshwesareestudio/locations/asia-south1/repositories/gcf-artifacts","sourceProvenance":{"resolvedStorageSource":{"bucket":"gcf-v2-sources-106884158684-asia-south1","object":"razorpayAppCallback/function-source.zip","generation":"1789037073984830"}},"dockerRegistry":"ARTIFACT_REGISTRY","serviceAccount":"projects/eshwesareestudio/serviceAccounts/106884158684-compute@developer.gserviceaccount.com","automaticUpdatePolicy":{}},"serviceConfig":{"service":"projects/eshwesareestudio/locations/asia-south1/services/razorpayappcallback","timeoutSeconds":60,"environmentVariables":{"FIREBASE_CONFIG":"{\"projectId\":\"eshwesareestudio\",\"storageBucket\":\"eshwesareestudio.firebasestorage.app\"}","GCLOUD_PROJECT":"eshwesareestudio","EVENTARC_CLOUD_EVENT_SOURCE":"projects/eshwesareestudio/locations/asia-south1/services/razorpayAppCallback","FUNCTION_REGION":"asia-south1","FUNCTION_TARGET":"razorpayAppCallback","LOG_EXECUTION_ID":"true","FUNCTION_SIGNATURE_TYPE":"http"},"maxInstanceCount":20,"ingressSettings":"ALLOW_ALL","uri":"https://razorpayappcallback-n7x6wk6maa-el.a.run.app","serviceAccountEmail":"106884158684-compute@developer.gserviceaccount.com","availableMemory":"256Mi","allTrafficOnLatestRevision":true,"secretEnvironmentVariables":[{"key":"RAZORPAY_KEY_SECRET","projectId":"eshwesareestudio","secret":"RAZORPAY_KEY_SECRET","version":"4"},{"key":"RAZORPAY_KEY_ID","projectId":"eshwesareestudio","secret":"RAZORPAY_KEY_ID","version":"4"}],"revision":"razorpayappcallback-00008-deg","maxInstanceRequestConcurrency":80,"availableCpu":"1"},"state":"ACTIVE","updateTime":"2026-09-10T10:44:42.033533371Z","labels":{"deployment-tool":"cli-firebase","firebase-functions-hash":"614a1c63babc3fb82765f06f4c71a20e42143f9a"},"environment":"GEN_2","url":"https://asia-south1-eshwesareestudio.cloudfunctions.net/razorpayAppCallback","satisfiesPzs":true,"createTime":"2026-08-29T15:58:16.000324967Z","satisfiesPzi":true},{"name":"projects/eshwesareestudio/locations/asia-south1/functions/verifyRazorpayPayment","buildConfig":{"build":"projects/106884158684/locations/asia-south1/builds/b551327a-5768-4053-a844-d5ab397b88b0","runtime":"nodejs22","entryPoint":"verifyRazorpayPayment","source":{"storageSource":{"bucket":"gcf-v2-sources-106884158684-asia-south1","object":"verifyRazorpayPayment/function-source.zip","generation":"1789037073431061"}},"environmentVariables":{"GOOGLE_NODE_RUN_SCRIPTS":""},"dockerRepository":"projects/eshwesareestudio/locations/asia-south1/repositories/gcf-artifacts","sourceProvenance":{"resolvedStorageSource":{"bucket":"gcf-v2-sources-106884158684-asia-south1","object":"verifyRazorpayPayment/function-source.zip","generation":"1789037073431061"}},"dockerRegistry":"ARTIFACT_REGISTRY","serviceAccount":"projects/eshwesareestudio/serviceAccounts/106884158684-compute@developer.gserviceaccount.com","automaticUpdatePolicy":{}},"serviceConfig":{"service":"projects/eshwesareestudio/locations/asia-south1/services/verifyrazorpaypayment","timeoutSeconds":60,"environmentVariables":{"FIREBASE_CONFIG":"{\"projectId\":\"eshwesareestudio\",\"storageBucket\":\"eshwesareestudio.firebasestorage.app\"}","GCLOUD_PROJECT":"eshwesareestudio","EVENTARC_CLOUD_EVENT_SOURCE":"projects/eshwesareestudio/locations/asia-south1/services/verifyRazorpayPayment","FUNCTION_REGION":"asia-south1","FUNCTION_TARGET":"verifyRazorpayPayment","LOG_EXECUTION_ID":"true","FUNCTION_SIGNATURE_TYPE":"http"},"maxInstanceCount":20,"ingressSettings":"ALLOW_ALL","uri":"https://verifyrazorpaypayment-n7x6wk6maa-el.a.run.app","serviceAccountEmail":"106884158684-compute@developer.gserviceaccount.com","availableMemory":"256Mi","allTrafficOnLatestRevision":true,"secretEnvironmentVariables":[{"key":"RAZORPAY_KEY_SECRET","projectId":"eshwesareestudio","secret":"RAZORPAY_KEY_SECRET","version":"4"},{"key":"RAZORPAY_KEY_ID","projectId":"eshwesareestudio","secret":"RAZORPAY_KEY_ID","version":"4"}],"revision":"verifyrazorpaypayment-00017-sef","maxInstanceRequestConcurrency":80,"availableCpu":"1"},"state":"ACTIVE","updateTime":"2026-09-10T10:44:41.747033297Z","labels":{"firebase-functions-hash":"614a1c63babc3fb82765f06f4c71a20e42143f9a","deployment-tool":"cli-firebase"},"environment":"GEN_2","url":"https://asia-south1-eshwesareestudio.cloudfunctions.net/verifyRazorpayPayment","satisfiesPzs":true,"createTime":"2026-08-23T15:49:16.338903811Z","satisfiesPzi":true}]}
i  extensions: ensuring required API firebaseextensions.googleapis.com is enabled...
[2026-09-12T16:15:41.604Z] > command requires scopes: ["email","openid","https://www.googleapis.com/auth/cloudplatformprojects.readonly","https://www.googleapis.com/auth/firebase","https://www.googleapis.com/auth/cloud-platform"]
[2026-09-12T16:15:41.604Z] > authorizing via signed-in user (ajyghosh@gmail.com)
[2026-09-12T16:15:41.604Z] [iam] checking project eshwesareestudio for permissions ["firebase.projects.get","firebaseextensions.instances.list"]
[2026-09-12T16:15:41.605Z] Checked if tokens are valid: true, expires at: 1789232947367
[2026-09-12T16:15:41.605Z] Checked if tokens are valid: true, expires at: 1789232947367
[2026-09-12T16:15:41.605Z] >>> [apiv2][query] POST https://cloudresourcemanager.googleapis.com/v1/projects/eshwesareestudio:testIamPermissions [none]
[2026-09-12T16:15:41.605Z] >>> [apiv2][(partial)header] POST https://cloudresourcemanager.googleapis.com/v1/projects/eshwesareestudio:testIamPermissions  x-goog-user-project=eshwesareestudio
[2026-09-12T16:15:41.605Z] >>> [apiv2][body] POST https://cloudresourcemanager.googleapis.com/v1/projects/eshwesareestudio:testIamPermissions {"permissions":["firebase.projects.get","firebaseextensions.instances.list"]}
[2026-09-12T16:15:42.890Z] <<< [apiv2][status] POST https://cloudresourcemanager.googleapis.com/v1/projects/eshwesareestudio:testIamPermissions 200
[2026-09-12T16:15:42.891Z] <<< [apiv2][body] POST https://cloudresourcemanager.googleapis.com/v1/projects/eshwesareestudio:testIamPermissions {"permissions":["firebase.projects.get","firebaseextensions.instances.list"]}
[2026-09-12T16:15:42.892Z] Checked if tokens are valid: true, expires at: 1789232947367
[2026-09-12T16:15:42.892Z] Checked if tokens are valid: true, expires at: 1789232947367
[2026-09-12T16:15:42.892Z] >>> [apiv2][query] GET https://firebaseextensions.googleapis.com/v1beta/projects/eshwesareestudio/instances pageSize=100&pageToken=
[2026-09-12T16:15:44.486Z] <<< [apiv2][status] GET https://firebaseextensions.googleapis.com/v1beta/projects/eshwesareestudio/instances 200
[2026-09-12T16:15:44.486Z] <<< [apiv2][body] GET https://firebaseextensions.googleapis.com/v1beta/projects/eshwesareestudio/instances {}
[2026-09-12T16:15:44.487Z] Attempting to merge .env secret bindings {} into declared secrets...)}
[2026-09-12T16:15:44.487Z] sendContactEmailNotification declared secrets: [{"key":"CONTACT_SMTP_PASSWORD","secret":"CONTACT_SMTP_PASSWORD","projectId":"eshwesareestudio"}]
[2026-09-12T16:15:44.488Z] sendCustomerOtp declared secrets: [{"key":"MSG91_AUTH_KEY","secret":"MSG91_AUTH_KEY","projectId":"eshwesareestudio"},{"key":"MSG91_OTP_TEMPLATE_ID","secret":"MSG91_OTP_TEMPLATE_ID","projectId":"eshwesareestudio"}]
[2026-09-12T16:15:44.488Z] verifyCustomerOtp declared secrets: undefined
[2026-09-12T16:15:44.488Z] createRazorpayOrder declared secrets: [{"key":"RAZORPAY_KEY_ID","secret":"RAZORPAY_KEY_ID","projectId":"eshwesareestudio"},{"key":"RAZORPAY_KEY_SECRET","secret":"RAZORPAY_KEY_SECRET","projectId":"eshwesareestudio"}]
[2026-09-12T16:15:44.488Z] verifyRazorpayPayment declared secrets: [{"key":"RAZORPAY_KEY_SECRET","secret":"RAZORPAY_KEY_SECRET","projectId":"eshwesareestudio"},{"key":"RAZORPAY_KEY_ID","secret":"RAZORPAY_KEY_ID","projectId":"eshwesareestudio"}]
[2026-09-12T16:15:44.488Z] razorpayAppCallback declared secrets: [{"key":"RAZORPAY_KEY_SECRET","secret":"RAZORPAY_KEY_SECRET","projectId":"eshwesareestudio"},{"key":"RAZORPAY_KEY_ID","secret":"RAZORPAY_KEY_ID","projectId":"eshwesareestudio"}]
[2026-09-12T16:15:44.488Z] razorpayWebhook declared secrets: [{"key":"RAZORPAY_WEBHOOK_SECRET","secret":"RAZORPAY_WEBHOOK_SECRET","projectId":"eshwesareestudio"},{"key":"RAZORPAY_KEY_ID","secret":"RAZORPAY_KEY_ID","projectId":"eshwesareestudio"},{"key":"RAZORPAY_KEY_SECRET","secret":"RAZORPAY_KEY_SECRET","projectId":"eshwesareestudio"}]
[2026-09-12T16:15:44.488Z] checkoutStatus declared secrets: [{"key":"RAZORPAY_KEY_ID","secret":"RAZORPAY_KEY_ID","projectId":"eshwesareestudio"},{"key":"RAZORPAY_KEY_SECRET","secret":"RAZORPAY_KEY_SECRET","projectId":"eshwesareestudio"}]
[2026-09-12T16:15:44.488Z] ownerOrderAction declared secrets: [{"key":"RAZORPAY_KEY_ID","secret":"RAZORPAY_KEY_ID","projectId":"eshwesareestudio"},{"key":"RAZORPAY_KEY_SECRET","secret":"RAZORPAY_KEY_SECRET","projectId":"eshwesareestudio"}]
[2026-09-12T16:15:44.488Z] ownerProductAction declared secrets: undefined
[2026-09-12T16:15:44.488Z] reconcileCheckoutOrders declared secrets: [{"key":"RAZORPAY_KEY_ID","secret":"RAZORPAY_KEY_ID","projectId":"eshwesareestudio"},{"key":"RAZORPAY_KEY_SECRET","secret":"RAZORPAY_KEY_SECRET","projectId":"eshwesareestudio"}]
[2026-09-12T16:15:44.490Z] Checked if tokens are valid: true, expires at: 1789232947367
[2026-09-12T16:15:44.490Z] Checked if tokens are valid: true, expires at: 1789232947367
[2026-09-12T16:15:44.490Z] >>> [apiv2][query] GET https://secretmanager.googleapis.com/v1/projects/eshwesareestudio/secrets/RAZORPAY_KEY_ID [none]
[2026-09-12T16:15:45.163Z] <<< [apiv2][status] GET https://secretmanager.googleapis.com/v1/projects/eshwesareestudio/secrets/RAZORPAY_KEY_ID 200
[2026-09-12T16:15:45.163Z] <<< [apiv2][body] GET https://secretmanager.googleapis.com/v1/projects/eshwesareestudio/secrets/RAZORPAY_KEY_ID {"name":"projects/106884158684/secrets/RAZORPAY_KEY_ID","replication":{"automatic":{}},"createTime":"2026-08-23T15:31:22.421409Z","labels":{"firebase-managed":"functions"},"etag":"\"1659b88ff1fadb\""}
[2026-09-12T16:15:45.164Z] Checked if tokens are valid: true, expires at: 1789232947367
[2026-09-12T16:15:45.164Z] Checked if tokens are valid: true, expires at: 1789232947367
[2026-09-12T16:15:45.164Z] >>> [apiv2][query] GET https://secretmanager.googleapis.com/v1/projects/eshwesareestudio/secrets/RAZORPAY_KEY_ID/versions/latest [none]
[2026-09-12T16:15:45.603Z] <<< [apiv2][status] GET https://secretmanager.googleapis.com/v1/projects/eshwesareestudio/secrets/RAZORPAY_KEY_ID/versions/latest 200
[2026-09-12T16:15:45.603Z] <<< [apiv2][body] GET https://secretmanager.googleapis.com/v1/projects/eshwesareestudio/secrets/RAZORPAY_KEY_ID/versions/latest {"name":"projects/106884158684/secrets/RAZORPAY_KEY_ID/versions/4","createTime":"2026-08-24T12:41:22.153047Z","state":"ENABLED","replicationStatus":{"automatic":{}},"etag":"\"1659ca4db3b657\""}
[2026-09-12T16:15:45.604Z] Checked if tokens are valid: true, expires at: 1789232947367
[2026-09-12T16:15:45.604Z] Checked if tokens are valid: true, expires at: 1789232947367
[2026-09-12T16:15:45.604Z] >>> [apiv2][query] GET https://secretmanager.googleapis.com/v1/projects/eshwesareestudio/secrets/RAZORPAY_KEY_SECRET [none]
[2026-09-12T16:15:46.084Z] <<< [apiv2][status] GET https://secretmanager.googleapis.com/v1/projects/eshwesareestudio/secrets/RAZORPAY_KEY_SECRET 200
[2026-09-12T16:15:46.084Z] <<< [apiv2][body] GET https://secretmanager.googleapis.com/v1/projects/eshwesareestudio/secrets/RAZORPAY_KEY_SECRET {"name":"projects/106884158684/secrets/RAZORPAY_KEY_SECRET","replication":{"automatic":{}},"createTime":"2026-08-23T15:44:51.119212Z","labels":{"firebase-managed":"functions"},"etag":"\"1659b8c025b7ec\""}
[2026-09-12T16:15:46.085Z] Checked if tokens are valid: true, expires at: 1789232947367
[2026-09-12T16:15:46.085Z] Checked if tokens are valid: true, expires at: 1789232947367
[2026-09-12T16:15:46.085Z] >>> [apiv2][query] GET https://secretmanager.googleapis.com/v1/projects/eshwesareestudio/secrets/RAZORPAY_KEY_SECRET/versions/latest [none]
[2026-09-12T16:15:46.497Z] <<< [apiv2][status] GET https://secretmanager.googleapis.com/v1/projects/eshwesareestudio/secrets/RAZORPAY_KEY_SECRET/versions/latest 200
[2026-09-12T16:15:46.497Z] <<< [apiv2][body] GET https://secretmanager.googleapis.com/v1/projects/eshwesareestudio/secrets/RAZORPAY_KEY_SECRET/versions/latest {"name":"projects/106884158684/secrets/RAZORPAY_KEY_SECRET/versions/4","createTime":"2026-08-24T12:41:18.663101Z","state":"ENABLED","replicationStatus":{"automatic":{}},"etag":"\"1659ca4d7e75bd\""}
[2026-09-12T16:15:46.498Z] Checked if tokens are valid: true, expires at: 1789232947367
[2026-09-12T16:15:46.498Z] Checked if tokens are valid: true, expires at: 1789232947367
[2026-09-12T16:15:46.498Z] >>> [apiv2][query] GET https://secretmanager.googleapis.com/v1/projects/eshwesareestudio/secrets/RAZORPAY_WEBHOOK_SECRET [none]
[2026-09-12T16:15:46.896Z] <<< [apiv2][status] GET https://secretmanager.googleapis.com/v1/projects/eshwesareestudio/secrets/RAZORPAY_WEBHOOK_SECRET 200
[2026-09-12T16:15:46.896Z] <<< [apiv2][body] GET https://secretmanager.googleapis.com/v1/projects/eshwesareestudio/secrets/RAZORPAY_WEBHOOK_SECRET {"name":"projects/106884158684/secrets/RAZORPAY_WEBHOOK_SECRET","replication":{"automatic":{}},"createTime":"2026-08-23T15:45:15.338627Z","labels":{"firebase-managed":"functions"},"etag":"\"1659b8c1975c41\""}
[2026-09-12T16:15:46.896Z] Checked if tokens are valid: true, expires at: 1789232947367
[2026-09-12T16:15:46.896Z] Checked if tokens are valid: true, expires at: 1789232947367
[2026-09-12T16:15:46.896Z] >>> [apiv2][query] GET https://secretmanager.googleapis.com/v1/projects/eshwesareestudio/secrets/RAZORPAY_WEBHOOK_SECRET/versions/latest [none]
[2026-09-12T16:15:47.289Z] <<< [apiv2][status] GET https://secretmanager.googleapis.com/v1/projects/eshwesareestudio/secrets/RAZORPAY_WEBHOOK_SECRET/versions/latest 200
[2026-09-12T16:15:47.289Z] <<< [apiv2][body] GET https://secretmanager.googleapis.com/v1/projects/eshwesareestudio/secrets/RAZORPAY_WEBHOOK_SECRET/versions/latest {"name":"projects/106884158684/secrets/RAZORPAY_WEBHOOK_SECRET/versions/2","createTime":"2026-08-24T12:52:32.991017Z","state":"ENABLED","replicationStatus":{"automatic":{}},"etag":"\"1659ca75afe329\""}
[2026-09-12T16:15:47.290Z] Checked if tokens are valid: true, expires at: 1789232947367
[2026-09-12T16:15:47.290Z] Checked if tokens are valid: true, expires at: 1789232947367
[2026-09-12T16:15:47.290Z] >>> [apiv2][query] GET https://secretmanager.googleapis.com/v1/projects/eshwesareestudio/secrets/MSG91_AUTH_KEY [none]
[2026-09-12T16:15:47.615Z] <<< [apiv2][status] GET https://secretmanager.googleapis.com/v1/projects/eshwesareestudio/secrets/MSG91_AUTH_KEY 200
[2026-09-12T16:15:47.615Z] <<< [apiv2][body] GET https://secretmanager.googleapis.com/v1/projects/eshwesareestudio/secrets/MSG91_AUTH_KEY {"name":"projects/106884158684/secrets/MSG91_AUTH_KEY","replication":{"automatic":{}},"createTime":"2026-08-30T10:21:44.757544Z","labels":{"firebase-managed":"functions"},"etag":"\"165a410d9080c7\""}
[2026-09-12T16:15:47.616Z] Checked if tokens are valid: true, expires at: 1789232947367
[2026-09-12T16:15:47.616Z] Checked if tokens are valid: true, expires at: 1789232947367
[2026-09-12T16:15:47.616Z] >>> [apiv2][query] GET https://secretmanager.googleapis.com/v1/projects/eshwesareestudio/secrets/MSG91_AUTH_KEY/versions/latest [none]
[2026-09-12T16:15:48.011Z] <<< [apiv2][status] GET https://secretmanager.googleapis.com/v1/projects/eshwesareestudio/secrets/MSG91_AUTH_KEY/versions/latest 200
[2026-09-12T16:15:48.011Z] <<< [apiv2][body] GET https://secretmanager.googleapis.com/v1/projects/eshwesareestudio/secrets/MSG91_AUTH_KEY/versions/latest {"name":"projects/106884158684/secrets/MSG91_AUTH_KEY/versions/1","createTime":"2026-08-30T10:24:04.160339Z","state":"ENABLED","replicationStatus":{"automatic":{}},"etag":"\"165a4115ba2b53\""}
[2026-09-12T16:15:48.011Z] Checked if tokens are valid: true, expires at: 1789232947367
[2026-09-12T16:15:48.012Z] Checked if tokens are valid: true, expires at: 1789232947367
[2026-09-12T16:15:48.012Z] >>> [apiv2][query] GET https://secretmanager.googleapis.com/v1/projects/eshwesareestudio/secrets/MSG91_OTP_TEMPLATE_ID [none]
[2026-09-12T16:15:48.336Z] <<< [apiv2][status] GET https://secretmanager.googleapis.com/v1/projects/eshwesareestudio/secrets/MSG91_OTP_TEMPLATE_ID 200
[2026-09-12T16:15:48.337Z] <<< [apiv2][body] GET https://secretmanager.googleapis.com/v1/projects/eshwesareestudio/secrets/MSG91_OTP_TEMPLATE_ID {"name":"projects/106884158684/secrets/MSG91_OTP_TEMPLATE_ID","replication":{"automatic":{}},"createTime":"2026-08-30T10:24:00.166598Z","labels":{"firebase-managed":"functions"},"etag":"\"165a4115a418d8\""}
[2026-09-12T16:15:48.337Z] Checked if tokens are valid: true, expires at: 1789232947367
[2026-09-12T16:15:48.337Z] Checked if tokens are valid: true, expires at: 1789232947367
[2026-09-12T16:15:48.337Z] >>> [apiv2][query] GET https://secretmanager.googleapis.com/v1/projects/eshwesareestudio/secrets/MSG91_OTP_TEMPLATE_ID/versions/latest [none]
[2026-09-12T16:15:48.664Z] <<< [apiv2][status] GET https://secretmanager.googleapis.com/v1/projects/eshwesareestudio/secrets/MSG91_OTP_TEMPLATE_ID/versions/latest 200
[2026-09-12T16:15:48.664Z] <<< [apiv2][body] GET https://secretmanager.googleapis.com/v1/projects/eshwesareestudio/secrets/MSG91_OTP_TEMPLATE_ID/versions/latest {"name":"projects/106884158684/secrets/MSG91_OTP_TEMPLATE_ID/versions/2","createTime":"2026-09-10T13:25:13.580012Z","state":"ENABLED","replicationStatus":{"automatic":{}},"etag":"\"165b20e5d979ec\""}
[2026-09-12T16:15:48.664Z] Checked if tokens are valid: true, expires at: 1789232947367
[2026-09-12T16:15:48.664Z] Checked if tokens are valid: true, expires at: 1789232947367
[2026-09-12T16:15:48.664Z] >>> [apiv2][query] GET https://secretmanager.googleapis.com/v1/projects/eshwesareestudio/secrets/CONTACT_SMTP_PASSWORD [none]
[2026-09-12T16:15:49.050Z] <<< [apiv2][status] GET https://secretmanager.googleapis.com/v1/projects/eshwesareestudio/secrets/CONTACT_SMTP_PASSWORD 200
[2026-09-12T16:15:49.051Z] <<< [apiv2][body] GET https://secretmanager.googleapis.com/v1/projects/eshwesareestudio/secrets/CONTACT_SMTP_PASSWORD {"name":"projects/106884158684/secrets/CONTACT_SMTP_PASSWORD","replication":{"automatic":{}},"createTime":"2026-09-05T08:12:17.084585Z","labels":{"firebase-managed":"functions"},"etag":"\"165ab7f1a0fb99\""}
[2026-09-12T16:15:49.051Z] Checked if tokens are valid: true, expires at: 1789232947367
[2026-09-12T16:15:49.051Z] Checked if tokens are valid: true, expires at: 1789232947367
[2026-09-12T16:15:49.051Z] >>> [apiv2][query] GET https://secretmanager.googleapis.com/v1/projects/eshwesareestudio/secrets/CONTACT_SMTP_PASSWORD/versions/latest [none]
[2026-09-12T16:15:49.463Z] <<< [apiv2][status] GET https://secretmanager.googleapis.com/v1/projects/eshwesareestudio/secrets/CONTACT_SMTP_PASSWORD/versions/latest 200
[2026-09-12T16:15:49.463Z] <<< [apiv2][body] GET https://secretmanager.googleapis.com/v1/projects/eshwesareestudio/secrets/CONTACT_SMTP_PASSWORD/versions/latest {"name":"projects/106884158684/secrets/CONTACT_SMTP_PASSWORD/versions/1","createTime":"2026-09-05T08:12:43.717984Z","state":"ENABLED","replicationStatus":{"automatic":{}},"etag":"\"165ab7f3106960\""}
i  functions: preparing functions directory for uploading...
i  functions: packaged /Users/ajayghosh/Desktop/eshwe/functions (54.02 KB) for uploading
[2026-09-12T16:15:49.508Z] Checked if tokens are valid: true, expires at: 1789232947367
[2026-09-12T16:15:49.509Z] Checked if tokens are valid: true, expires at: 1789232947367
[2026-09-12T16:15:49.509Z] >>> [apiv2][query] GET https://firestore.googleapis.com/v1/projects/eshwesareestudio/databases/(default) [none]
[2026-09-12T16:15:51.133Z] <<< [apiv2][status] GET https://firestore.googleapis.com/v1/projects/eshwesareestudio/databases/(default) 200
[2026-09-12T16:15:51.133Z] <<< [apiv2][body] GET https://firestore.googleapis.com/v1/projects/eshwesareestudio/databases/(default) {"name":"projects/eshwesareestudio/databases/(default)","uid":"98a0a22f-5f1f-4203-a639-f4ad5cbebc46","createTime":"2026-08-06T14:29:20.329319Z","updateTime":"2026-08-06T14:29:20.329319Z","locationId":"nam5","type":"FIRESTORE_NATIVE","concurrencyMode":"PESSIMISTIC","versionRetentionPeriod":"3600s","earliestVersionTime":"2026-09-12T15:15:51.059865Z","appEngineIntegrationMode":"DISABLED","keyPrefix":"s","pointInTimeRecoveryEnablement":"POINT_IN_TIME_RECOVERY_DISABLED","deleteProtectionState":"DELETE_PROTECTION_DISABLED","databaseEdition":"STANDARD","freeTier":true,"realtimeUpdatesMode":"REALTIME_UPDATES_MODE_ENABLED","enhancedTextSearchQueryMode":"ENHANCED_QUERY_MODE_ENABLED","etag":"IKmF75246ZYDMJmPp7qbjJYD"}
i  functions: ensuring required API cloudscheduler.googleapis.com is enabled...
[2026-09-12T16:15:51.139Z] Checked if tokens are valid: true, expires at: 1789232947367
[2026-09-12T16:15:51.139Z] Checked if tokens are valid: true, expires at: 1789232947367
[2026-09-12T16:15:51.139Z] >>> [apiv2][query] GET https://serviceusage.googleapis.com/v1/projects/106884158684/services/cloudscheduler.googleapis.com [none]
[2026-09-12T16:15:51.139Z] >>> [apiv2][(partial)header] GET https://serviceusage.googleapis.com/v1/projects/106884158684/services/cloudscheduler.googleapis.com  x-goog-user-project=106884158684
[2026-09-12T16:15:52.843Z] <<< [apiv2][status] GET https://serviceusage.googleapis.com/v1/projects/106884158684/services/cloudscheduler.googleapis.com 200
[2026-09-12T16:15:52.844Z] <<< [apiv2][body] GET https://serviceusage.googleapis.com/v1/projects/106884158684/services/cloudscheduler.googleapis.com [omitted]
⚠  functions: missing required API cloudscheduler.googleapis.com. Enabling now...
[2026-09-12T16:15:52.848Z] Checked if tokens are valid: true, expires at: 1789232947367
[2026-09-12T16:15:52.848Z] Checked if tokens are valid: true, expires at: 1789232947367
[2026-09-12T16:15:52.848Z] >>> [apiv2][query] POST https://serviceusage.googleapis.com/v1/projects/106884158684/services/cloudscheduler.googleapis.com:enable [none]
[2026-09-12T16:15:52.848Z] >>> [apiv2][(partial)header] POST https://serviceusage.googleapis.com/v1/projects/106884158684/services/cloudscheduler.googleapis.com:enable  x-goog-user-project=106884158684
[2026-09-12T16:15:54.891Z] <<< [apiv2][status] POST https://serviceusage.googleapis.com/v1/projects/106884158684/services/cloudscheduler.googleapis.com:enable 200
[2026-09-12T16:15:54.891Z] <<< [apiv2][body] POST https://serviceusage.googleapis.com/v1/projects/106884158684/services/cloudscheduler.googleapis.com:enable [omitted]
i  functions: ensuring required API run.googleapis.com is enabled...
i  functions: ensuring required API eventarc.googleapis.com is enabled...
i  functions: ensuring required API pubsub.googleapis.com is enabled...
i  functions: ensuring required API storage.googleapis.com is enabled...
i  functions: generating the service identity for pubsub.googleapis.com...
[2026-09-12T16:16:04.921Z] Checked if tokens are valid: true, expires at: 1789232947367
[2026-09-12T16:16:04.921Z] Checked if tokens are valid: true, expires at: 1789232947367
i  functions: generating the service identity for eventarc.googleapis.com...
[2026-09-12T16:16:04.921Z] Checked if tokens are valid: true, expires at: 1789232947367
[2026-09-12T16:16:04.921Z] Checked if tokens are valid: true, expires at: 1789232947367
[2026-09-12T16:16:04.921Z] >>> [apiv2][query] POST https://serviceusage.googleapis.com/v1beta1/projects/106884158684/services/pubsub.googleapis.com:generateServiceIdentity [none]
[2026-09-12T16:16:04.921Z] >>> [apiv2][(partial)header] POST https://serviceusage.googleapis.com/v1beta1/projects/106884158684/services/pubsub.googleapis.com:generateServiceIdentity  x-goog-user-project=106884158684
[2026-09-12T16:16:04.921Z] >>> [apiv2][body] POST https://serviceusage.googleapis.com/v1beta1/projects/106884158684/services/pubsub.googleapis.com:generateServiceIdentity {}
[2026-09-12T16:16:04.923Z] >>> [apiv2][query] POST https://serviceusage.googleapis.com/v1beta1/projects/106884158684/services/eventarc.googleapis.com:generateServiceIdentity [none]
[2026-09-12T16:16:04.923Z] >>> [apiv2][(partial)header] POST https://serviceusage.googleapis.com/v1beta1/projects/106884158684/services/eventarc.googleapis.com:generateServiceIdentity  x-goog-user-project=106884158684
[2026-09-12T16:16:04.923Z] >>> [apiv2][body] POST https://serviceusage.googleapis.com/v1beta1/projects/106884158684/services/eventarc.googleapis.com:generateServiceIdentity {}
[2026-09-12T16:16:06.753Z] <<< [apiv2][status] POST https://serviceusage.googleapis.com/v1beta1/projects/106884158684/services/pubsub.googleapis.com:generateServiceIdentity 200
[2026-09-12T16:16:06.753Z] <<< [apiv2][body] POST https://serviceusage.googleapis.com/v1beta1/projects/106884158684/services/pubsub.googleapis.com:generateServiceIdentity {"name":"operations/finished.DONE_OPERATION","done":true,"response":{"@type":"type.googleapis.com/google.api.serviceusage.v1beta1.ServiceIdentity","email":"service-106884158684@gcp-sa-pubsub.iam.gserviceaccount.com","uniqueId":"108338151948998983744"}}
[2026-09-12T16:16:06.763Z] <<< [apiv2][status] POST https://serviceusage.googleapis.com/v1beta1/projects/106884158684/services/eventarc.googleapis.com:generateServiceIdentity 200
[2026-09-12T16:16:06.764Z] <<< [apiv2][body] POST https://serviceusage.googleapis.com/v1beta1/projects/106884158684/services/eventarc.googleapis.com:generateServiceIdentity {"name":"operations/finished.DONE_OPERATION","done":true,"response":{"@type":"type.googleapis.com/google.api.serviceusage.v1beta1.ServiceIdentity","email":"service-106884158684@gcp-sa-eventarc.iam.gserviceaccount.com","uniqueId":"106935300855984376617"}}
i  functions: ensuring required API secretmanager.googleapis.com is enabled...
[2026-09-12T16:16:06.766Z] Checked if tokens are valid: true, expires at: 1789232947367
[2026-09-12T16:16:06.766Z] Checked if tokens are valid: true, expires at: 1789232947367
[2026-09-12T16:16:06.766Z] Checked if tokens are valid: true, expires at: 1789232947367
[2026-09-12T16:16:06.766Z] Checked if tokens are valid: true, expires at: 1789232947367
[2026-09-12T16:16:06.767Z] Checked if tokens are valid: true, expires at: 1789232947367
[2026-09-12T16:16:06.767Z] Checked if tokens are valid: true, expires at: 1789232947367
[2026-09-12T16:16:06.767Z] Checked if tokens are valid: true, expires at: 1789232947367
[2026-09-12T16:16:06.767Z] Checked if tokens are valid: true, expires at: 1789232947367
[2026-09-12T16:16:06.767Z] Checked if tokens are valid: true, expires at: 1789232947367
[2026-09-12T16:16:06.767Z] Checked if tokens are valid: true, expires at: 1789232947367
[2026-09-12T16:16:06.767Z] Checked if tokens are valid: true, expires at: 1789232947367
[2026-09-12T16:16:06.767Z] Checked if tokens are valid: true, expires at: 1789232947367
[2026-09-12T16:16:06.767Z] >>> [apiv2][query] GET https://secretmanager.googleapis.com/v1/projects/eshwesareestudio/secrets/CONTACT_SMTP_PASSWORD/versions/latest [none]
[2026-09-12T16:16:06.768Z] >>> [apiv2][query] GET https://secretmanager.googleapis.com/v1/projects/eshwesareestudio/secrets/MSG91_AUTH_KEY/versions/latest [none]
[2026-09-12T16:16:06.771Z] >>> [apiv2][query] GET https://secretmanager.googleapis.com/v1/projects/eshwesareestudio/secrets/MSG91_OTP_TEMPLATE_ID/versions/latest [none]
[2026-09-12T16:16:06.773Z] >>> [apiv2][query] GET https://secretmanager.googleapis.com/v1/projects/eshwesareestudio/secrets/RAZORPAY_KEY_ID/versions/latest [none]
[2026-09-12T16:16:06.775Z] >>> [apiv2][query] GET https://secretmanager.googleapis.com/v1/projects/eshwesareestudio/secrets/RAZORPAY_KEY_SECRET/versions/latest [none]
[2026-09-12T16:16:06.776Z] >>> [apiv2][query] GET https://secretmanager.googleapis.com/v1/projects/eshwesareestudio/secrets/RAZORPAY_WEBHOOK_SECRET/versions/latest [none]
[2026-09-12T16:16:07.282Z] <<< [apiv2][status] GET https://secretmanager.googleapis.com/v1/projects/eshwesareestudio/secrets/RAZORPAY_WEBHOOK_SECRET/versions/latest 200
[2026-09-12T16:16:07.282Z] <<< [apiv2][body] GET https://secretmanager.googleapis.com/v1/projects/eshwesareestudio/secrets/RAZORPAY_WEBHOOK_SECRET/versions/latest {"name":"projects/106884158684/secrets/RAZORPAY_WEBHOOK_SECRET/versions/2","createTime":"2026-08-24T12:52:32.991017Z","state":"ENABLED","replicationStatus":{"automatic":{}},"etag":"\"1659ca75afe329\""}
[2026-09-12T16:16:07.283Z] Resolved latest secret version of RAZORPAY_WEBHOOK_SECRET to 2.
[2026-09-12T16:16:07.284Z] <<< [apiv2][status] GET https://secretmanager.googleapis.com/v1/projects/eshwesareestudio/secrets/MSG91_AUTH_KEY/versions/latest 200
[2026-09-12T16:16:07.284Z] <<< [apiv2][body] GET https://secretmanager.googleapis.com/v1/projects/eshwesareestudio/secrets/MSG91_AUTH_KEY/versions/latest {"name":"projects/106884158684/secrets/MSG91_AUTH_KEY/versions/1","createTime":"2026-08-30T10:24:04.160339Z","state":"ENABLED","replicationStatus":{"automatic":{}},"etag":"\"165a4115ba2b53\""}
[2026-09-12T16:16:07.284Z] Resolved latest secret version of MSG91_AUTH_KEY to 1.
[2026-09-12T16:16:07.314Z] <<< [apiv2][status] GET https://secretmanager.googleapis.com/v1/projects/eshwesareestudio/secrets/RAZORPAY_KEY_SECRET/versions/latest 200
[2026-09-12T16:16:07.315Z] <<< [apiv2][body] GET https://secretmanager.googleapis.com/v1/projects/eshwesareestudio/secrets/RAZORPAY_KEY_SECRET/versions/latest {"name":"projects/106884158684/secrets/RAZORPAY_KEY_SECRET/versions/4","createTime":"2026-08-24T12:41:18.663101Z","state":"ENABLED","replicationStatus":{"automatic":{}},"etag":"\"1659ca4d7e75bd\""}
[2026-09-12T16:16:07.315Z] Resolved latest secret version of RAZORPAY_KEY_SECRET to 4.
[2026-09-12T16:16:07.316Z] <<< [apiv2][status] GET https://secretmanager.googleapis.com/v1/projects/eshwesareestudio/secrets/CONTACT_SMTP_PASSWORD/versions/latest 200
[2026-09-12T16:16:07.316Z] <<< [apiv2][body] GET https://secretmanager.googleapis.com/v1/projects/eshwesareestudio/secrets/CONTACT_SMTP_PASSWORD/versions/latest {"name":"projects/106884158684/secrets/CONTACT_SMTP_PASSWORD/versions/1","createTime":"2026-09-05T08:12:43.717984Z","state":"ENABLED","replicationStatus":{"automatic":{}},"etag":"\"165ab7f3106960\""}
[2026-09-12T16:16:07.316Z] Resolved latest secret version of CONTACT_SMTP_PASSWORD to 1.
[2026-09-12T16:16:07.587Z] <<< [apiv2][status] GET https://secretmanager.googleapis.com/v1/projects/eshwesareestudio/secrets/RAZORPAY_KEY_ID/versions/latest 200
[2026-09-12T16:16:07.588Z] <<< [apiv2][body] GET https://secretmanager.googleapis.com/v1/projects/eshwesareestudio/secrets/RAZORPAY_KEY_ID/versions/latest {"name":"projects/106884158684/secrets/RAZORPAY_KEY_ID/versions/4","createTime":"2026-08-24T12:41:22.153047Z","state":"ENABLED","replicationStatus":{"automatic":{}},"etag":"\"1659ca4db3b657\""}
[2026-09-12T16:16:07.588Z] Resolved latest secret version of RAZORPAY_KEY_ID to 4.
[2026-09-12T16:16:07.792Z] <<< [apiv2][status] GET https://secretmanager.googleapis.com/v1/projects/eshwesareestudio/secrets/MSG91_OTP_TEMPLATE_ID/versions/latest 200
[2026-09-12T16:16:07.792Z] <<< [apiv2][body] GET https://secretmanager.googleapis.com/v1/projects/eshwesareestudio/secrets/MSG91_OTP_TEMPLATE_ID/versions/latest {"name":"projects/106884158684/secrets/MSG91_OTP_TEMPLATE_ID/versions/2","createTime":"2026-09-10T13:25:13.580012Z","state":"ENABLED","replicationStatus":{"automatic":{}},"etag":"\"165b20e5d979ec\""}
[2026-09-12T16:16:07.792Z] Resolved latest secret version of MSG91_OTP_TEMPLATE_ID to 2.
[2026-09-12T16:16:07.798Z] Checked if tokens are valid: true, expires at: 1789232947367
[2026-09-12T16:16:07.799Z] Checked if tokens are valid: true, expires at: 1789232947367
[2026-09-12T16:16:07.799Z] >>> [apiv2][query] GET https://cloudbilling.googleapis.com/v1/projects/eshwesareestudio/billingInfo [none]
[2026-09-12T16:16:07.799Z] >>> [apiv2][(partial)header] GET https://cloudbilling.googleapis.com/v1/projects/eshwesareestudio/billingInfo  x-goog-user-project=eshwesareestudio
[2026-09-12T16:16:08.200Z] <<< [apiv2][status] GET https://cloudbilling.googleapis.com/v1/projects/eshwesareestudio/billingInfo 200
[2026-09-12T16:16:08.200Z] <<< [apiv2][body] GET https://cloudbilling.googleapis.com/v1/projects/eshwesareestudio/billingInfo {"name":"projects/eshwesareestudio/billingInfo","projectId":"eshwesareestudio","billingAccountName":"billingAccounts/010B77-91F772-A5BDA4","billingEnabled":true}
[2026-09-12T16:16:08.201Z] [functions] found 3 new HTTP functions, testing setIamPolicy permission...
[2026-09-12T16:16:08.201Z] Checked if tokens are valid: true, expires at: 1789232947367
[2026-09-12T16:16:08.201Z] Checked if tokens are valid: true, expires at: 1789232947367
[2026-09-12T16:16:08.202Z] >>> [apiv2][query] POST https://cloudresourcemanager.googleapis.com/v1/projects/eshwesareestudio:testIamPermissions [none]
[2026-09-12T16:16:08.202Z] >>> [apiv2][(partial)header] POST https://cloudresourcemanager.googleapis.com/v1/projects/eshwesareestudio:testIamPermissions  x-goog-user-project=eshwesareestudio
[2026-09-12T16:16:08.202Z] >>> [apiv2][body] POST https://cloudresourcemanager.googleapis.com/v1/projects/eshwesareestudio:testIamPermissions {"permissions":["cloudfunctions.functions.setIamPolicy"]}
[2026-09-12T16:16:09.532Z] <<< [apiv2][status] POST https://cloudresourcemanager.googleapis.com/v1/projects/eshwesareestudio:testIamPermissions 200
[2026-09-12T16:16:09.532Z] <<< [apiv2][body] POST https://cloudresourcemanager.googleapis.com/v1/projects/eshwesareestudio:testIamPermissions {"permissions":["cloudfunctions.functions.setIamPolicy"]}
[2026-09-12T16:16:09.532Z] [functions] found setIamPolicy permission, proceeding with deploy
[2026-09-12T16:16:09.533Z] Checked if tokens are valid: true, expires at: 1789232947367
[2026-09-12T16:16:09.533Z] Checked if tokens are valid: true, expires at: 1789232947367
[2026-09-12T16:16:09.534Z] >>> [apiv2][query] POST https://cloudfunctions.googleapis.com/v2/projects/eshwesareestudio/locations/asia-south1/functions:generateUploadUrl [none]
[2026-09-12T16:16:10.353Z] <<< [apiv2][status] POST https://cloudfunctions.googleapis.com/v2/projects/eshwesareestudio/locations/asia-south1/functions:generateUploadUrl 200
[2026-09-12T16:16:10.353Z] <<< [apiv2][body] POST https://cloudfunctions.googleapis.com/v2/projects/eshwesareestudio/locations/asia-south1/functions:generateUploadUrl {"uploadUrl":"[REDACTED_SIGNED_UPLOAD_URL]","storageSource":{"bucket":"gcf-v2-uploads-106884158684.asia-south1.cloudfunctions.appspot.com","object":"e2a398fd-16ad-4500-b33d-bb5b4cbdec21.zip"}}
[2026-09-12T16:16:10.354Z] >>> [apiv2][query] PUT https://storage.googleapis.com/gcf-v2-uploads-106884158684.asia-south1.cloudfunctions.appspot.com/e2a398fd-16ad-4500-b33d-bb5b4cbdec21.zip GoogleAccessId=service-106884158684%40gcf-admin-robot.iam.gserviceaccount.com&Expires=1789231570&Signature=QIqsfCP%2FT4phrv%2BSWthckgDgXCUBsoyNwAFbnYUemw3%2Fc1Rh6pereIPcKiW2MWU%2FCq9C%2BvHeqLWzsOFd2Lhgzy9Lz9C1d9VDhw2SVBdYYjSQDy1kEmkoOPmCZJTYpfEQA4oCv%2FosemG0PkGtrirkTYF0t7n2CSZJz4pwRkk7%2FyoSymFFc%2F1k%2BXCKRKyVHRZXFeZdEAtYxmBneIMSaJUkBh1j6JvdXX2K5lsHAHGpmlDpEi5ll0fbm0r%2B6yrEcy%2FYYrLYkfQjNDD%2FeIriax68aCSVqWtEexwm%2B2NSwhLim0FBj8PiMtVRo2PoZO4AGWkPjZ9TxFhdQEjjdsfnhRaWCQ%3D%3D
[2026-09-12T16:16:10.354Z] >>> [apiv2][body] PUT https://storage.googleapis.com/gcf-v2-uploads-106884158684.asia-south1.cloudfunctions.appspot.com/e2a398fd-16ad-4500-b33d-bb5b4cbdec21.zip [stream]
[2026-09-12T16:16:10.663Z] <<< [apiv2][status] PUT https://storage.googleapis.com/gcf-v2-uploads-106884158684.asia-south1.cloudfunctions.appspot.com/e2a398fd-16ad-4500-b33d-bb5b4cbdec21.zip 200
[2026-09-12T16:16:10.664Z] <<< [apiv2][body] PUT https://storage.googleapis.com/gcf-v2-uploads-106884158684.asia-south1.cloudfunctions.appspot.com/e2a398fd-16ad-4500-b33d-bb5b4cbdec21.zip [omitted]
✔  functions: functions source uploaded successfully
[2026-09-12T16:16:10.670Z] Checked if tokens are valid: true, expires at: 1789232947367
[2026-09-12T16:16:10.670Z] Checked if tokens are valid: true, expires at: 1789232947367
[2026-09-12T16:16:10.670Z] >>> [apiv2][query] GET https://cloudresourcemanager.googleapis.com/v1/projects/eshwesareestudio [none]
[2026-09-12T16:16:11.117Z] <<< [apiv2][status] GET https://cloudresourcemanager.googleapis.com/v1/projects/eshwesareestudio 200
[2026-09-12T16:16:11.117Z] <<< [apiv2][body] GET https://cloudresourcemanager.googleapis.com/v1/projects/eshwesareestudio {"projectNumber":"106884158684","projectId":"eshwesareestudio","lifecycleState":"ACTIVE","name":"eshwe","labels":{"firebase":"enabled","firebase-core":"disabled"},"createTime":"2026-08-06T14:09:19.636Z"}
[2026-09-12T16:16:11.117Z] Checked if tokens are valid: true, expires at: 1789232947367
[2026-09-12T16:16:11.118Z] Checked if tokens are valid: true, expires at: 1789232947367
[2026-09-12T16:16:11.118Z] >>> [apiv2][query] GET https://compute.googleapis.com/compute/v1/projects/106884158684 [none]
[2026-09-12T16:16:11.584Z] <<< [apiv2][status] GET https://compute.googleapis.com/compute/v1/projects/106884158684 403
[2026-09-12T16:16:11.584Z] <<< [apiv2][body] GET https://compute.googleapis.com/compute/v1/projects/106884158684 {"error":{"code":403,"message":"Compute Engine API has not been used in project 106884158684 before or it is disabled. Enable it by visiting https://console.developers.google.com/apis/api/compute.googleapis.com/overview?project=106884158684 then retry. If you enabled this API recently, wait a few minutes for the action to propagate to our systems and retry.","errors":[{"message":"Compute Engine API has not been used in project 106884158684 before or it is disabled. Enable it by visiting https://console.developers.google.com/apis/api/compute.googleapis.com/overview?project=106884158684 then retry. If you enabled this API recently, wait a few minutes for the action to propagate to our systems and retry.","domain":"usageLimits","reason":"accessNotConfigured","extendedHelp":"https://console.developers.google.com"}],"status":"PERMISSION_DENIED","details":[{"@type":"type.googleapis.com/google.rpc.ErrorInfo","reason":"SERVICE_DISABLED","domain":"googleapis.com","metadata":{"consumer":"projects/106884158684","activationUrl":"https://console.developers.google.com/apis/api/compute.googleapis.com/overview?project=106884158684","serviceTitle":"Compute Engine API","service":"compute.googleapis.com","containerInfo":"106884158684"}},{"@type":"type.googleapis.com/google.rpc.LocalizedMessage","locale":"en-US","message":"Compute Engine API has not been used in project 106884158684 before or it is disabled. Enable it by visiting https://console.developers.google.com/apis/api/compute.googleapis.com/overview?project=106884158684 then retry. If you enabled this API recently, wait a few minutes for the action to propagate to our systems and retry."},{"@type":"type.googleapis.com/google.rpc.Help","links":[{"description":"Google developers console API activation","url":"https://console.developers.google.com/apis/api/compute.googleapis.com/overview?project=106884158684"}]}]}}
[2026-09-12T16:16:11.588Z] unable to look up default compute service account. Falling back to 106884158684-compute@developer.gserviceaccount.com. Error: {"name":"FirebaseError","children":[],"context":{"body":{"error":{"code":403,"message":"Compute Engine API has not been used in project 106884158684 before or it is disabled. Enable it by visiting https://console.developers.google.com/apis/api/compute.googleapis.com/overview?project=106884158684 then retry. If you enabled this API recently, wait a few minutes for the action to propagate to our systems and retry.","errors":[{"message":"Compute Engine API has not been used in project 106884158684 before or it is disabled. Enable it by visiting https://console.developers.google.com/apis/api/compute.googleapis.com/overview?project=106884158684 then retry. If you enabled this API recently, wait a few minutes for the action to propagate to our systems and retry.","domain":"usageLimits","reason":"accessNotConfigured","extendedHelp":"https://console.developers.google.com"}],"status":"PERMISSION_DENIED","details":[{"@type":"type.googleapis.com/google.rpc.ErrorInfo","reason":"SERVICE_DISABLED","domain":"googleapis.com","metadata":{"consumer":"projects/106884158684","activationUrl":"https://console.developers.google.com/apis/api/compute.googleapis.com/overview?project=106884158684","serviceTitle":"Compute Engine API","service":"compute.googleapis.com","containerInfo":"106884158684"}},{"@type":"type.googleapis.com/google.rpc.LocalizedMessage","locale":"en-US","message":"Compute Engine API has not been used in project 106884158684 before or it is disabled. Enable it by visiting https://console.developers.google.com/apis/api/compute.googleapis.com/overview?project=106884158684 then retry. If you enabled this API recently, wait a few minutes for the action to propagate to our systems and retry."},{"@type":"type.googleapis.com/google.rpc.Help","links":[{"description":"Google developers console API activation","url":"https://console.developers.google.com/apis/api/compute.googleapis.com/overview?project=106884158684"}]}]}},"response":{"statusCode":403}},"exit":1,"message":"Request to https://compute.googleapis.com/compute/v1/projects/106884158684 had HTTP Error: 403, Compute Engine API has not been used in project 106884158684 before or it is disabled. Enable it by visiting https://console.developers.google.com/apis/api/compute.googleapis.com/overview?project=106884158684 then retry. If you enabled this API recently, wait a few minutes for the action to propagate to our systems and retry.","status":403}
[2026-09-12T16:16:11.588Z] Checked if tokens are valid: true, expires at: 1789232947367
[2026-09-12T16:16:11.588Z] Checked if tokens are valid: true, expires at: 1789232947367
[2026-09-12T16:16:11.588Z] >>> [apiv2][query] GET https://compute.googleapis.com/compute/v1/projects/106884158684 [none]
[2026-09-12T16:16:11.908Z] <<< [apiv2][status] GET https://compute.googleapis.com/compute/v1/projects/106884158684 403
[2026-09-12T16:16:11.908Z] <<< [apiv2][body] GET https://compute.googleapis.com/compute/v1/projects/106884158684 {"error":{"code":403,"message":"Compute Engine API has not been used in project 106884158684 before or it is disabled. Enable it by visiting https://console.developers.google.com/apis/api/compute.googleapis.com/overview?project=106884158684 then retry. If you enabled this API recently, wait a few minutes for the action to propagate to our systems and retry.","errors":[{"message":"Compute Engine API has not been used in project 106884158684 before or it is disabled. Enable it by visiting https://console.developers.google.com/apis/api/compute.googleapis.com/overview?project=106884158684 then retry. If you enabled this API recently, wait a few minutes for the action to propagate to our systems and retry.","domain":"usageLimits","reason":"accessNotConfigured","extendedHelp":"https://console.developers.google.com"}],"status":"PERMISSION_DENIED","details":[{"@type":"type.googleapis.com/google.rpc.ErrorInfo","reason":"SERVICE_DISABLED","domain":"googleapis.com","metadata":{"service":"compute.googleapis.com","consumer":"projects/106884158684","serviceTitle":"Compute Engine API","containerInfo":"106884158684","activationUrl":"https://console.developers.google.com/apis/api/compute.googleapis.com/overview?project=106884158684"}},{"@type":"type.googleapis.com/google.rpc.LocalizedMessage","locale":"en-US","message":"Compute Engine API has not been used in project 106884158684 before or it is disabled. Enable it by visiting https://console.developers.google.com/apis/api/compute.googleapis.com/overview?project=106884158684 then retry. If you enabled this API recently, wait a few minutes for the action to propagate to our systems and retry."},{"@type":"type.googleapis.com/google.rpc.Help","links":[{"description":"Google developers console API activation","url":"https://console.developers.google.com/apis/api/compute.googleapis.com/overview?project=106884158684"}]}]}}
[2026-09-12T16:16:11.909Z] unable to look up default compute service account. Falling back to 106884158684-compute@developer.gserviceaccount.com. Error: {"name":"FirebaseError","children":[],"context":{"body":{"error":{"code":403,"message":"Compute Engine API has not been used in project 106884158684 before or it is disabled. Enable it by visiting https://console.developers.google.com/apis/api/compute.googleapis.com/overview?project=106884158684 then retry. If you enabled this API recently, wait a few minutes for the action to propagate to our systems and retry.","errors":[{"message":"Compute Engine API has not been used in project 106884158684 before or it is disabled. Enable it by visiting https://console.developers.google.com/apis/api/compute.googleapis.com/overview?project=106884158684 then retry. If you enabled this API recently, wait a few minutes for the action to propagate to our systems and retry.","domain":"usageLimits","reason":"accessNotConfigured","extendedHelp":"https://console.developers.google.com"}],"status":"PERMISSION_DENIED","details":[{"@type":"type.googleapis.com/google.rpc.ErrorInfo","reason":"SERVICE_DISABLED","domain":"googleapis.com","metadata":{"service":"compute.googleapis.com","consumer":"projects/106884158684","serviceTitle":"Compute Engine API","containerInfo":"106884158684","activationUrl":"https://console.developers.google.com/apis/api/compute.googleapis.com/overview?project=106884158684"}},{"@type":"type.googleapis.com/google.rpc.LocalizedMessage","locale":"en-US","message":"Compute Engine API has not been used in project 106884158684 before or it is disabled. Enable it by visiting https://console.developers.google.com/apis/api/compute.googleapis.com/overview?project=106884158684 then retry. If you enabled this API recently, wait a few minutes for the action to propagate to our systems and retry."},{"@type":"type.googleapis.com/google.rpc.Help","links":[{"description":"Google developers console API activation","url":"https://console.developers.google.com/apis/api/compute.googleapis.com/overview?project=106884158684"}]}]}},"response":{"statusCode":403}},"exit":1,"message":"Request to https://compute.googleapis.com/compute/v1/projects/106884158684 had HTTP Error: 403, Compute Engine API has not been used in project 106884158684 before or it is disabled. Enable it by visiting https://console.developers.google.com/apis/api/compute.googleapis.com/overview?project=106884158684 then retry. If you enabled this API recently, wait a few minutes for the action to propagate to our systems and retry.","status":403}
[2026-09-12T16:16:11.909Z] Checked if tokens are valid: true, expires at: 1789232947367
[2026-09-12T16:16:11.909Z] Checked if tokens are valid: true, expires at: 1789232947367
[2026-09-12T16:16:11.909Z] >>> [apiv2][query] GET https://compute.googleapis.com/compute/v1/projects/106884158684 [none]
[2026-09-12T16:16:12.266Z] <<< [apiv2][status] GET https://compute.googleapis.com/compute/v1/projects/106884158684 403
[2026-09-12T16:16:12.267Z] <<< [apiv2][body] GET https://compute.googleapis.com/compute/v1/projects/106884158684 {"error":{"code":403,"message":"Compute Engine API has not been used in project 106884158684 before or it is disabled. Enable it by visiting https://console.developers.google.com/apis/api/compute.googleapis.com/overview?project=106884158684 then retry. If you enabled this API recently, wait a few minutes for the action to propagate to our systems and retry.","errors":[{"message":"Compute Engine API has not been used in project 106884158684 before or it is disabled. Enable it by visiting https://console.developers.google.com/apis/api/compute.googleapis.com/overview?project=106884158684 then retry. If you enabled this API recently, wait a few minutes for the action to propagate to our systems and retry.","domain":"usageLimits","reason":"accessNotConfigured","extendedHelp":"https://console.developers.google.com"}],"status":"PERMISSION_DENIED","details":[{"@type":"type.googleapis.com/google.rpc.ErrorInfo","reason":"SERVICE_DISABLED","domain":"googleapis.com","metadata":{"service":"compute.googleapis.com","containerInfo":"106884158684","serviceTitle":"Compute Engine API","consumer":"projects/106884158684","activationUrl":"https://console.developers.google.com/apis/api/compute.googleapis.com/overview?project=106884158684"}},{"@type":"type.googleapis.com/google.rpc.LocalizedMessage","locale":"en-US","message":"Compute Engine API has not been used in project 106884158684 before or it is disabled. Enable it by visiting https://console.developers.google.com/apis/api/compute.googleapis.com/overview?project=106884158684 then retry. If you enabled this API recently, wait a few minutes for the action to propagate to our systems and retry."},{"@type":"type.googleapis.com/google.rpc.Help","links":[{"description":"Google developers console API activation","url":"https://console.developers.google.com/apis/api/compute.googleapis.com/overview?project=106884158684"}]}]}}
[2026-09-12T16:16:12.267Z] unable to look up default compute service account. Falling back to 106884158684-compute@developer.gserviceaccount.com. Error: {"name":"FirebaseError","children":[],"context":{"body":{"error":{"code":403,"message":"Compute Engine API has not been used in project 106884158684 before or it is disabled. Enable it by visiting https://console.developers.google.com/apis/api/compute.googleapis.com/overview?project=106884158684 then retry. If you enabled this API recently, wait a few minutes for the action to propagate to our systems and retry.","errors":[{"message":"Compute Engine API has not been used in project 106884158684 before or it is disabled. Enable it by visiting https://console.developers.google.com/apis/api/compute.googleapis.com/overview?project=106884158684 then retry. If you enabled this API recently, wait a few minutes for the action to propagate to our systems and retry.","domain":"usageLimits","reason":"accessNotConfigured","extendedHelp":"https://console.developers.google.com"}],"status":"PERMISSION_DENIED","details":[{"@type":"type.googleapis.com/google.rpc.ErrorInfo","reason":"SERVICE_DISABLED","domain":"googleapis.com","metadata":{"service":"compute.googleapis.com","containerInfo":"106884158684","serviceTitle":"Compute Engine API","consumer":"projects/106884158684","activationUrl":"https://console.developers.google.com/apis/api/compute.googleapis.com/overview?project=106884158684"}},{"@type":"type.googleapis.com/google.rpc.LocalizedMessage","locale":"en-US","message":"Compute Engine API has not been used in project 106884158684 before or it is disabled. Enable it by visiting https://console.developers.google.com/apis/api/compute.googleapis.com/overview?project=106884158684 then retry. If you enabled this API recently, wait a few minutes for the action to propagate to our systems and retry."},{"@type":"type.googleapis.com/google.rpc.Help","links":[{"description":"Google developers console API activation","url":"https://console.developers.google.com/apis/api/compute.googleapis.com/overview?project=106884158684"}]}]}},"response":{"statusCode":403}},"exit":1,"message":"Request to https://compute.googleapis.com/compute/v1/projects/106884158684 had HTTP Error: 403, Compute Engine API has not been used in project 106884158684 before or it is disabled. Enable it by visiting https://console.developers.google.com/apis/api/compute.googleapis.com/overview?project=106884158684 then retry. If you enabled this API recently, wait a few minutes for the action to propagate to our systems and retry.","status":403}
[2026-09-12T16:16:12.267Z] Checked if tokens are valid: true, expires at: 1789232947367
[2026-09-12T16:16:12.267Z] Checked if tokens are valid: true, expires at: 1789232947367
[2026-09-12T16:16:12.267Z] >>> [apiv2][query] GET https://compute.googleapis.com/compute/v1/projects/106884158684 [none]
[2026-09-12T16:16:12.588Z] <<< [apiv2][status] GET https://compute.googleapis.com/compute/v1/projects/106884158684 403
[2026-09-12T16:16:12.589Z] <<< [apiv2][body] GET https://compute.googleapis.com/compute/v1/projects/106884158684 {"error":{"code":403,"message":"Compute Engine API has not been used in project 106884158684 before or it is disabled. Enable it by visiting https://console.developers.google.com/apis/api/compute.googleapis.com/overview?project=106884158684 then retry. If you enabled this API recently, wait a few minutes for the action to propagate to our systems and retry.","errors":[{"message":"Compute Engine API has not been used in project 106884158684 before or it is disabled. Enable it by visiting https://console.developers.google.com/apis/api/compute.googleapis.com/overview?project=106884158684 then retry. If you enabled this API recently, wait a few minutes for the action to propagate to our systems and retry.","domain":"usageLimits","reason":"accessNotConfigured","extendedHelp":"https://console.developers.google.com"}],"status":"PERMISSION_DENIED","details":[{"@type":"type.googleapis.com/google.rpc.ErrorInfo","reason":"SERVICE_DISABLED","domain":"googleapis.com","metadata":{"consumer":"projects/106884158684","serviceTitle":"Compute Engine API","activationUrl":"https://console.developers.google.com/apis/api/compute.googleapis.com/overview?project=106884158684","service":"compute.googleapis.com","containerInfo":"106884158684"}},{"@type":"type.googleapis.com/google.rpc.LocalizedMessage","locale":"en-US","message":"Compute Engine API has not been used in project 106884158684 before or it is disabled. Enable it by visiting https://console.developers.google.com/apis/api/compute.googleapis.com/overview?project=106884158684 then retry. If you enabled this API recently, wait a few minutes for the action to propagate to our systems and retry."},{"@type":"type.googleapis.com/google.rpc.Help","links":[{"description":"Google developers console API activation","url":"https://console.developers.google.com/apis/api/compute.googleapis.com/overview?project=106884158684"}]}]}}
[2026-09-12T16:16:12.589Z] unable to look up default compute service account. Falling back to 106884158684-compute@developer.gserviceaccount.com. Error: {"name":"FirebaseError","children":[],"context":{"body":{"error":{"code":403,"message":"Compute Engine API has not been used in project 106884158684 before or it is disabled. Enable it by visiting https://console.developers.google.com/apis/api/compute.googleapis.com/overview?project=106884158684 then retry. If you enabled this API recently, wait a few minutes for the action to propagate to our systems and retry.","errors":[{"message":"Compute Engine API has not been used in project 106884158684 before or it is disabled. Enable it by visiting https://console.developers.google.com/apis/api/compute.googleapis.com/overview?project=106884158684 then retry. If you enabled this API recently, wait a few minutes for the action to propagate to our systems and retry.","domain":"usageLimits","reason":"accessNotConfigured","extendedHelp":"https://console.developers.google.com"}],"status":"PERMISSION_DENIED","details":[{"@type":"type.googleapis.com/google.rpc.ErrorInfo","reason":"SERVICE_DISABLED","domain":"googleapis.com","metadata":{"consumer":"projects/106884158684","serviceTitle":"Compute Engine API","activationUrl":"https://console.developers.google.com/apis/api/compute.googleapis.com/overview?project=106884158684","service":"compute.googleapis.com","containerInfo":"106884158684"}},{"@type":"type.googleapis.com/google.rpc.LocalizedMessage","locale":"en-US","message":"Compute Engine API has not been used in project 106884158684 before or it is disabled. Enable it by visiting https://console.developers.google.com/apis/api/compute.googleapis.com/overview?project=106884158684 then retry. If you enabled this API recently, wait a few minutes for the action to propagate to our systems and retry."},{"@type":"type.googleapis.com/google.rpc.Help","links":[{"description":"Google developers console API activation","url":"https://console.developers.google.com/apis/api/compute.googleapis.com/overview?project=106884158684"}]}]}},"response":{"statusCode":403}},"exit":1,"message":"Request to https://compute.googleapis.com/compute/v1/projects/106884158684 had HTTP Error: 403, Compute Engine API has not been used in project 106884158684 before or it is disabled. Enable it by visiting https://console.developers.google.com/apis/api/compute.googleapis.com/overview?project=106884158684 then retry. If you enabled this API recently, wait a few minutes for the action to propagate to our systems and retry.","status":403}
[2026-09-12T16:16:12.589Z] Checked if tokens are valid: true, expires at: 1789232947367
[2026-09-12T16:16:12.589Z] Checked if tokens are valid: true, expires at: 1789232947367
[2026-09-12T16:16:12.590Z] >>> [apiv2][query] GET https://compute.googleapis.com/compute/v1/projects/106884158684 [none]
[2026-09-12T16:16:12.892Z] <<< [apiv2][status] GET https://compute.googleapis.com/compute/v1/projects/106884158684 403
[2026-09-12T16:16:12.893Z] <<< [apiv2][body] GET https://compute.googleapis.com/compute/v1/projects/106884158684 {"error":{"code":403,"message":"Compute Engine API has not been used in project 106884158684 before or it is disabled. Enable it by visiting https://console.developers.google.com/apis/api/compute.googleapis.com/overview?project=106884158684 then retry. If you enabled this API recently, wait a few minutes for the action to propagate to our systems and retry.","errors":[{"message":"Compute Engine API has not been used in project 106884158684 before or it is disabled. Enable it by visiting https://console.developers.google.com/apis/api/compute.googleapis.com/overview?project=106884158684 then retry. If you enabled this API recently, wait a few minutes for the action to propagate to our systems and retry.","domain":"usageLimits","reason":"accessNotConfigured","extendedHelp":"https://console.developers.google.com"}],"status":"PERMISSION_DENIED","details":[{"@type":"type.googleapis.com/google.rpc.ErrorInfo","reason":"SERVICE_DISABLED","domain":"googleapis.com","metadata":{"activationUrl":"https://console.developers.google.com/apis/api/compute.googleapis.com/overview?project=106884158684","containerInfo":"106884158684","serviceTitle":"Compute Engine API","service":"compute.googleapis.com","consumer":"projects/106884158684"}},{"@type":"type.googleapis.com/google.rpc.LocalizedMessage","locale":"en-US","message":"Compute Engine API has not been used in project 106884158684 before or it is disabled. Enable it by visiting https://console.developers.google.com/apis/api/compute.googleapis.com/overview?project=106884158684 then retry. If you enabled this API recently, wait a few minutes for the action to propagate to our systems and retry."},{"@type":"type.googleapis.com/google.rpc.Help","links":[{"description":"Google developers console API activation","url":"https://console.developers.google.com/apis/api/compute.googleapis.com/overview?project=106884158684"}]}]}}
[2026-09-12T16:16:12.894Z] unable to look up default compute service account. Falling back to 106884158684-compute@developer.gserviceaccount.com. Error: {"name":"FirebaseError","children":[],"context":{"body":{"error":{"code":403,"message":"Compute Engine API has not been used in project 106884158684 before or it is disabled. Enable it by visiting https://console.developers.google.com/apis/api/compute.googleapis.com/overview?project=106884158684 then retry. If you enabled this API recently, wait a few minutes for the action to propagate to our systems and retry.","errors":[{"message":"Compute Engine API has not been used in project 106884158684 before or it is disabled. Enable it by visiting https://console.developers.google.com/apis/api/compute.googleapis.com/overview?project=106884158684 then retry. If you enabled this API recently, wait a few minutes for the action to propagate to our systems and retry.","domain":"usageLimits","reason":"accessNotConfigured","extendedHelp":"https://console.developers.google.com"}],"status":"PERMISSION_DENIED","details":[{"@type":"type.googleapis.com/google.rpc.ErrorInfo","reason":"SERVICE_DISABLED","domain":"googleapis.com","metadata":{"activationUrl":"https://console.developers.google.com/apis/api/compute.googleapis.com/overview?project=106884158684","containerInfo":"106884158684","serviceTitle":"Compute Engine API","service":"compute.googleapis.com","consumer":"projects/106884158684"}},{"@type":"type.googleapis.com/google.rpc.LocalizedMessage","locale":"en-US","message":"Compute Engine API has not been used in project 106884158684 before or it is disabled. Enable it by visiting https://console.developers.google.com/apis/api/compute.googleapis.com/overview?project=106884158684 then retry. If you enabled this API recently, wait a few minutes for the action to propagate to our systems and retry."},{"@type":"type.googleapis.com/google.rpc.Help","links":[{"description":"Google developers console API activation","url":"https://console.developers.google.com/apis/api/compute.googleapis.com/overview?project=106884158684"}]}]}},"response":{"statusCode":403}},"exit":1,"message":"Request to https://compute.googleapis.com/compute/v1/projects/106884158684 had HTTP Error: 403, Compute Engine API has not been used in project 106884158684 before or it is disabled. Enable it by visiting https://console.developers.google.com/apis/api/compute.googleapis.com/overview?project=106884158684 then retry. If you enabled this API recently, wait a few minutes for the action to propagate to our systems and retry.","status":403}
[2026-09-12T16:16:12.894Z] Checked if tokens are valid: true, expires at: 1789232947367
[2026-09-12T16:16:12.894Z] Checked if tokens are valid: true, expires at: 1789232947367
[2026-09-12T16:16:12.897Z] >>> [apiv2][query] GET https://compute.googleapis.com/compute/v1/projects/106884158684 [none]
[2026-09-12T16:16:13.267Z] <<< [apiv2][status] GET https://compute.googleapis.com/compute/v1/projects/106884158684 403
[2026-09-12T16:16:13.267Z] <<< [apiv2][body] GET https://compute.googleapis.com/compute/v1/projects/106884158684 {"error":{"code":403,"message":"Compute Engine API has not been used in project 106884158684 before or it is disabled. Enable it by visiting https://console.developers.google.com/apis/api/compute.googleapis.com/overview?project=106884158684 then retry. If you enabled this API recently, wait a few minutes for the action to propagate to our systems and retry.","errors":[{"message":"Compute Engine API has not been used in project 106884158684 before or it is disabled. Enable it by visiting https://console.developers.google.com/apis/api/compute.googleapis.com/overview?project=106884158684 then retry. If you enabled this API recently, wait a few minutes for the action to propagate to our systems and retry.","domain":"usageLimits","reason":"accessNotConfigured","extendedHelp":"https://console.developers.google.com"}],"status":"PERMISSION_DENIED","details":[{"@type":"type.googleapis.com/google.rpc.ErrorInfo","reason":"SERVICE_DISABLED","domain":"googleapis.com","metadata":{"service":"compute.googleapis.com","containerInfo":"106884158684","activationUrl":"https://console.developers.google.com/apis/api/compute.googleapis.com/overview?project=106884158684","consumer":"projects/106884158684","serviceTitle":"Compute Engine API"}},{"@type":"type.googleapis.com/google.rpc.LocalizedMessage","locale":"en-US","message":"Compute Engine API has not been used in project 106884158684 before or it is disabled. Enable it by visiting https://console.developers.google.com/apis/api/compute.googleapis.com/overview?project=106884158684 then retry. If you enabled this API recently, wait a few minutes for the action to propagate to our systems and retry."},{"@type":"type.googleapis.com/google.rpc.Help","links":[{"description":"Google developers console API activation","url":"https://console.developers.google.com/apis/api/compute.googleapis.com/overview?project=106884158684"}]}]}}
[2026-09-12T16:16:13.268Z] unable to look up default compute service account. Falling back to 106884158684-compute@developer.gserviceaccount.com. Error: {"name":"FirebaseError","children":[],"context":{"body":{"error":{"code":403,"message":"Compute Engine API has not been used in project 106884158684 before or it is disabled. Enable it by visiting https://console.developers.google.com/apis/api/compute.googleapis.com/overview?project=106884158684 then retry. If you enabled this API recently, wait a few minutes for the action to propagate to our systems and retry.","errors":[{"message":"Compute Engine API has not been used in project 106884158684 before or it is disabled. Enable it by visiting https://console.developers.google.com/apis/api/compute.googleapis.com/overview?project=106884158684 then retry. If you enabled this API recently, wait a few minutes for the action to propagate to our systems and retry.","domain":"usageLimits","reason":"accessNotConfigured","extendedHelp":"https://console.developers.google.com"}],"status":"PERMISSION_DENIED","details":[{"@type":"type.googleapis.com/google.rpc.ErrorInfo","reason":"SERVICE_DISABLED","domain":"googleapis.com","metadata":{"service":"compute.googleapis.com","containerInfo":"106884158684","activationUrl":"https://console.developers.google.com/apis/api/compute.googleapis.com/overview?project=106884158684","consumer":"projects/106884158684","serviceTitle":"Compute Engine API"}},{"@type":"type.googleapis.com/google.rpc.LocalizedMessage","locale":"en-US","message":"Compute Engine API has not been used in project 106884158684 before or it is disabled. Enable it by visiting https://console.developers.google.com/apis/api/compute.googleapis.com/overview?project=106884158684 then retry. If you enabled this API recently, wait a few minutes for the action to propagate to our systems and retry."},{"@type":"type.googleapis.com/google.rpc.Help","links":[{"description":"Google developers console API activation","url":"https://console.developers.google.com/apis/api/compute.googleapis.com/overview?project=106884158684"}]}]}},"response":{"statusCode":403}},"exit":1,"message":"Request to https://compute.googleapis.com/compute/v1/projects/106884158684 had HTTP Error: 403, Compute Engine API has not been used in project 106884158684 before or it is disabled. Enable it by visiting https://console.developers.google.com/apis/api/compute.googleapis.com/overview?project=106884158684 then retry. If you enabled this API recently, wait a few minutes for the action to propagate to our systems and retry.","status":403}
[2026-09-12T16:16:13.268Z] Checked if tokens are valid: true, expires at: 1789232947367
[2026-09-12T16:16:13.268Z] Checked if tokens are valid: true, expires at: 1789232947367
[2026-09-12T16:16:13.268Z] >>> [apiv2][query] GET https://compute.googleapis.com/compute/v1/projects/106884158684 [none]
[2026-09-12T16:16:13.630Z] <<< [apiv2][status] GET https://compute.googleapis.com/compute/v1/projects/106884158684 403
[2026-09-12T16:16:13.631Z] <<< [apiv2][body] GET https://compute.googleapis.com/compute/v1/projects/106884158684 {"error":{"code":403,"message":"Compute Engine API has not been used in project 106884158684 before or it is disabled. Enable it by visiting https://console.developers.google.com/apis/api/compute.googleapis.com/overview?project=106884158684 then retry. If you enabled this API recently, wait a few minutes for the action to propagate to our systems and retry.","errors":[{"message":"Compute Engine API has not been used in project 106884158684 before or it is disabled. Enable it by visiting https://console.developers.google.com/apis/api/compute.googleapis.com/overview?project=106884158684 then retry. If you enabled this API recently, wait a few minutes for the action to propagate to our systems and retry.","domain":"usageLimits","reason":"accessNotConfigured","extendedHelp":"https://console.developers.google.com"}],"status":"PERMISSION_DENIED","details":[{"@type":"type.googleapis.com/google.rpc.ErrorInfo","reason":"SERVICE_DISABLED","domain":"googleapis.com","metadata":{"containerInfo":"106884158684","consumer":"projects/106884158684","service":"compute.googleapis.com","serviceTitle":"Compute Engine API","activationUrl":"https://console.developers.google.com/apis/api/compute.googleapis.com/overview?project=106884158684"}},{"@type":"type.googleapis.com/google.rpc.LocalizedMessage","locale":"en-US","message":"Compute Engine API has not been used in project 106884158684 before or it is disabled. Enable it by visiting https://console.developers.google.com/apis/api/compute.googleapis.com/overview?project=106884158684 then retry. If you enabled this API recently, wait a few minutes for the action to propagate to our systems and retry."},{"@type":"type.googleapis.com/google.rpc.Help","links":[{"description":"Google developers console API activation","url":"https://console.developers.google.com/apis/api/compute.googleapis.com/overview?project=106884158684"}]}]}}
[2026-09-12T16:16:13.631Z] unable to look up default compute service account. Falling back to 106884158684-compute@developer.gserviceaccount.com. Error: {"name":"FirebaseError","children":[],"context":{"body":{"error":{"code":403,"message":"Compute Engine API has not been used in project 106884158684 before or it is disabled. Enable it by visiting https://console.developers.google.com/apis/api/compute.googleapis.com/overview?project=106884158684 then retry. If you enabled this API recently, wait a few minutes for the action to propagate to our systems and retry.","errors":[{"message":"Compute Engine API has not been used in project 106884158684 before or it is disabled. Enable it by visiting https://console.developers.google.com/apis/api/compute.googleapis.com/overview?project=106884158684 then retry. If you enabled this API recently, wait a few minutes for the action to propagate to our systems and retry.","domain":"usageLimits","reason":"accessNotConfigured","extendedHelp":"https://console.developers.google.com"}],"status":"PERMISSION_DENIED","details":[{"@type":"type.googleapis.com/google.rpc.ErrorInfo","reason":"SERVICE_DISABLED","domain":"googleapis.com","metadata":{"containerInfo":"106884158684","consumer":"projects/106884158684","service":"compute.googleapis.com","serviceTitle":"Compute Engine API","activationUrl":"https://console.developers.google.com/apis/api/compute.googleapis.com/overview?project=106884158684"}},{"@type":"type.googleapis.com/google.rpc.LocalizedMessage","locale":"en-US","message":"Compute Engine API has not been used in project 106884158684 before or it is disabled. Enable it by visiting https://console.developers.google.com/apis/api/compute.googleapis.com/overview?project=106884158684 then retry. If you enabled this API recently, wait a few minutes for the action to propagate to our systems and retry."},{"@type":"type.googleapis.com/google.rpc.Help","links":[{"description":"Google developers console API activation","url":"https://console.developers.google.com/apis/api/compute.googleapis.com/overview?project=106884158684"}]}]}},"response":{"statusCode":403}},"exit":1,"message":"Request to https://compute.googleapis.com/compute/v1/projects/106884158684 had HTTP Error: 403, Compute Engine API has not been used in project 106884158684 before or it is disabled. Enable it by visiting https://console.developers.google.com/apis/api/compute.googleapis.com/overview?project=106884158684 then retry. If you enabled this API recently, wait a few minutes for the action to propagate to our systems and retry.","status":403}
[2026-09-12T16:16:13.631Z] Checked if tokens are valid: true, expires at: 1789232947367
[2026-09-12T16:16:13.631Z] Checked if tokens are valid: true, expires at: 1789232947367
[2026-09-12T16:16:13.631Z] >>> [apiv2][query] GET https://compute.googleapis.com/compute/v1/projects/106884158684 [none]
[2026-09-12T16:16:14.041Z] <<< [apiv2][status] GET https://compute.googleapis.com/compute/v1/projects/106884158684 403
[2026-09-12T16:16:14.041Z] <<< [apiv2][body] GET https://compute.googleapis.com/compute/v1/projects/106884158684 {"error":{"code":403,"message":"Compute Engine API has not been used in project 106884158684 before or it is disabled. Enable it by visiting https://console.developers.google.com/apis/api/compute.googleapis.com/overview?project=106884158684 then retry. If you enabled this API recently, wait a few minutes for the action to propagate to our systems and retry.","errors":[{"message":"Compute Engine API has not been used in project 106884158684 before or it is disabled. Enable it by visiting https://console.developers.google.com/apis/api/compute.googleapis.com/overview?project=106884158684 then retry. If you enabled this API recently, wait a few minutes for the action to propagate to our systems and retry.","domain":"usageLimits","reason":"accessNotConfigured","extendedHelp":"https://console.developers.google.com"}],"status":"PERMISSION_DENIED","details":[{"@type":"type.googleapis.com/google.rpc.ErrorInfo","reason":"SERVICE_DISABLED","domain":"googleapis.com","metadata":{"service":"compute.googleapis.com","consumer":"projects/106884158684","containerInfo":"106884158684","serviceTitle":"Compute Engine API","activationUrl":"https://console.developers.google.com/apis/api/compute.googleapis.com/overview?project=106884158684"}},{"@type":"type.googleapis.com/google.rpc.LocalizedMessage","locale":"en-US","message":"Compute Engine API has not been used in project 106884158684 before or it is disabled. Enable it by visiting https://console.developers.google.com/apis/api/compute.googleapis.com/overview?project=106884158684 then retry. If you enabled this API recently, wait a few minutes for the action to propagate to our systems and retry."},{"@type":"type.googleapis.com/google.rpc.Help","links":[{"description":"Google developers console API activation","url":"https://console.developers.google.com/apis/api/compute.googleapis.com/overview?project=106884158684"}]}]}}
[2026-09-12T16:16:14.041Z] unable to look up default compute service account. Falling back to 106884158684-compute@developer.gserviceaccount.com. Error: {"name":"FirebaseError","children":[],"context":{"body":{"error":{"code":403,"message":"Compute Engine API has not been used in project 106884158684 before or it is disabled. Enable it by visiting https://console.developers.google.com/apis/api/compute.googleapis.com/overview?project=106884158684 then retry. If you enabled this API recently, wait a few minutes for the action to propagate to our systems and retry.","errors":[{"message":"Compute Engine API has not been used in project 106884158684 before or it is disabled. Enable it by visiting https://console.developers.google.com/apis/api/compute.googleapis.com/overview?project=106884158684 then retry. If you enabled this API recently, wait a few minutes for the action to propagate to our systems and retry.","domain":"usageLimits","reason":"accessNotConfigured","extendedHelp":"https://console.developers.google.com"}],"status":"PERMISSION_DENIED","details":[{"@type":"type.googleapis.com/google.rpc.ErrorInfo","reason":"SERVICE_DISABLED","domain":"googleapis.com","metadata":{"service":"compute.googleapis.com","consumer":"projects/106884158684","containerInfo":"106884158684","serviceTitle":"Compute Engine API","activationUrl":"https://console.developers.google.com/apis/api/compute.googleapis.com/overview?project=106884158684"}},{"@type":"type.googleapis.com/google.rpc.LocalizedMessage","locale":"en-US","message":"Compute Engine API has not been used in project 106884158684 before or it is disabled. Enable it by visiting https://console.developers.google.com/apis/api/compute.googleapis.com/overview?project=106884158684 then retry. If you enabled this API recently, wait a few minutes for the action to propagate to our systems and retry."},{"@type":"type.googleapis.com/google.rpc.Help","links":[{"description":"Google developers console API activation","url":"https://console.developers.google.com/apis/api/compute.googleapis.com/overview?project=106884158684"}]}]}},"response":{"statusCode":403}},"exit":1,"message":"Request to https://compute.googleapis.com/compute/v1/projects/106884158684 had HTTP Error: 403, Compute Engine API has not been used in project 106884158684 before or it is disabled. Enable it by visiting https://console.developers.google.com/apis/api/compute.googleapis.com/overview?project=106884158684 then retry. If you enabled this API recently, wait a few minutes for the action to propagate to our systems and retry.","status":403}
[2026-09-12T16:16:14.041Z] Checked if tokens are valid: true, expires at: 1789232947367
[2026-09-12T16:16:14.041Z] Checked if tokens are valid: true, expires at: 1789232947367
[2026-09-12T16:16:14.041Z] >>> [apiv2][query] GET https://compute.googleapis.com/compute/v1/projects/106884158684 [none]
[2026-09-12T16:16:14.384Z] <<< [apiv2][status] GET https://compute.googleapis.com/compute/v1/projects/106884158684 403
[2026-09-12T16:16:14.384Z] <<< [apiv2][body] GET https://compute.googleapis.com/compute/v1/projects/106884158684 {"error":{"code":403,"message":"Compute Engine API has not been used in project 106884158684 before or it is disabled. Enable it by visiting https://console.developers.google.com/apis/api/compute.googleapis.com/overview?project=106884158684 then retry. If you enabled this API recently, wait a few minutes for the action to propagate to our systems and retry.","errors":[{"message":"Compute Engine API has not been used in project 106884158684 before or it is disabled. Enable it by visiting https://console.developers.google.com/apis/api/compute.googleapis.com/overview?project=106884158684 then retry. If you enabled this API recently, wait a few minutes for the action to propagate to our systems and retry.","domain":"usageLimits","reason":"accessNotConfigured","extendedHelp":"https://console.developers.google.com"}],"status":"PERMISSION_DENIED","details":[{"@type":"type.googleapis.com/google.rpc.ErrorInfo","reason":"SERVICE_DISABLED","domain":"googleapis.com","metadata":{"service":"compute.googleapis.com","containerInfo":"106884158684","consumer":"projects/106884158684","serviceTitle":"Compute Engine API","activationUrl":"https://console.developers.google.com/apis/api/compute.googleapis.com/overview?project=106884158684"}},{"@type":"type.googleapis.com/google.rpc.LocalizedMessage","locale":"en-US","message":"Compute Engine API has not been used in project 106884158684 before or it is disabled. Enable it by visiting https://console.developers.google.com/apis/api/compute.googleapis.com/overview?project=106884158684 then retry. If you enabled this API recently, wait a few minutes for the action to propagate to our systems and retry."},{"@type":"type.googleapis.com/google.rpc.Help","links":[{"description":"Google developers console API activation","url":"https://console.developers.google.com/apis/api/compute.googleapis.com/overview?project=106884158684"}]}]}}
[2026-09-12T16:16:14.384Z] unable to look up default compute service account. Falling back to 106884158684-compute@developer.gserviceaccount.com. Error: {"name":"FirebaseError","children":[],"context":{"body":{"error":{"code":403,"message":"Compute Engine API has not been used in project 106884158684 before or it is disabled. Enable it by visiting https://console.developers.google.com/apis/api/compute.googleapis.com/overview?project=106884158684 then retry. If you enabled this API recently, wait a few minutes for the action to propagate to our systems and retry.","errors":[{"message":"Compute Engine API has not been used in project 106884158684 before or it is disabled. Enable it by visiting https://console.developers.google.com/apis/api/compute.googleapis.com/overview?project=106884158684 then retry. If you enabled this API recently, wait a few minutes for the action to propagate to our systems and retry.","domain":"usageLimits","reason":"accessNotConfigured","extendedHelp":"https://console.developers.google.com"}],"status":"PERMISSION_DENIED","details":[{"@type":"type.googleapis.com/google.rpc.ErrorInfo","reason":"SERVICE_DISABLED","domain":"googleapis.com","metadata":{"service":"compute.googleapis.com","containerInfo":"106884158684","consumer":"projects/106884158684","serviceTitle":"Compute Engine API","activationUrl":"https://console.developers.google.com/apis/api/compute.googleapis.com/overview?project=106884158684"}},{"@type":"type.googleapis.com/google.rpc.LocalizedMessage","locale":"en-US","message":"Compute Engine API has not been used in project 106884158684 before or it is disabled. Enable it by visiting https://console.developers.google.com/apis/api/compute.googleapis.com/overview?project=106884158684 then retry. If you enabled this API recently, wait a few minutes for the action to propagate to our systems and retry."},{"@type":"type.googleapis.com/google.rpc.Help","links":[{"description":"Google developers console API activation","url":"https://console.developers.google.com/apis/api/compute.googleapis.com/overview?project=106884158684"}]}]}},"response":{"statusCode":403}},"exit":1,"message":"Request to https://compute.googleapis.com/compute/v1/projects/106884158684 had HTTP Error: 403, Compute Engine API has not been used in project 106884158684 before or it is disabled. Enable it by visiting https://console.developers.google.com/apis/api/compute.googleapis.com/overview?project=106884158684 then retry. If you enabled this API recently, wait a few minutes for the action to propagate to our systems and retry.","status":403}
i  functions: creating Node.js 22 (2nd Gen) function checkoutStatus(asia-south1)...
i  functions: creating Node.js 22 (2nd Gen) function ownerOrderAction(asia-south1)...
i  functions: creating Node.js 22 (2nd Gen) function ownerProductAction(asia-south1)...
i  functions: creating Node.js 22 (2nd Gen) function reconcileCheckoutOrders(asia-south1)...
i  functions: updating Node.js 22 (2nd Gen) function sendContactEmailNotification(asia-south1)...
i  functions: updating Node.js 22 (2nd Gen) function sendCustomerOtp(asia-south1)...
i  functions: updating Node.js 22 (2nd Gen) function verifyCustomerOtp(asia-south1)...
i  functions: updating Node.js 22 (2nd Gen) function createRazorpayOrder(asia-south1)...
i  functions: updating Node.js 22 (2nd Gen) function verifyRazorpayPayment(asia-south1)...
i  functions: updating Node.js 22 (2nd Gen) function razorpayAppCallback(asia-south1)...
i  functions: updating Node.js 22 (2nd Gen) function razorpayWebhook(asia-south1)...
[2026-09-12T16:16:14.392Z] Checked if tokens are valid: true, expires at: 1789232947367
[2026-09-12T16:16:14.392Z] Checked if tokens are valid: true, expires at: 1789232947367
[2026-09-12T16:16:14.392Z] >>> [apiv2][query] POST https://cloudfunctions.googleapis.com/v2/projects/eshwesareestudio/locations/asia-south1/functions functionId=checkoutStatus
[2026-09-12T16:16:14.392Z] >>> [apiv2][body] POST https://cloudfunctions.googleapis.com/v2/projects/eshwesareestudio/locations/asia-south1/functions {"name":"projects/eshwesareestudio/locations/asia-south1/functions/checkoutStatus","buildConfig":{"runtime":"nodejs22","entryPoint":"checkoutStatus","source":{"storageSource":{"bucket":"gcf-v2-uploads-106884158684.asia-south1.cloudfunctions.appspot.com","object":"e2a398fd-16ad-4500-b33d-bb5b4cbdec21.zip"}},"environmentVariables":{"GOOGLE_NODE_RUN_SCRIPTS":""}},"serviceConfig":{"environmentVariables":{"FIREBASE_CONFIG":"{\"projectId\":\"eshwesareestudio\",\"storageBucket\":\"eshwesareestudio.firebasestorage.app\"}","GCLOUD_PROJECT":"eshwesareestudio","EVENTARC_CLOUD_EVENT_SOURCE":"projects/eshwesareestudio/locations/asia-south1/services/checkoutStatus","FUNCTION_REGION":"asia-south1","FUNCTION_TARGET":"checkoutStatus","LOG_EXECUTION_ID":"true"},"secretEnvironmentVariables":[{"key":"RAZORPAY_KEY_ID","secret":"RAZORPAY_KEY_ID","projectId":"eshwesareestudio","version":"4"},{"key":"RAZORPAY_KEY_SECRET","secret":"RAZORPAY_KEY_SECRET","projectId":"eshwesareestudio","version":"4"}],"ingressSettings":null,"timeoutSeconds":null,"serviceAccountEmail":null,"availableMemory":"256Mi","minInstanceCount":null,"maxInstanceCount":null,"maxInstanceRequestConcurrency":80,"availableCpu":"1","vpcConnector":null,"vpcConnectorEgressSettings":null,"directVpcNetworkInterface":null,"directVpcEgress":null},"labels":{"deployment-tool":"cli-firebase","firebase-functions-hash":"6ab8702ef0dc9af6c6deca4fc5ae944d33e11395"}}
[2026-09-12T16:16:16.048Z] <<< [apiv2][status] POST https://cloudfunctions.googleapis.com/v2/projects/eshwesareestudio/locations/asia-south1/functions 200
[2026-09-12T16:16:16.048Z] <<< [apiv2][body] POST https://cloudfunctions.googleapis.com/v2/projects/eshwesareestudio/locations/asia-south1/functions {"name":"projects/eshwesareestudio/locations/asia-south1/operations/operation-1789229775001-65b4b85291870-9f137840-076e7852","metadata":{"@type":"type.googleapis.com/google.cloud.functions.v2.OperationMetadata","createTime":"2026-09-12T16:16:16.028176945Z","target":"projects/eshwesareestudio/locations/asia-south1/functions/checkoutStatus","verb":"create","cancelRequested":false,"apiVersion":"v2"},"done":false}
[2026-09-12T16:16:16.049Z] Checked if tokens are valid: true, expires at: 1789232947367
[2026-09-12T16:16:16.049Z] Checked if tokens are valid: true, expires at: 1789232947367
[2026-09-12T16:16:16.049Z] >>> [apiv2][query] GET https://cloudfunctions.googleapis.com/v2/projects/eshwesareestudio/locations/asia-south1/operations/operation-1789229775001-65b4b85291870-9f137840-076e7852 [none]
[2026-09-12T16:16:16.591Z] <<< [apiv2][status] GET https://cloudfunctions.googleapis.com/v2/projects/eshwesareestudio/locations/asia-south1/operations/operation-1789229775001-65b4b85291870-9f137840-076e7852 200
[2026-09-12T16:16:16.592Z] <<< [apiv2][body] GET https://cloudfunctions.googleapis.com/v2/projects/eshwesareestudio/locations/asia-south1/operations/operation-1789229775001-65b4b85291870-9f137840-076e7852 {"name":"projects/eshwesareestudio/locations/asia-south1/operations/operation-1789229775001-65b4b85291870-9f137840-076e7852","metadata":{"@type":"type.googleapis.com/google.cloud.functions.v2.OperationMetadata","createTime":"2026-09-12T16:16:16.028176945Z","target":"projects/eshwesareestudio/locations/asia-south1/functions/checkoutStatus","verb":"create","cancelRequested":false,"apiVersion":"v2","requestResource":{"@type":"type.googleapis.com/google.cloud.functions.v2.Function","name":"projects/eshwesareestudio/locations/asia-south1/functions/checkoutStatus","buildConfig":{"runtime":"nodejs22","entryPoint":"checkoutStatus","source":{"storageSource":{"bucket":"gcf-v2-sources-106884158684-asia-south1","object":"checkoutStatus/function-source.zip","generation":"1789229775254039"}},"environmentVariables":{"GOOGLE_NODE_RUN_SCRIPTS":""},"serviceAccount":"projects/eshwesareestudio/serviceAccounts/106884158684-compute@developer.gserviceaccount.com","automaticUpdatePolicy":{}},"serviceConfig":{"service":"projects/eshwesareestudio/locations/asia-south1/services/checkoutstatus","timeoutSeconds":60,"environmentVariables":{"FIREBASE_CONFIG":"{\"projectId\":\"eshwesareestudio\",\"storageBucket\":\"eshwesareestudio.firebasestorage.app\"}","GCLOUD_PROJECT":"eshwesareestudio","EVENTARC_CLOUD_EVENT_SOURCE":"projects/eshwesareestudio/locations/asia-south1/services/checkoutStatus","FUNCTION_REGION":"asia-south1","FUNCTION_TARGET":"checkoutStatus","LOG_EXECUTION_ID":"true"},"ingressSettings":"ALLOW_ALL","serviceAccountEmail":"106884158684-compute@developer.gserviceaccount.com","availableMemory":"256Mi","secretEnvironmentVariables":[{"key":"RAZORPAY_KEY_ID","projectId":"eshwesareestudio","secret":"RAZORPAY_KEY_ID","version":"4"},{"key":"RAZORPAY_KEY_SECRET","projectId":"eshwesareestudio","secret":"RAZORPAY_KEY_SECRET","version":"4"}],"maxInstanceRequestConcurrency":80,"availableCpu":"1"},"labels":{"deployment-tool":"cli-firebase","firebase-functions-hash":"6ab8702ef0dc9af6c6deca4fc5ae944d33e11395"},"environment":"GEN_2"},"stages":[{"name":"BUILD","state":"NOT_STARTED"},{"name":"SERVICE","state":"NOT_STARTED"}],"operationType":"CREATE_FUNCTION"},"done":false}
[2026-09-12T16:16:17.093Z] [create-default-asia-south1-checkoutStatus] Retrying task index 0
[2026-09-12T16:16:17.094Z] Checked if tokens are valid: true, expires at: 1789232947367
[2026-09-12T16:16:17.094Z] Checked if tokens are valid: true, expires at: 1789232947367
[2026-09-12T16:16:17.094Z] >>> [apiv2][query] GET https://cloudfunctions.googleapis.com/v2/projects/eshwesareestudio/locations/asia-south1/operations/operation-1789229775001-65b4b85291870-9f137840-076e7852 [none]
[2026-09-12T16:16:17.609Z] <<< [apiv2][status] GET https://cloudfunctions.googleapis.com/v2/projects/eshwesareestudio/locations/asia-south1/operations/operation-1789229775001-65b4b85291870-9f137840-076e7852 200
[2026-09-12T16:16:17.609Z] <<< [apiv2][body] GET https://cloudfunctions.googleapis.com/v2/projects/eshwesareestudio/locations/asia-south1/operations/operation-1789229775001-65b4b85291870-9f137840-076e7852 {"name":"projects/eshwesareestudio/locations/asia-south1/operations/operation-1789229775001-65b4b85291870-9f137840-076e7852","metadata":{"@type":"type.googleapis.com/google.cloud.functions.v2.OperationMetadata","createTime":"2026-09-12T16:16:16.028176945Z","target":"projects/eshwesareestudio/locations/asia-south1/functions/checkoutStatus","verb":"create","cancelRequested":false,"apiVersion":"v2","requestResource":{"@type":"type.googleapis.com/google.cloud.functions.v2.Function","name":"projects/eshwesareestudio/locations/asia-south1/functions/checkoutStatus","buildConfig":{"runtime":"nodejs22","entryPoint":"checkoutStatus","source":{"storageSource":{"bucket":"gcf-v2-sources-106884158684-asia-south1","object":"checkoutStatus/function-source.zip","generation":"1789229775254039"}},"environmentVariables":{"GOOGLE_NODE_RUN_SCRIPTS":""},"serviceAccount":"projects/eshwesareestudio/serviceAccounts/106884158684-compute@developer.gserviceaccount.com","automaticUpdatePolicy":{}},"serviceConfig":{"service":"projects/eshwesareestudio/locations/asia-south1/services/checkoutstatus","timeoutSeconds":60,"environmentVariables":{"FIREBASE_CONFIG":"{\"projectId\":\"eshwesareestudio\",\"storageBucket\":\"eshwesareestudio.firebasestorage.app\"}","GCLOUD_PROJECT":"eshwesareestudio","EVENTARC_CLOUD_EVENT_SOURCE":"projects/eshwesareestudio/locations/asia-south1/services/checkoutStatus","FUNCTION_REGION":"asia-south1","FUNCTION_TARGET":"checkoutStatus","LOG_EXECUTION_ID":"true"},"ingressSettings":"ALLOW_ALL","serviceAccountEmail":"106884158684-compute@developer.gserviceaccount.com","availableMemory":"256Mi","secretEnvironmentVariables":[{"key":"RAZORPAY_KEY_ID","projectId":"eshwesareestudio","secret":"RAZORPAY_KEY_ID","version":"4"},{"key":"RAZORPAY_KEY_SECRET","projectId":"eshwesareestudio","secret":"RAZORPAY_KEY_SECRET","version":"4"}],"maxInstanceRequestConcurrency":80,"availableCpu":"1"},"labels":{"deployment-tool":"cli-firebase","firebase-functions-hash":"6ab8702ef0dc9af6c6deca4fc5ae944d33e11395"},"environment":"GEN_2"},"stages":[{"name":"BUILD","state":"NOT_STARTED"},{"name":"SERVICE","state":"NOT_STARTED"}],"operationType":"CREATE_FUNCTION"},"done":false}
[2026-09-12T16:16:18.611Z] [create-default-asia-south1-checkoutStatus] Retrying task index 0
[2026-09-12T16:16:18.611Z] Checked if tokens are valid: true, expires at: 1789232947367
[2026-09-12T16:16:18.611Z] Checked if tokens are valid: true, expires at: 1789232947367
[2026-09-12T16:16:18.611Z] >>> [apiv2][query] GET https://cloudfunctions.googleapis.com/v2/projects/eshwesareestudio/locations/asia-south1/operations/operation-1789229775001-65b4b85291870-9f137840-076e7852 [none]
[2026-09-12T16:16:19.117Z] <<< [apiv2][status] GET https://cloudfunctions.googleapis.com/v2/projects/eshwesareestudio/locations/asia-south1/operations/operation-1789229775001-65b4b85291870-9f137840-076e7852 200
[2026-09-12T16:16:19.117Z] <<< [apiv2][body] GET https://cloudfunctions.googleapis.com/v2/projects/eshwesareestudio/locations/asia-south1/operations/operation-1789229775001-65b4b85291870-9f137840-076e7852 {"name":"projects/eshwesareestudio/locations/asia-south1/operations/operation-1789229775001-65b4b85291870-9f137840-076e7852","metadata":{"@type":"type.googleapis.com/google.cloud.functions.v2.OperationMetadata","createTime":"2026-09-12T16:16:16.028176945Z","target":"projects/eshwesareestudio/locations/asia-south1/functions/checkoutStatus","verb":"create","cancelRequested":false,"apiVersion":"v2","requestResource":{"@type":"type.googleapis.com/google.cloud.functions.v2.Function","name":"projects/eshwesareestudio/locations/asia-south1/functions/checkoutStatus","buildConfig":{"runtime":"nodejs22","entryPoint":"checkoutStatus","source":{"storageSource":{"bucket":"gcf-v2-sources-106884158684-asia-south1","object":"checkoutStatus/function-source.zip","generation":"1789229775254039"}},"environmentVariables":{"GOOGLE_NODE_RUN_SCRIPTS":""},"serviceAccount":"projects/eshwesareestudio/serviceAccounts/106884158684-compute@developer.gserviceaccount.com","automaticUpdatePolicy":{}},"serviceConfig":{"service":"projects/eshwesareestudio/locations/asia-south1/services/checkoutstatus","timeoutSeconds":60,"environmentVariables":{"FIREBASE_CONFIG":"{\"projectId\":\"eshwesareestudio\",\"storageBucket\":\"eshwesareestudio.firebasestorage.app\"}","GCLOUD_PROJECT":"eshwesareestudio","EVENTARC_CLOUD_EVENT_SOURCE":"projects/eshwesareestudio/locations/asia-south1/services/checkoutStatus","FUNCTION_REGION":"asia-south1","FUNCTION_TARGET":"checkoutStatus","LOG_EXECUTION_ID":"true"},"ingressSettings":"ALLOW_ALL","serviceAccountEmail":"106884158684-compute@developer.gserviceaccount.com","availableMemory":"256Mi","secretEnvironmentVariables":[{"key":"RAZORPAY_KEY_ID","projectId":"eshwesareestudio","secret":"RAZORPAY_KEY_ID","version":"4"},{"key":"RAZORPAY_KEY_SECRET","projectId":"eshwesareestudio","secret":"RAZORPAY_KEY_SECRET","version":"4"}],"maxInstanceRequestConcurrency":80,"availableCpu":"1"},"labels":{"deployment-tool":"cli-firebase","firebase-functions-hash":"6ab8702ef0dc9af6c6deca4fc5ae944d33e11395"},"environment":"GEN_2"},"stages":[{"name":"BUILD","message":"Build in progress","state":"IN_PROGRESS","resource":"projects/106884158684/locations/asia-south1/builds/75357442-c93c-4deb-8428-97b0454b58a5","resourceUri":"https://console.cloud.google.com/cloud-build/builds;region=asia-south1/75357442-c93c-4deb-8428-97b0454b58a5?project=106884158684"},{"name":"SERVICE","state":"NOT_STARTED"}],"operationType":"CREATE_FUNCTION","buildName":"projects/106884158684/locations/asia-south1/builds/75357442-c93c-4deb-8428-97b0454b58a5"},"done":false}
[2026-09-12T16:16:21.117Z] [create-default-asia-south1-checkoutStatus] Retrying task index 0
[2026-09-12T16:16:21.118Z] Checked if tokens are valid: true, expires at: 1789232947367
[2026-09-12T16:16:21.118Z] Checked if tokens are valid: true, expires at: 1789232947367
[2026-09-12T16:16:21.118Z] >>> [apiv2][query] GET https://cloudfunctions.googleapis.com/v2/projects/eshwesareestudio/locations/asia-south1/operations/operation-1789229775001-65b4b85291870-9f137840-076e7852 [none]
[2026-09-12T16:16:21.624Z] <<< [apiv2][status] GET https://cloudfunctions.googleapis.com/v2/projects/eshwesareestudio/locations/asia-south1/operations/operation-1789229775001-65b4b85291870-9f137840-076e7852 200
[2026-09-12T16:16:21.624Z] <<< [apiv2][body] GET https://cloudfunctions.googleapis.com/v2/projects/eshwesareestudio/locations/asia-south1/operations/operation-1789229775001-65b4b85291870-9f137840-076e7852 {"name":"projects/eshwesareestudio/locations/asia-south1/operations/operation-1789229775001-65b4b85291870-9f137840-076e7852","metadata":{"@type":"type.googleapis.com/google.cloud.functions.v2.OperationMetadata","createTime":"2026-09-12T16:16:16.028176945Z","target":"projects/eshwesareestudio/locations/asia-south1/functions/checkoutStatus","verb":"create","cancelRequested":false,"apiVersion":"v2","requestResource":{"@type":"type.googleapis.com/google.cloud.functions.v2.Function","name":"projects/eshwesareestudio/locations/asia-south1/functions/checkoutStatus","buildConfig":{"runtime":"nodejs22","entryPoint":"checkoutStatus","source":{"storageSource":{"bucket":"gcf-v2-sources-106884158684-asia-south1","object":"checkoutStatus/function-source.zip","generation":"1789229775254039"}},"environmentVariables":{"GOOGLE_NODE_RUN_SCRIPTS":""},"serviceAccount":"projects/eshwesareestudio/serviceAccounts/106884158684-compute@developer.gserviceaccount.com","automaticUpdatePolicy":{}},"serviceConfig":{"service":"projects/eshwesareestudio/locations/asia-south1/services/checkoutstatus","timeoutSeconds":60,"environmentVariables":{"FIREBASE_CONFIG":"{\"projectId\":\"eshwesareestudio\",\"storageBucket\":\"eshwesareestudio.firebasestorage.app\"}","GCLOUD_PROJECT":"eshwesareestudio","EVENTARC_CLOUD_EVENT_SOURCE":"projects/eshwesareestudio/locations/asia-south1/services/checkoutStatus","FUNCTION_REGION":"asia-south1","FUNCTION_TARGET":"checkoutStatus","LOG_EXECUTION_ID":"true"},"ingressSettings":"ALLOW_ALL","serviceAccountEmail":"106884158684-compute@developer.gserviceaccount.com","availableMemory":"256Mi","secretEnvironmentVariables":[{"key":"RAZORPAY_KEY_ID","projectId":"eshwesareestudio","secret":"RAZORPAY_KEY_ID","version":"4"},{"key":"RAZORPAY_KEY_SECRET","projectId":"eshwesareestudio","secret":"RAZORPAY_KEY_SECRET","version":"4"}],"maxInstanceRequestConcurrency":80,"availableCpu":"1"},"labels":{"deployment-tool":"cli-firebase","firebase-functions-hash":"6ab8702ef0dc9af6c6deca4fc5ae944d33e11395"},"environment":"GEN_2"},"stages":[{"name":"BUILD","message":"Build in progress","state":"IN_PROGRESS","resource":"projects/106884158684/locations/asia-south1/builds/75357442-c93c-4deb-8428-97b0454b58a5","resourceUri":"https://console.cloud.google.com/cloud-build/builds;region=asia-south1/75357442-c93c-4deb-8428-97b0454b58a5?project=106884158684"},{"name":"SERVICE","state":"NOT_STARTED"}],"operationType":"CREATE_FUNCTION","buildName":"projects/106884158684/locations/asia-south1/builds/75357442-c93c-4deb-8428-97b0454b58a5"},"done":false}
[2026-09-12T16:16:25.626Z] [create-default-asia-south1-checkoutStatus] Retrying task index 0
[2026-09-12T16:16:25.627Z] Checked if tokens are valid: true, expires at: 1789232947367
[2026-09-12T16:16:25.630Z] Checked if tokens are valid: true, expires at: 1789232947367
[2026-09-12T16:16:25.631Z] >>> [apiv2][query] GET https://cloudfunctions.googleapis.com/v2/projects/eshwesareestudio/locations/asia-south1/operations/operation-1789229775001-65b4b85291870-9f137840-076e7852 [none]
[2026-09-12T16:16:26.175Z] <<< [apiv2][status] GET https://cloudfunctions.googleapis.com/v2/projects/eshwesareestudio/locations/asia-south1/operations/operation-1789229775001-65b4b85291870-9f137840-076e7852 200
[2026-09-12T16:16:26.175Z] <<< [apiv2][body] GET https://cloudfunctions.googleapis.com/v2/projects/eshwesareestudio/locations/asia-south1/operations/operation-1789229775001-65b4b85291870-9f137840-076e7852 {"name":"projects/eshwesareestudio/locations/asia-south1/operations/operation-1789229775001-65b4b85291870-9f137840-076e7852","metadata":{"@type":"type.googleapis.com/google.cloud.functions.v2.OperationMetadata","createTime":"2026-09-12T16:16:16.028176945Z","target":"projects/eshwesareestudio/locations/asia-south1/functions/checkoutStatus","verb":"create","cancelRequested":false,"apiVersion":"v2","requestResource":{"@type":"type.googleapis.com/google.cloud.functions.v2.Function","name":"projects/eshwesareestudio/locations/asia-south1/functions/checkoutStatus","buildConfig":{"runtime":"nodejs22","entryPoint":"checkoutStatus","source":{"storageSource":{"bucket":"gcf-v2-sources-106884158684-asia-south1","object":"checkoutStatus/function-source.zip","generation":"1789229775254039"}},"environmentVariables":{"GOOGLE_NODE_RUN_SCRIPTS":""},"serviceAccount":"projects/eshwesareestudio/serviceAccounts/106884158684-compute@developer.gserviceaccount.com","automaticUpdatePolicy":{}},"serviceConfig":{"service":"projects/eshwesareestudio/locations/asia-south1/services/checkoutstatus","timeoutSeconds":60,"environmentVariables":{"FIREBASE_CONFIG":"{\"projectId\":\"eshwesareestudio\",\"storageBucket\":\"eshwesareestudio.firebasestorage.app\"}","GCLOUD_PROJECT":"eshwesareestudio","EVENTARC_CLOUD_EVENT_SOURCE":"projects/eshwesareestudio/locations/asia-south1/services/checkoutStatus","FUNCTION_REGION":"asia-south1","FUNCTION_TARGET":"checkoutStatus","LOG_EXECUTION_ID":"true"},"ingressSettings":"ALLOW_ALL","serviceAccountEmail":"106884158684-compute@developer.gserviceaccount.com","availableMemory":"256Mi","secretEnvironmentVariables":[{"key":"RAZORPAY_KEY_ID","projectId":"eshwesareestudio","secret":"RAZORPAY_KEY_ID","version":"4"},{"key":"RAZORPAY_KEY_SECRET","projectId":"eshwesareestudio","secret":"RAZORPAY_KEY_SECRET","version":"4"}],"maxInstanceRequestConcurrency":80,"availableCpu":"1"},"labels":{"deployment-tool":"cli-firebase","firebase-functions-hash":"6ab8702ef0dc9af6c6deca4fc5ae944d33e11395"},"environment":"GEN_2"},"stages":[{"name":"BUILD","message":"Build in progress","state":"IN_PROGRESS","resource":"projects/106884158684/locations/asia-south1/builds/75357442-c93c-4deb-8428-97b0454b58a5","resourceUri":"https://console.cloud.google.com/cloud-build/builds;region=asia-south1/75357442-c93c-4deb-8428-97b0454b58a5?project=106884158684"},{"name":"SERVICE","state":"NOT_STARTED"}],"operationType":"CREATE_FUNCTION","buildName":"projects/106884158684/locations/asia-south1/builds/75357442-c93c-4deb-8428-97b0454b58a5"},"done":false}
[2026-09-12T16:16:34.180Z] [create-default-asia-south1-checkoutStatus] Retrying task index 0
[2026-09-12T16:16:34.182Z] Checked if tokens are valid: true, expires at: 1789232947367
[2026-09-12T16:16:34.182Z] Checked if tokens are valid: true, expires at: 1789232947367
[2026-09-12T16:16:34.183Z] >>> [apiv2][query] GET https://cloudfunctions.googleapis.com/v2/projects/eshwesareestudio/locations/asia-south1/operations/operation-1789229775001-65b4b85291870-9f137840-076e7852 [none]
[2026-09-12T16:16:34.702Z] <<< [apiv2][status] GET https://cloudfunctions.googleapis.com/v2/projects/eshwesareestudio/locations/asia-south1/operations/operation-1789229775001-65b4b85291870-9f137840-076e7852 200
[2026-09-12T16:16:34.703Z] <<< [apiv2][body] GET https://cloudfunctions.googleapis.com/v2/projects/eshwesareestudio/locations/asia-south1/operations/operation-1789229775001-65b4b85291870-9f137840-076e7852 {"name":"projects/eshwesareestudio/locations/asia-south1/operations/operation-1789229775001-65b4b85291870-9f137840-076e7852","metadata":{"@type":"type.googleapis.com/google.cloud.functions.v2.OperationMetadata","createTime":"2026-09-12T16:16:16.028176945Z","target":"projects/eshwesareestudio/locations/asia-south1/functions/checkoutStatus","verb":"create","cancelRequested":false,"apiVersion":"v2","requestResource":{"@type":"type.googleapis.com/google.cloud.functions.v2.Function","name":"projects/eshwesareestudio/locations/asia-south1/functions/checkoutStatus","buildConfig":{"runtime":"nodejs22","entryPoint":"checkoutStatus","source":{"storageSource":{"bucket":"gcf-v2-sources-106884158684-asia-south1","object":"checkoutStatus/function-source.zip","generation":"1789229775254039"}},"environmentVariables":{"GOOGLE_NODE_RUN_SCRIPTS":""},"serviceAccount":"projects/eshwesareestudio/serviceAccounts/106884158684-compute@developer.gserviceaccount.com","automaticUpdatePolicy":{}},"serviceConfig":{"service":"projects/eshwesareestudio/locations/asia-south1/services/checkoutstatus","timeoutSeconds":60,"environmentVariables":{"FIREBASE_CONFIG":"{\"projectId\":\"eshwesareestudio\",\"storageBucket\":\"eshwesareestudio.firebasestorage.app\"}","GCLOUD_PROJECT":"eshwesareestudio","EVENTARC_CLOUD_EVENT_SOURCE":"projects/eshwesareestudio/locations/asia-south1/services/checkoutStatus","FUNCTION_REGION":"asia-south1","FUNCTION_TARGET":"checkoutStatus","LOG_EXECUTION_ID":"true"},"ingressSettings":"ALLOW_ALL","serviceAccountEmail":"106884158684-compute@developer.gserviceaccount.com","availableMemory":"256Mi","secretEnvironmentVariables":[{"key":"RAZORPAY_KEY_ID","projectId":"eshwesareestudio","secret":"RAZORPAY_KEY_ID","version":"4"},{"key":"RAZORPAY_KEY_SECRET","projectId":"eshwesareestudio","secret":"RAZORPAY_KEY_SECRET","version":"4"}],"maxInstanceRequestConcurrency":80,"availableCpu":"1"},"labels":{"deployment-tool":"cli-firebase","firebase-functions-hash":"6ab8702ef0dc9af6c6deca4fc5ae944d33e11395"},"environment":"GEN_2"},"stages":[{"name":"BUILD","message":"Build in progress","state":"IN_PROGRESS","resource":"projects/106884158684/locations/asia-south1/builds/75357442-c93c-4deb-8428-97b0454b58a5","resourceUri":"https://console.cloud.google.com/cloud-build/builds;region=asia-south1/75357442-c93c-4deb-8428-97b0454b58a5?project=106884158684"},{"name":"SERVICE","state":"NOT_STARTED"}],"operationType":"CREATE_FUNCTION","buildName":"projects/106884158684/locations/asia-south1/builds/75357442-c93c-4deb-8428-97b0454b58a5"},"done":false}
[2026-09-12T16:16:44.703Z] [create-default-asia-south1-checkoutStatus] Retrying task index 0
[2026-09-12T16:16:44.704Z] Checked if tokens are valid: true, expires at: 1789232947367
[2026-09-12T16:16:44.704Z] Checked if tokens are valid: true, expires at: 1789232947367
[2026-09-12T16:16:44.704Z] >>> [apiv2][query] GET https://cloudfunctions.googleapis.com/v2/projects/eshwesareestudio/locations/asia-south1/operations/operation-1789229775001-65b4b85291870-9f137840-076e7852 [none]
[2026-09-12T16:16:45.272Z] <<< [apiv2][status] GET https://cloudfunctions.googleapis.com/v2/projects/eshwesareestudio/locations/asia-south1/operations/operation-1789229775001-65b4b85291870-9f137840-076e7852 200
[2026-09-12T16:16:45.273Z] <<< [apiv2][body] GET https://cloudfunctions.googleapis.com/v2/projects/eshwesareestudio/locations/asia-south1/operations/operation-1789229775001-65b4b85291870-9f137840-076e7852 {"name":"projects/eshwesareestudio/locations/asia-south1/operations/operation-1789229775001-65b4b85291870-9f137840-076e7852","metadata":{"@type":"type.googleapis.com/google.cloud.functions.v2.OperationMetadata","createTime":"2026-09-12T16:16:16.028176945Z","target":"projects/eshwesareestudio/locations/asia-south1/functions/checkoutStatus","verb":"create","cancelRequested":false,"apiVersion":"v2","requestResource":{"@type":"type.googleapis.com/google.cloud.functions.v2.Function","name":"projects/eshwesareestudio/locations/asia-south1/functions/checkoutStatus","buildConfig":{"runtime":"nodejs22","entryPoint":"checkoutStatus","source":{"storageSource":{"bucket":"gcf-v2-sources-106884158684-asia-south1","object":"checkoutStatus/function-source.zip","generation":"1789229775254039"}},"environmentVariables":{"GOOGLE_NODE_RUN_SCRIPTS":""},"serviceAccount":"projects/eshwesareestudio/serviceAccounts/106884158684-compute@developer.gserviceaccount.com","automaticUpdatePolicy":{}},"serviceConfig":{"service":"projects/eshwesareestudio/locations/asia-south1/services/checkoutstatus","timeoutSeconds":60,"environmentVariables":{"FIREBASE_CONFIG":"{\"projectId\":\"eshwesareestudio\",\"storageBucket\":\"eshwesareestudio.firebasestorage.app\"}","GCLOUD_PROJECT":"eshwesareestudio","EVENTARC_CLOUD_EVENT_SOURCE":"projects/eshwesareestudio/locations/asia-south1/services/checkoutStatus","FUNCTION_REGION":"asia-south1","FUNCTION_TARGET":"checkoutStatus","LOG_EXECUTION_ID":"true"},"ingressSettings":"ALLOW_ALL","serviceAccountEmail":"106884158684-compute@developer.gserviceaccount.com","availableMemory":"256Mi","secretEnvironmentVariables":[{"key":"RAZORPAY_KEY_ID","projectId":"eshwesareestudio","secret":"RAZORPAY_KEY_ID","version":"4"},{"key":"RAZORPAY_KEY_SECRET","projectId":"eshwesareestudio","secret":"RAZORPAY_KEY_SECRET","version":"4"}],"maxInstanceRequestConcurrency":80,"availableCpu":"1"},"labels":{"deployment-tool":"cli-firebase","firebase-functions-hash":"6ab8702ef0dc9af6c6deca4fc5ae944d33e11395"},"environment":"GEN_2"},"stages":[{"name":"BUILD","message":"Build in progress","state":"IN_PROGRESS","resource":"projects/106884158684/locations/asia-south1/builds/75357442-c93c-4deb-8428-97b0454b58a5","resourceUri":"https://console.cloud.google.com/cloud-build/builds;region=asia-south1/75357442-c93c-4deb-8428-97b0454b58a5?project=106884158684"},{"name":"SERVICE","state":"NOT_STARTED"}],"operationType":"CREATE_FUNCTION","buildName":"projects/106884158684/locations/asia-south1/builds/75357442-c93c-4deb-8428-97b0454b58a5"},"done":false}
[2026-09-12T16:16:55.275Z] [create-default-asia-south1-checkoutStatus] Retrying task index 0
[2026-09-12T16:16:55.275Z] Checked if tokens are valid: true, expires at: 1789232947367
[2026-09-12T16:16:55.275Z] Checked if tokens are valid: true, expires at: 1789232947367
[2026-09-12T16:16:55.276Z] >>> [apiv2][query] GET https://cloudfunctions.googleapis.com/v2/projects/eshwesareestudio/locations/asia-south1/operations/operation-1789229775001-65b4b85291870-9f137840-076e7852 [none]
[2026-09-12T16:16:56.486Z] <<< [apiv2][status] GET https://cloudfunctions.googleapis.com/v2/projects/eshwesareestudio/locations/asia-south1/operations/operation-1789229775001-65b4b85291870-9f137840-076e7852 200
[2026-09-12T16:16:56.487Z] <<< [apiv2][body] GET https://cloudfunctions.googleapis.com/v2/projects/eshwesareestudio/locations/asia-south1/operations/operation-1789229775001-65b4b85291870-9f137840-076e7852 {"name":"projects/eshwesareestudio/locations/asia-south1/operations/operation-1789229775001-65b4b85291870-9f137840-076e7852","metadata":{"@type":"type.googleapis.com/google.cloud.functions.v2.OperationMetadata","createTime":"2026-09-12T16:16:16.028176945Z","target":"projects/eshwesareestudio/locations/asia-south1/functions/checkoutStatus","verb":"create","cancelRequested":false,"apiVersion":"v2","requestResource":{"@type":"type.googleapis.com/google.cloud.functions.v2.Function","name":"projects/eshwesareestudio/locations/asia-south1/functions/checkoutStatus","buildConfig":{"runtime":"nodejs22","entryPoint":"checkoutStatus","source":{"storageSource":{"bucket":"gcf-v2-sources-106884158684-asia-south1","object":"checkoutStatus/function-source.zip","generation":"1789229775254039"}},"environmentVariables":{"GOOGLE_NODE_RUN_SCRIPTS":""},"serviceAccount":"projects/eshwesareestudio/serviceAccounts/106884158684-compute@developer.gserviceaccount.com","automaticUpdatePolicy":{}},"serviceConfig":{"service":"projects/eshwesareestudio/locations/asia-south1/services/checkoutstatus","timeoutSeconds":60,"environmentVariables":{"FIREBASE_CONFIG":"{\"projectId\":\"eshwesareestudio\",\"storageBucket\":\"eshwesareestudio.firebasestorage.app\"}","GCLOUD_PROJECT":"eshwesareestudio","EVENTARC_CLOUD_EVENT_SOURCE":"projects/eshwesareestudio/locations/asia-south1/services/checkoutStatus","FUNCTION_REGION":"asia-south1","FUNCTION_TARGET":"checkoutStatus","LOG_EXECUTION_ID":"true"},"ingressSettings":"ALLOW_ALL","serviceAccountEmail":"106884158684-compute@developer.gserviceaccount.com","availableMemory":"256Mi","secretEnvironmentVariables":[{"key":"RAZORPAY_KEY_ID","projectId":"eshwesareestudio","secret":"RAZORPAY_KEY_ID","version":"4"},{"key":"RAZORPAY_KEY_SECRET","projectId":"eshwesareestudio","secret":"RAZORPAY_KEY_SECRET","version":"4"}],"maxInstanceRequestConcurrency":80,"availableCpu":"1"},"labels":{"deployment-tool":"cli-firebase","firebase-functions-hash":"6ab8702ef0dc9af6c6deca4fc5ae944d33e11395"},"environment":"GEN_2"},"stages":[{"name":"BUILD","message":"Build in progress","state":"IN_PROGRESS","resource":"projects/106884158684/locations/asia-south1/builds/75357442-c93c-4deb-8428-97b0454b58a5","resourceUri":"https://console.cloud.google.com/cloud-build/builds;region=asia-south1/75357442-c93c-4deb-8428-97b0454b58a5?project=106884158684"},{"name":"SERVICE","state":"NOT_STARTED"}],"operationType":"CREATE_FUNCTION","buildName":"projects/106884158684/locations/asia-south1/builds/75357442-c93c-4deb-8428-97b0454b58a5"},"done":false}
[2026-09-12T16:17:06.488Z] [create-default-asia-south1-checkoutStatus] Retrying task index 0
[2026-09-12T16:17:06.490Z] Checked if tokens are valid: true, expires at: 1789232947367
[2026-09-12T16:17:06.490Z] Checked if tokens are valid: true, expires at: 1789232947367
[2026-09-12T16:17:06.490Z] >>> [apiv2][query] GET https://cloudfunctions.googleapis.com/v2/projects/eshwesareestudio/locations/asia-south1/operations/operation-1789229775001-65b4b85291870-9f137840-076e7852 [none]
[2026-09-12T16:17:07.052Z] <<< [apiv2][status] GET https://cloudfunctions.googleapis.com/v2/projects/eshwesareestudio/locations/asia-south1/operations/operation-1789229775001-65b4b85291870-9f137840-076e7852 200
[2026-09-12T16:17:07.052Z] <<< [apiv2][body] GET https://cloudfunctions.googleapis.com/v2/projects/eshwesareestudio/locations/asia-south1/operations/operation-1789229775001-65b4b85291870-9f137840-076e7852 {"name":"projects/eshwesareestudio/locations/asia-south1/operations/operation-1789229775001-65b4b85291870-9f137840-076e7852","metadata":{"@type":"type.googleapis.com/google.cloud.functions.v2.OperationMetadata","createTime":"2026-09-12T16:16:16.028176945Z","target":"projects/eshwesareestudio/locations/asia-south1/functions/checkoutStatus","verb":"create","cancelRequested":false,"apiVersion":"v2","requestResource":{"@type":"type.googleapis.com/google.cloud.functions.v2.Function","name":"projects/eshwesareestudio/locations/asia-south1/functions/checkoutStatus","buildConfig":{"runtime":"nodejs22","entryPoint":"checkoutStatus","source":{"storageSource":{"bucket":"gcf-v2-sources-106884158684-asia-south1","object":"checkoutStatus/function-source.zip","generation":"1789229775254039"}},"environmentVariables":{"GOOGLE_NODE_RUN_SCRIPTS":""},"serviceAccount":"projects/eshwesareestudio/serviceAccounts/106884158684-compute@developer.gserviceaccount.com","automaticUpdatePolicy":{}},"serviceConfig":{"service":"projects/eshwesareestudio/locations/asia-south1/services/checkoutstatus","timeoutSeconds":60,"environmentVariables":{"FIREBASE_CONFIG":"{\"projectId\":\"eshwesareestudio\",\"storageBucket\":\"eshwesareestudio.firebasestorage.app\"}","GCLOUD_PROJECT":"eshwesareestudio","EVENTARC_CLOUD_EVENT_SOURCE":"projects/eshwesareestudio/locations/asia-south1/services/checkoutStatus","FUNCTION_REGION":"asia-south1","FUNCTION_TARGET":"checkoutStatus","LOG_EXECUTION_ID":"true"},"ingressSettings":"ALLOW_ALL","serviceAccountEmail":"106884158684-compute@developer.gserviceaccount.com","availableMemory":"256Mi","secretEnvironmentVariables":[{"key":"RAZORPAY_KEY_ID","projectId":"eshwesareestudio","secret":"RAZORPAY_KEY_ID","version":"4"},{"key":"RAZORPAY_KEY_SECRET","projectId":"eshwesareestudio","secret":"RAZORPAY_KEY_SECRET","version":"4"}],"maxInstanceRequestConcurrency":80,"availableCpu":"1"},"labels":{"deployment-tool":"cli-firebase","firebase-functions-hash":"6ab8702ef0dc9af6c6deca4fc5ae944d33e11395"},"environment":"GEN_2"},"stages":[{"name":"BUILD","message":"Build finished","state":"COMPLETE","resource":"projects/106884158684/locations/asia-south1/builds/75357442-c93c-4deb-8428-97b0454b58a5","resourceUri":"https://console.cloud.google.com/cloud-build/builds;region=asia-south1/75357442-c93c-4deb-8428-97b0454b58a5?project=106884158684"},{"name":"SERVICE","message":"Creating Cloud Run service","state":"IN_PROGRESS","resource":"projects/eshwesareestudio/locations/asia-south1/services/checkoutstatus","resourceUri":"https://console.cloud.google.com/run/detail/asia-south1/checkoutstatus?project=eshwesareestudio"}],"sourceToken":"Cldwcm9qZWN0cy8xMDY4ODQxNTg2ODQvbG9jYXRpb25zL2FzaWEtc291dGgxL2J1aWxkcy83NTM1NzQ0Mi1jOTNjLTRkZWItODQyOC05N2IwNDU0YjU4YTUSc2FzaWEtc291dGgxLWRvY2tlci5wa2cuZGV2L2VzaHdlc2FyZWVzdHVkaW8vZ2NmLWFydGlmYWN0cy9lc2h3ZXNhcmVlc3R1ZGlvX19hc2lhLS1zb3V0aDFfX2NoZWNrb3V0X3N0YXR1czp2ZXJzaW9uXzEY3Kmrlo4DIkhwcm9qZWN0cy9lc2h3ZXNhcmVlc3R1ZGlvL2xvY2F0aW9ucy9hc2lhLXNvdXRoMS9mdW5jdGlvbnMvY2hlY2tvdXRTdGF0dXMqCwj/9ZXVBhDYr64pMghub2RlanMyMjp2CiNnY3IuaW8vZ2FlLXJ1bnRpbWVzL25vZGVqczIyOnN0YWJsZRJPYXNpYS1zb3V0aDEtZG9ja2VyLnBrZy5kZXYvc2VydmVybGVzcy1ydW50aW1lcy9nb29nbGUtMjItZnVsbC9ydW50aW1lcy9ub2RlanMyMkAB","operationType":"CREATE_FUNCTION","buildName":"projects/106884158684/locations/asia-south1/builds/75357442-c93c-4deb-8428-97b0454b58a5"},"done":false}
[2026-09-12T16:17:07.053Z] Got source token Cldwcm9qZWN0cy8xMDY4ODQxNTg2ODQvbG9jYXRpb25zL2FzaWEtc291dGgxL2J1aWxkcy83NTM1NzQ0Mi1jOTNjLTRkZWItODQyOC05N2IwNDU0YjU4YTUSc2FzaWEtc291dGgxLWRvY2tlci5wa2cuZGV2L2VzaHdlc2FyZWVzdHVkaW8vZ2NmLWFydGlmYWN0cy9lc2h3ZXNhcmVlc3R1ZGlvX19hc2lhLS1zb3V0aDFfX2NoZWNrb3V0X3N0YXR1czp2ZXJzaW9uXzEY3Kmrlo4DIkhwcm9qZWN0cy9lc2h3ZXNhcmVlc3R1ZGlvL2xvY2F0aW9ucy9hc2lhLXNvdXRoMS9mdW5jdGlvbnMvY2hlY2tvdXRTdGF0dXMqCwj/9ZXVBhDYr64pMghub2RlanMyMjp2CiNnY3IuaW8vZ2FlLXJ1bnRpbWVzL25vZGVqczIyOnN0YWJsZRJPYXNpYS1zb3V0aDEtZG9ja2VyLnBrZy5kZXYvc2VydmVybGVzcy1ydW50aW1lcy9nb29nbGUtMjItZnVsbC9ydW50aW1lcy9ub2RlanMyMkAB for region asia-south1
[2026-09-12T16:17:07.053Z] Checked if tokens are valid: true, expires at: 1789232947367
[2026-09-12T16:17:07.053Z] Checked if tokens are valid: true, expires at: 1789232947367
[2026-09-12T16:17:07.053Z] Checked if tokens are valid: true, expires at: 1789232947367
[2026-09-12T16:17:07.053Z] Checked if tokens are valid: true, expires at: 1789232947367
[2026-09-12T16:17:07.054Z] Checked if tokens are valid: true, expires at: 1789232947367
[2026-09-12T16:17:07.054Z] Checked if tokens are valid: true, expires at: 1789232947367
[2026-09-12T16:17:07.054Z] Checked if tokens are valid: true, expires at: 1789232947367
[2026-09-12T16:17:07.054Z] Checked if tokens are valid: true, expires at: 1789232947367
[2026-09-12T16:17:07.054Z] Checked if tokens are valid: true, expires at: 1789232947367
[2026-09-12T16:17:07.054Z] Checked if tokens are valid: true, expires at: 1789232947367
[2026-09-12T16:17:07.055Z] Checked if tokens are valid: true, expires at: 1789232947367
[2026-09-12T16:17:07.055Z] Checked if tokens are valid: true, expires at: 1789232947367
[2026-09-12T16:17:07.055Z] Checked if tokens are valid: true, expires at: 1789232947367
[2026-09-12T16:17:07.055Z] Checked if tokens are valid: true, expires at: 1789232947367
[2026-09-12T16:17:07.055Z] Checked if tokens are valid: true, expires at: 1789232947367
[2026-09-12T16:17:07.055Z] Checked if tokens are valid: true, expires at: 1789232947367
[2026-09-12T16:17:07.055Z] Checked if tokens are valid: true, expires at: 1789232947367
[2026-09-12T16:17:07.055Z] Checked if tokens are valid: true, expires at: 1789232947367
[2026-09-12T16:17:07.055Z] Checked if tokens are valid: true, expires at: 1789232947367
[2026-09-12T16:17:07.055Z] Checked if tokens are valid: true, expires at: 1789232947367
[2026-09-12T16:17:07.056Z] >>> [apiv2][query] POST https://cloudfunctions.googleapis.com/v2/projects/eshwesareestudio/locations/asia-south1/functions functionId=ownerOrderAction
[2026-09-12T16:17:07.056Z] >>> [apiv2][body] POST https://cloudfunctions.googleapis.com/v2/projects/eshwesareestudio/locations/asia-south1/functions {"name":"projects/eshwesareestudio/locations/asia-south1/functions/ownerOrderAction","buildConfig":{"runtime":"nodejs22","entryPoint":"ownerOrderAction","source":{"storageSource":{"bucket":"gcf-v2-uploads-106884158684.asia-south1.cloudfunctions.appspot.com","object":"e2a398fd-16ad-4500-b33d-bb5b4cbdec21.zip"}},"environmentVariables":{"GOOGLE_NODE_RUN_SCRIPTS":""},"sourceToken":"Cldwcm9qZWN0cy8xMDY4ODQxNTg2ODQvbG9jYXRpb25zL2FzaWEtc291dGgxL2J1aWxkcy83NTM1NzQ0Mi1jOTNjLTRkZWItODQyOC05N2IwNDU0YjU4YTUSc2FzaWEtc291dGgxLWRvY2tlci5wa2cuZGV2L2VzaHdlc2FyZWVzdHVkaW8vZ2NmLWFydGlmYWN0cy9lc2h3ZXNhcmVlc3R1ZGlvX19hc2lhLS1zb3V0aDFfX2NoZWNrb3V0X3N0YXR1czp2ZXJzaW9uXzEY3Kmrlo4DIkhwcm9qZWN0cy9lc2h3ZXNhcmVlc3R1ZGlvL2xvY2F0aW9ucy9hc2lhLXNvdXRoMS9mdW5jdGlvbnMvY2hlY2tvdXRTdGF0dXMqCwj/9ZXVBhDYr64pMghub2RlanMyMjp2CiNnY3IuaW8vZ2FlLXJ1bnRpbWVzL25vZGVqczIyOnN0YWJsZRJPYXNpYS1zb3V0aDEtZG9ja2VyLnBrZy5kZXYvc2VydmVybGVzcy1ydW50aW1lcy9nb29nbGUtMjItZnVsbC9ydW50aW1lcy9ub2RlanMyMkAB"},"serviceConfig":{"environmentVariables":{"FIREBASE_CONFIG":"{\"projectId\":\"eshwesareestudio\",\"storageBucket\":\"eshwesareestudio.firebasestorage.app\"}","GCLOUD_PROJECT":"eshwesareestudio","EVENTARC_CLOUD_EVENT_SOURCE":"projects/eshwesareestudio/locations/asia-south1/services/ownerOrderAction","FUNCTION_REGION":"asia-south1","FUNCTION_TARGET":"ownerOrderAction","LOG_EXECUTION_ID":"true"},"secretEnvironmentVariables":[{"key":"RAZORPAY_KEY_ID","secret":"RAZORPAY_KEY_ID","projectId":"eshwesareestudio","version":"4"},{"key":"RAZORPAY_KEY_SECRET","secret":"RAZORPAY_KEY_SECRET","projectId":"eshwesareestudio","version":"4"}],"ingressSettings":null,"timeoutSeconds":null,"serviceAccountEmail":null,"availableMemory":"256Mi","minInstanceCount":null,"maxInstanceCount":null,"maxInstanceRequestConcurrency":80,"availableCpu":"1","vpcConnector":null,"vpcConnectorEgressSettings":null,"directVpcNetworkInterface":null,"directVpcEgress":null},"labels":{"deployment-tool":"cli-firebase","firebase-functions-hash":"6ab8702ef0dc9af6c6deca4fc5ae944d33e11395"}}
[2026-09-12T16:17:07.057Z] >>> [apiv2][query] POST https://cloudfunctions.googleapis.com/v2/projects/eshwesareestudio/locations/asia-south1/functions functionId=ownerProductAction
[2026-09-12T16:17:07.058Z] >>> [apiv2][body] POST https://cloudfunctions.googleapis.com/v2/projects/eshwesareestudio/locations/asia-south1/functions {"name":"projects/eshwesareestudio/locations/asia-south1/functions/ownerProductAction","buildConfig":{"runtime":"nodejs22","entryPoint":"ownerProductAction","source":{"storageSource":{"bucket":"gcf-v2-uploads-106884158684.asia-south1.cloudfunctions.appspot.com","object":"e2a398fd-16ad-4500-b33d-bb5b4cbdec21.zip"}},"environmentVariables":{"GOOGLE_NODE_RUN_SCRIPTS":""},"sourceToken":"Cldwcm9qZWN0cy8xMDY4ODQxNTg2ODQvbG9jYXRpb25zL2FzaWEtc291dGgxL2J1aWxkcy83NTM1NzQ0Mi1jOTNjLTRkZWItODQyOC05N2IwNDU0YjU4YTUSc2FzaWEtc291dGgxLWRvY2tlci5wa2cuZGV2L2VzaHdlc2FyZWVzdHVkaW8vZ2NmLWFydGlmYWN0cy9lc2h3ZXNhcmVlc3R1ZGlvX19hc2lhLS1zb3V0aDFfX2NoZWNrb3V0X3N0YXR1czp2ZXJzaW9uXzEY3Kmrlo4DIkhwcm9qZWN0cy9lc2h3ZXNhcmVlc3R1ZGlvL2xvY2F0aW9ucy9hc2lhLXNvdXRoMS9mdW5jdGlvbnMvY2hlY2tvdXRTdGF0dXMqCwj/9ZXVBhDYr64pMghub2RlanMyMjp2CiNnY3IuaW8vZ2FlLXJ1bnRpbWVzL25vZGVqczIyOnN0YWJsZRJPYXNpYS1zb3V0aDEtZG9ja2VyLnBrZy5kZXYvc2VydmVybGVzcy1ydW50aW1lcy9nb29nbGUtMjItZnVsbC9ydW50aW1lcy9ub2RlanMyMkAB"},"serviceConfig":{"environmentVariables":{"FIREBASE_CONFIG":"{\"projectId\":\"eshwesareestudio\",\"storageBucket\":\"eshwesareestudio.firebasestorage.app\"}","GCLOUD_PROJECT":"eshwesareestudio","EVENTARC_CLOUD_EVENT_SOURCE":"projects/eshwesareestudio/locations/asia-south1/services/ownerProductAction","FUNCTION_REGION":"asia-south1","FUNCTION_TARGET":"ownerProductAction","LOG_EXECUTION_ID":"true"},"ingressSettings":null,"timeoutSeconds":null,"serviceAccountEmail":null,"availableMemory":"256Mi","minInstanceCount":null,"maxInstanceCount":null,"maxInstanceRequestConcurrency":80,"availableCpu":"1","vpcConnector":null,"vpcConnectorEgressSettings":null,"directVpcNetworkInterface":null,"directVpcEgress":null},"labels":{"deployment-tool":"cli-firebase","firebase-functions-hash":"dfb918a5ef846c88c82e4c100a033f23358f588c"}}
[2026-09-12T16:17:07.058Z] >>> [apiv2][query] POST https://cloudfunctions.googleapis.com/v2/projects/eshwesareestudio/locations/asia-south1/functions functionId=reconcileCheckoutOrders
[2026-09-12T16:17:07.059Z] >>> [apiv2][body] POST https://cloudfunctions.googleapis.com/v2/projects/eshwesareestudio/locations/asia-south1/functions {"name":"projects/eshwesareestudio/locations/asia-south1/functions/reconcileCheckoutOrders","buildConfig":{"runtime":"nodejs22","entryPoint":"reconcileCheckoutOrders","source":{"storageSource":{"bucket":"gcf-v2-uploads-106884158684.asia-south1.cloudfunctions.appspot.com","object":"e2a398fd-16ad-4500-b33d-bb5b4cbdec21.zip"}},"environmentVariables":{"GOOGLE_NODE_RUN_SCRIPTS":""},"sourceToken":"Cldwcm9qZWN0cy8xMDY4ODQxNTg2ODQvbG9jYXRpb25zL2FzaWEtc291dGgxL2J1aWxkcy83NTM1NzQ0Mi1jOTNjLTRkZWItODQyOC05N2IwNDU0YjU4YTUSc2FzaWEtc291dGgxLWRvY2tlci5wa2cuZGV2L2VzaHdlc2FyZWVzdHVkaW8vZ2NmLWFydGlmYWN0cy9lc2h3ZXNhcmVlc3R1ZGlvX19hc2lhLS1zb3V0aDFfX2NoZWNrb3V0X3N0YXR1czp2ZXJzaW9uXzEY3Kmrlo4DIkhwcm9qZWN0cy9lc2h3ZXNhcmVlc3R1ZGlvL2xvY2F0aW9ucy9hc2lhLXNvdXRoMS9mdW5jdGlvbnMvY2hlY2tvdXRTdGF0dXMqCwj/9ZXVBhDYr64pMghub2RlanMyMjp2CiNnY3IuaW8vZ2FlLXJ1bnRpbWVzL25vZGVqczIyOnN0YWJsZRJPYXNpYS1zb3V0aDEtZG9ja2VyLnBrZy5kZXYvc2VydmVybGVzcy1ydW50aW1lcy9nb29nbGUtMjItZnVsbC9ydW50aW1lcy9ub2RlanMyMkAB"},"serviceConfig":{"environmentVariables":{"FIREBASE_CONFIG":"{\"projectId\":\"eshwesareestudio\",\"storageBucket\":\"eshwesareestudio.firebasestorage.app\"}","GCLOUD_PROJECT":"eshwesareestudio","EVENTARC_CLOUD_EVENT_SOURCE":"projects/eshwesareestudio/locations/asia-south1/services/reconcileCheckoutOrders","FUNCTION_REGION":"asia-south1","FUNCTION_TARGET":"reconcileCheckoutOrders","LOG_EXECUTION_ID":"true"},"secretEnvironmentVariables":[{"key":"RAZORPAY_KEY_ID","secret":"RAZORPAY_KEY_ID","projectId":"eshwesareestudio","version":"4"},{"key":"RAZORPAY_KEY_SECRET","secret":"RAZORPAY_KEY_SECRET","projectId":"eshwesareestudio","version":"4"}],"ingressSettings":null,"timeoutSeconds":null,"serviceAccountEmail":null,"availableMemory":"256Mi","minInstanceCount":null,"maxInstanceCount":null,"maxInstanceRequestConcurrency":80,"availableCpu":"1","vpcConnector":null,"vpcConnectorEgressSettings":null,"directVpcNetworkInterface":null,"directVpcEgress":null},"labels":{"deployment-tool":"cli-firebase","deployment-scheduled":"true","firebase-functions-hash":"6ab8702ef0dc9af6c6deca4fc5ae944d33e11395"}}
[2026-09-12T16:17:07.059Z] >>> [apiv2][query] PATCH https://cloudfunctions.googleapis.com/v2/projects/eshwesareestudio/locations/asia-south1/functions/sendContactEmailNotification updateMask=name%2CbuildConfig.runtime%2CbuildConfig.entryPoint%2CbuildConfig.source.storageSource.bucket%2CbuildConfig.source.storageSource.object%2CbuildConfig.environmentVariables%2CbuildConfig.sourceToken%2CserviceConfig.environmentVariables%2CserviceConfig.secretEnvironmentVariables%2CserviceConfig.ingressSettings%2CserviceConfig.timeoutSeconds%2CserviceConfig.serviceAccountEmail%2CserviceConfig.availableMemory%2CserviceConfig.minInstanceCount%2CserviceConfig.maxInstanceCount%2CserviceConfig.maxInstanceRequestConcurrency%2CserviceConfig.availableCpu%2CserviceConfig.vpcConnector%2CserviceConfig.vpcConnectorEgressSettings%2CserviceConfig.directVpcNetworkInterface%2CserviceConfig.directVpcEgress%2Clabels%2CeventTrigger.eventType%2CeventTrigger.retryPolicy%2CeventTrigger.eventFilters%2CeventTrigger.triggerRegion
[2026-09-12T16:17:07.059Z] >>> [apiv2][body] PATCH https://cloudfunctions.googleapis.com/v2/projects/eshwesareestudio/locations/asia-south1/functions/sendContactEmailNotification {"name":"projects/eshwesareestudio/locations/asia-south1/functions/sendContactEmailNotification","buildConfig":{"runtime":"nodejs22","entryPoint":"sendContactEmailNotification","source":{"storageSource":{"bucket":"gcf-v2-uploads-106884158684.asia-south1.cloudfunctions.appspot.com","object":"e2a398fd-16ad-4500-b33d-bb5b4cbdec21.zip"}},"environmentVariables":{"GOOGLE_NODE_RUN_SCRIPTS":""},"sourceToken":"Cldwcm9qZWN0cy8xMDY4ODQxNTg2ODQvbG9jYXRpb25zL2FzaWEtc291dGgxL2J1aWxkcy83NTM1NzQ0Mi1jOTNjLTRkZWItODQyOC05N2IwNDU0YjU4YTUSc2FzaWEtc291dGgxLWRvY2tlci5wa2cuZGV2L2VzaHdlc2FyZWVzdHVkaW8vZ2NmLWFydGlmYWN0cy9lc2h3ZXNhcmVlc3R1ZGlvX19hc2lhLS1zb3V0aDFfX2NoZWNrb3V0X3N0YXR1czp2ZXJzaW9uXzEY3Kmrlo4DIkhwcm9qZWN0cy9lc2h3ZXNhcmVlc3R1ZGlvL2xvY2F0aW9ucy9hc2lhLXNvdXRoMS9mdW5jdGlvbnMvY2hlY2tvdXRTdGF0dXMqCwj/9ZXVBhDYr64pMghub2RlanMyMjp2CiNnY3IuaW8vZ2FlLXJ1bnRpbWVzL25vZGVqczIyOnN0YWJsZRJPYXNpYS1zb3V0aDEtZG9ja2VyLnBrZy5kZXYvc2VydmVybGVzcy1ydW50aW1lcy9nb29nbGUtMjItZnVsbC9ydW50aW1lcy9ub2RlanMyMkAB"},"serviceConfig":{"environmentVariables":{"FIREBASE_CONFIG":"{\"projectId\":\"eshwesareestudio\",\"storageBucket\":\"eshwesareestudio.firebasestorage.app\"}","GCLOUD_PROJECT":"eshwesareestudio","EVENTARC_CLOUD_EVENT_SOURCE":"projects/eshwesareestudio/locations/asia-south1/services/sendContactEmailNotification","FUNCTION_REGION":"asia-south1","FUNCTION_SIGNATURE_TYPE":"cloudevent","FUNCTION_TARGET":"sendContactEmailNotification","LOG_EXECUTION_ID":"true"},"secretEnvironmentVariables":[{"key":"CONTACT_SMTP_PASSWORD","secret":"CONTACT_SMTP_PASSWORD","projectId":"eshwesareestudio","version":"1"}],"ingressSettings":null,"timeoutSeconds":null,"serviceAccountEmail":null,"availableMemory":"256Mi","minInstanceCount":null,"maxInstanceCount":null,"maxInstanceRequestConcurrency":80,"availableCpu":"1","vpcConnector":null,"vpcConnectorEgressSettings":null,"directVpcNetworkInterface":null,"directVpcEgress":null},"labels":{"deployment-tool":"cli-firebase","firebase-functions-hash":"029f533012d370aeb7006771c6739d48e1024cd1"},"eventTrigger":{"eventType":"google.cloud.firestore.document.v1.created","retryPolicy":"RETRY_POLICY_DO_NOT_RETRY","eventFilters":[{"attribute":"database","value":"(default)"},{"attribute":"namespace","value":"(default)"},{"attribute":"document","value":"customerMessages/{messageId}","operator":"match-path-pattern"}],"triggerRegion":"nam5"}}
[2026-09-12T16:17:07.063Z] >>> [apiv2][query] PATCH https://cloudfunctions.googleapis.com/v2/projects/eshwesareestudio/locations/asia-south1/functions/sendCustomerOtp updateMask=name%2CbuildConfig.runtime%2CbuildConfig.entryPoint%2CbuildConfig.source.storageSource.bucket%2CbuildConfig.source.storageSource.object%2CbuildConfig.environmentVariables%2CbuildConfig.sourceToken%2CserviceConfig.environmentVariables%2CserviceConfig.secretEnvironmentVariables%2CserviceConfig.ingressSettings%2CserviceConfig.timeoutSeconds%2CserviceConfig.serviceAccountEmail%2CserviceConfig.availableMemory%2CserviceConfig.minInstanceCount%2CserviceConfig.maxInstanceCount%2CserviceConfig.maxInstanceRequestConcurrency%2CserviceConfig.availableCpu%2CserviceConfig.vpcConnector%2CserviceConfig.vpcConnectorEgressSettings%2CserviceConfig.directVpcNetworkInterface%2CserviceConfig.directVpcEgress%2Clabels
[2026-09-12T16:17:07.063Z] >>> [apiv2][body] PATCH https://cloudfunctions.googleapis.com/v2/projects/eshwesareestudio/locations/asia-south1/functions/sendCustomerOtp {"name":"projects/eshwesareestudio/locations/asia-south1/functions/sendCustomerOtp","buildConfig":{"runtime":"nodejs22","entryPoint":"sendCustomerOtp","source":{"storageSource":{"bucket":"gcf-v2-uploads-106884158684.asia-south1.cloudfunctions.appspot.com","object":"e2a398fd-16ad-4500-b33d-bb5b4cbdec21.zip"}},"environmentVariables":{"GOOGLE_NODE_RUN_SCRIPTS":""},"sourceToken":"Cldwcm9qZWN0cy8xMDY4ODQxNTg2ODQvbG9jYXRpb25zL2FzaWEtc291dGgxL2J1aWxkcy83NTM1NzQ0Mi1jOTNjLTRkZWItODQyOC05N2IwNDU0YjU4YTUSc2FzaWEtc291dGgxLWRvY2tlci5wa2cuZGV2L2VzaHdlc2FyZWVzdHVkaW8vZ2NmLWFydGlmYWN0cy9lc2h3ZXNhcmVlc3R1ZGlvX19hc2lhLS1zb3V0aDFfX2NoZWNrb3V0X3N0YXR1czp2ZXJzaW9uXzEY3Kmrlo4DIkhwcm9qZWN0cy9lc2h3ZXNhcmVlc3R1ZGlvL2xvY2F0aW9ucy9hc2lhLXNvdXRoMS9mdW5jdGlvbnMvY2hlY2tvdXRTdGF0dXMqCwj/9ZXVBhDYr64pMghub2RlanMyMjp2CiNnY3IuaW8vZ2FlLXJ1bnRpbWVzL25vZGVqczIyOnN0YWJsZRJPYXNpYS1zb3V0aDEtZG9ja2VyLnBrZy5kZXYvc2VydmVybGVzcy1ydW50aW1lcy9nb29nbGUtMjItZnVsbC9ydW50aW1lcy9ub2RlanMyMkAB"},"serviceConfig":{"environmentVariables":{"FIREBASE_CONFIG":"{\"projectId\":\"eshwesareestudio\",\"storageBucket\":\"eshwesareestudio.firebasestorage.app\"}","GCLOUD_PROJECT":"eshwesareestudio","EVENTARC_CLOUD_EVENT_SOURCE":"projects/eshwesareestudio/locations/asia-south1/services/sendCustomerOtp","FUNCTION_REGION":"asia-south1","FUNCTION_TARGET":"sendCustomerOtp","LOG_EXECUTION_ID":"true"},"secretEnvironmentVariables":[{"key":"MSG91_AUTH_KEY","secret":"MSG91_AUTH_KEY","projectId":"eshwesareestudio","version":"1"},{"key":"MSG91_OTP_TEMPLATE_ID","secret":"MSG91_OTP_TEMPLATE_ID","projectId":"eshwesareestudio","version":"2"}],"ingressSettings":null,"timeoutSeconds":null,"serviceAccountEmail":null,"availableMemory":"256Mi","minInstanceCount":null,"maxInstanceCount":null,"maxInstanceRequestConcurrency":80,"availableCpu":"1","vpcConnector":null,"vpcConnectorEgressSettings":null,"directVpcNetworkInterface":null,"directVpcEgress":null},"labels":{"deployment-tool":"cli-firebase","firebase-functions-hash":"bce7731a43ae1fae479c1e6fc4c1759214a42bce"}}
[2026-09-12T16:17:07.065Z] >>> [apiv2][query] PATCH https://cloudfunctions.googleapis.com/v2/projects/eshwesareestudio/locations/asia-south1/functions/verifyCustomerOtp updateMask=name%2CbuildConfig.runtime%2CbuildConfig.entryPoint%2CbuildConfig.source.storageSource.bucket%2CbuildConfig.source.storageSource.object%2CbuildConfig.environmentVariables%2CbuildConfig.sourceToken%2CserviceConfig.environmentVariables%2CserviceConfig.ingressSettings%2CserviceConfig.timeoutSeconds%2CserviceConfig.serviceAccountEmail%2CserviceConfig.availableMemory%2CserviceConfig.minInstanceCount%2CserviceConfig.maxInstanceCount%2CserviceConfig.maxInstanceRequestConcurrency%2CserviceConfig.availableCpu%2CserviceConfig.vpcConnector%2CserviceConfig.vpcConnectorEgressSettings%2CserviceConfig.directVpcNetworkInterface%2CserviceConfig.directVpcEgress%2Clabels
[2026-09-12T16:17:07.065Z] >>> [apiv2][body] PATCH https://cloudfunctions.googleapis.com/v2/projects/eshwesareestudio/locations/asia-south1/functions/verifyCustomerOtp {"name":"projects/eshwesareestudio/locations/asia-south1/functions/verifyCustomerOtp","buildConfig":{"runtime":"nodejs22","entryPoint":"verifyCustomerOtp","source":{"storageSource":{"bucket":"gcf-v2-uploads-106884158684.asia-south1.cloudfunctions.appspot.com","object":"e2a398fd-16ad-4500-b33d-bb5b4cbdec21.zip"}},"environmentVariables":{"GOOGLE_NODE_RUN_SCRIPTS":""},"sourceToken":"Cldwcm9qZWN0cy8xMDY4ODQxNTg2ODQvbG9jYXRpb25zL2FzaWEtc291dGgxL2J1aWxkcy83NTM1NzQ0Mi1jOTNjLTRkZWItODQyOC05N2IwNDU0YjU4YTUSc2FzaWEtc291dGgxLWRvY2tlci5wa2cuZGV2L2VzaHdlc2FyZWVzdHVkaW8vZ2NmLWFydGlmYWN0cy9lc2h3ZXNhcmVlc3R1ZGlvX19hc2lhLS1zb3V0aDFfX2NoZWNrb3V0X3N0YXR1czp2ZXJzaW9uXzEY3Kmrlo4DIkhwcm9qZWN0cy9lc2h3ZXNhcmVlc3R1ZGlvL2xvY2F0aW9ucy9hc2lhLXNvdXRoMS9mdW5jdGlvbnMvY2hlY2tvdXRTdGF0dXMqCwj/9ZXVBhDYr64pMghub2RlanMyMjp2CiNnY3IuaW8vZ2FlLXJ1bnRpbWVzL25vZGVqczIyOnN0YWJsZRJPYXNpYS1zb3V0aDEtZG9ja2VyLnBrZy5kZXYvc2VydmVybGVzcy1ydW50aW1lcy9nb29nbGUtMjItZnVsbC9ydW50aW1lcy9ub2RlanMyMkAB"},"serviceConfig":{"environmentVariables":{"FIREBASE_CONFIG":"{\"projectId\":\"eshwesareestudio\",\"storageBucket\":\"eshwesareestudio.firebasestorage.app\"}","GCLOUD_PROJECT":"eshwesareestudio","EVENTARC_CLOUD_EVENT_SOURCE":"projects/eshwesareestudio/locations/asia-south1/services/verifyCustomerOtp","FUNCTION_REGION":"asia-south1","FUNCTION_TARGET":"verifyCustomerOtp","LOG_EXECUTION_ID":"true","FUNCTION_SIGNATURE_TYPE":"http"},"ingressSettings":null,"timeoutSeconds":null,"serviceAccountEmail":null,"availableMemory":"256Mi","minInstanceCount":null,"maxInstanceCount":null,"maxInstanceRequestConcurrency":80,"availableCpu":"1","vpcConnector":null,"vpcConnectorEgressSettings":null,"directVpcNetworkInterface":null,"directVpcEgress":null},"labels":{"deployment-tool":"cli-firebase","firebase-functions-hash":"dfb918a5ef846c88c82e4c100a033f23358f588c"}}
[2026-09-12T16:17:07.065Z] >>> [apiv2][query] PATCH https://cloudfunctions.googleapis.com/v2/projects/eshwesareestudio/locations/asia-south1/functions/createRazorpayOrder updateMask=name%2CbuildConfig.runtime%2CbuildConfig.entryPoint%2CbuildConfig.source.storageSource.bucket%2CbuildConfig.source.storageSource.object%2CbuildConfig.environmentVariables%2CbuildConfig.sourceToken%2CserviceConfig.environmentVariables%2CserviceConfig.secretEnvironmentVariables%2CserviceConfig.ingressSettings%2CserviceConfig.timeoutSeconds%2CserviceConfig.serviceAccountEmail%2CserviceConfig.availableMemory%2CserviceConfig.minInstanceCount%2CserviceConfig.maxInstanceCount%2CserviceConfig.maxInstanceRequestConcurrency%2CserviceConfig.availableCpu%2CserviceConfig.vpcConnector%2CserviceConfig.vpcConnectorEgressSettings%2CserviceConfig.directVpcNetworkInterface%2CserviceConfig.directVpcEgress%2Clabels
[2026-09-12T16:17:07.065Z] >>> [apiv2][body] PATCH https://cloudfunctions.googleapis.com/v2/projects/eshwesareestudio/locations/asia-south1/functions/createRazorpayOrder {"name":"projects/eshwesareestudio/locations/asia-south1/functions/createRazorpayOrder","buildConfig":{"runtime":"nodejs22","entryPoint":"createRazorpayOrder","source":{"storageSource":{"bucket":"gcf-v2-uploads-106884158684.asia-south1.cloudfunctions.appspot.com","object":"e2a398fd-16ad-4500-b33d-bb5b4cbdec21.zip"}},"environmentVariables":{"GOOGLE_NODE_RUN_SCRIPTS":""},"sourceToken":"Cldwcm9qZWN0cy8xMDY4ODQxNTg2ODQvbG9jYXRpb25zL2FzaWEtc291dGgxL2J1aWxkcy83NTM1NzQ0Mi1jOTNjLTRkZWItODQyOC05N2IwNDU0YjU4YTUSc2FzaWEtc291dGgxLWRvY2tlci5wa2cuZGV2L2VzaHdlc2FyZWVzdHVkaW8vZ2NmLWFydGlmYWN0cy9lc2h3ZXNhcmVlc3R1ZGlvX19hc2lhLS1zb3V0aDFfX2NoZWNrb3V0X3N0YXR1czp2ZXJzaW9uXzEY3Kmrlo4DIkhwcm9qZWN0cy9lc2h3ZXNhcmVlc3R1ZGlvL2xvY2F0aW9ucy9hc2lhLXNvdXRoMS9mdW5jdGlvbnMvY2hlY2tvdXRTdGF0dXMqCwj/9ZXVBhDYr64pMghub2RlanMyMjp2CiNnY3IuaW8vZ2FlLXJ1bnRpbWVzL25vZGVqczIyOnN0YWJsZRJPYXNpYS1zb3V0aDEtZG9ja2VyLnBrZy5kZXYvc2VydmVybGVzcy1ydW50aW1lcy9nb29nbGUtMjItZnVsbC9ydW50aW1lcy9ub2RlanMyMkAB"},"serviceConfig":{"environmentVariables":{"FIREBASE_CONFIG":"{\"projectId\":\"eshwesareestudio\",\"storageBucket\":\"eshwesareestudio.firebasestorage.app\"}","GCLOUD_PROJECT":"eshwesareestudio","EVENTARC_CLOUD_EVENT_SOURCE":"projects/eshwesareestudio/locations/asia-south1/services/createRazorpayOrder","FUNCTION_REGION":"asia-south1","FUNCTION_TARGET":"createRazorpayOrder","LOG_EXECUTION_ID":"true","FUNCTION_SIGNATURE_TYPE":"http"},"secretEnvironmentVariables":[{"key":"RAZORPAY_KEY_ID","secret":"RAZORPAY_KEY_ID","projectId":"eshwesareestudio","version":"4"},{"key":"RAZORPAY_KEY_SECRET","secret":"RAZORPAY_KEY_SECRET","projectId":"eshwesareestudio","version":"4"}],"ingressSettings":null,"timeoutSeconds":null,"serviceAccountEmail":null,"availableMemory":"256Mi","minInstanceCount":null,"maxInstanceCount":null,"maxInstanceRequestConcurrency":80,"availableCpu":"1","vpcConnector":null,"vpcConnectorEgressSettings":null,"directVpcNetworkInterface":null,"directVpcEgress":null},"labels":{"deployment-tool":"cli-firebase","firebase-functions-hash":"6ab8702ef0dc9af6c6deca4fc5ae944d33e11395"}}
[2026-09-12T16:17:07.065Z] >>> [apiv2][query] PATCH https://cloudfunctions.googleapis.com/v2/projects/eshwesareestudio/locations/asia-south1/functions/verifyRazorpayPayment updateMask=name%2CbuildConfig.runtime%2CbuildConfig.entryPoint%2CbuildConfig.source.storageSource.bucket%2CbuildConfig.source.storageSource.object%2CbuildConfig.environmentVariables%2CbuildConfig.sourceToken%2CserviceConfig.environmentVariables%2CserviceConfig.secretEnvironmentVariables%2CserviceConfig.ingressSettings%2CserviceConfig.timeoutSeconds%2CserviceConfig.serviceAccountEmail%2CserviceConfig.availableMemory%2CserviceConfig.minInstanceCount%2CserviceConfig.maxInstanceCount%2CserviceConfig.maxInstanceRequestConcurrency%2CserviceConfig.availableCpu%2CserviceConfig.vpcConnector%2CserviceConfig.vpcConnectorEgressSettings%2CserviceConfig.directVpcNetworkInterface%2CserviceConfig.directVpcEgress%2Clabels
[2026-09-12T16:17:07.065Z] >>> [apiv2][body] PATCH https://cloudfunctions.googleapis.com/v2/projects/eshwesareestudio/locations/asia-south1/functions/verifyRazorpayPayment {"name":"projects/eshwesareestudio/locations/asia-south1/functions/verifyRazorpayPayment","buildConfig":{"runtime":"nodejs22","entryPoint":"verifyRazorpayPayment","source":{"storageSource":{"bucket":"gcf-v2-uploads-106884158684.asia-south1.cloudfunctions.appspot.com","object":"e2a398fd-16ad-4500-b33d-bb5b4cbdec21.zip"}},"environmentVariables":{"GOOGLE_NODE_RUN_SCRIPTS":""},"sourceToken":"Cldwcm9qZWN0cy8xMDY4ODQxNTg2ODQvbG9jYXRpb25zL2FzaWEtc291dGgxL2J1aWxkcy83NTM1NzQ0Mi1jOTNjLTRkZWItODQyOC05N2IwNDU0YjU4YTUSc2FzaWEtc291dGgxLWRvY2tlci5wa2cuZGV2L2VzaHdlc2FyZWVzdHVkaW8vZ2NmLWFydGlmYWN0cy9lc2h3ZXNhcmVlc3R1ZGlvX19hc2lhLS1zb3V0aDFfX2NoZWNrb3V0X3N0YXR1czp2ZXJzaW9uXzEY3Kmrlo4DIkhwcm9qZWN0cy9lc2h3ZXNhcmVlc3R1ZGlvL2xvY2F0aW9ucy9hc2lhLXNvdXRoMS9mdW5jdGlvbnMvY2hlY2tvdXRTdGF0dXMqCwj/9ZXVBhDYr64pMghub2RlanMyMjp2CiNnY3IuaW8vZ2FlLXJ1bnRpbWVzL25vZGVqczIyOnN0YWJsZRJPYXNpYS1zb3V0aDEtZG9ja2VyLnBrZy5kZXYvc2VydmVybGVzcy1ydW50aW1lcy9nb29nbGUtMjItZnVsbC9ydW50aW1lcy9ub2RlanMyMkAB"},"serviceConfig":{"environmentVariables":{"FIREBASE_CONFIG":"{\"projectId\":\"eshwesareestudio\",\"storageBucket\":\"eshwesareestudio.firebasestorage.app\"}","GCLOUD_PROJECT":"eshwesareestudio","EVENTARC_CLOUD_EVENT_SOURCE":"projects/eshwesareestudio/locations/asia-south1/services/verifyRazorpayPayment","FUNCTION_REGION":"asia-south1","FUNCTION_TARGET":"verifyRazorpayPayment","LOG_EXECUTION_ID":"true","FUNCTION_SIGNATURE_TYPE":"http"},"secretEnvironmentVariables":[{"key":"RAZORPAY_KEY_SECRET","secret":"RAZORPAY_KEY_SECRET","projectId":"eshwesareestudio","version":"4"},{"key":"RAZORPAY_KEY_ID","secret":"RAZORPAY_KEY_ID","projectId":"eshwesareestudio","version":"4"}],"ingressSettings":null,"timeoutSeconds":null,"serviceAccountEmail":null,"availableMemory":"256Mi","minInstanceCount":null,"maxInstanceCount":null,"maxInstanceRequestConcurrency":80,"availableCpu":"1","vpcConnector":null,"vpcConnectorEgressSettings":null,"directVpcNetworkInterface":null,"directVpcEgress":null},"labels":{"deployment-tool":"cli-firebase","firebase-functions-hash":"7a9b9a7115660114738002785d5b32cccf95d19e"}}
[2026-09-12T16:17:07.066Z] >>> [apiv2][query] PATCH https://cloudfunctions.googleapis.com/v2/projects/eshwesareestudio/locations/asia-south1/functions/razorpayAppCallback updateMask=name%2CbuildConfig.runtime%2CbuildConfig.entryPoint%2CbuildConfig.source.storageSource.bucket%2CbuildConfig.source.storageSource.object%2CbuildConfig.environmentVariables%2CbuildConfig.sourceToken%2CserviceConfig.environmentVariables%2CserviceConfig.secretEnvironmentVariables%2CserviceConfig.ingressSettings%2CserviceConfig.timeoutSeconds%2CserviceConfig.serviceAccountEmail%2CserviceConfig.availableMemory%2CserviceConfig.minInstanceCount%2CserviceConfig.maxInstanceCount%2CserviceConfig.maxInstanceRequestConcurrency%2CserviceConfig.availableCpu%2CserviceConfig.vpcConnector%2CserviceConfig.vpcConnectorEgressSettings%2CserviceConfig.directVpcNetworkInterface%2CserviceConfig.directVpcEgress%2Clabels
[2026-09-12T16:17:07.066Z] >>> [apiv2][body] PATCH https://cloudfunctions.googleapis.com/v2/projects/eshwesareestudio/locations/asia-south1/functions/razorpayAppCallback {"name":"projects/eshwesareestudio/locations/asia-south1/functions/razorpayAppCallback","buildConfig":{"runtime":"nodejs22","entryPoint":"razorpayAppCallback","source":{"storageSource":{"bucket":"gcf-v2-uploads-106884158684.asia-south1.cloudfunctions.appspot.com","object":"e2a398fd-16ad-4500-b33d-bb5b4cbdec21.zip"}},"environmentVariables":{"GOOGLE_NODE_RUN_SCRIPTS":""},"sourceToken":"Cldwcm9qZWN0cy8xMDY4ODQxNTg2ODQvbG9jYXRpb25zL2FzaWEtc291dGgxL2J1aWxkcy83NTM1NzQ0Mi1jOTNjLTRkZWItODQyOC05N2IwNDU0YjU4YTUSc2FzaWEtc291dGgxLWRvY2tlci5wa2cuZGV2L2VzaHdlc2FyZWVzdHVkaW8vZ2NmLWFydGlmYWN0cy9lc2h3ZXNhcmVlc3R1ZGlvX19hc2lhLS1zb3V0aDFfX2NoZWNrb3V0X3N0YXR1czp2ZXJzaW9uXzEY3Kmrlo4DIkhwcm9qZWN0cy9lc2h3ZXNhcmVlc3R1ZGlvL2xvY2F0aW9ucy9hc2lhLXNvdXRoMS9mdW5jdGlvbnMvY2hlY2tvdXRTdGF0dXMqCwj/9ZXVBhDYr64pMghub2RlanMyMjp2CiNnY3IuaW8vZ2FlLXJ1bnRpbWVzL25vZGVqczIyOnN0YWJsZRJPYXNpYS1zb3V0aDEtZG9ja2VyLnBrZy5kZXYvc2VydmVybGVzcy1ydW50aW1lcy9nb29nbGUtMjItZnVsbC9ydW50aW1lcy9ub2RlanMyMkAB"},"serviceConfig":{"environmentVariables":{"FIREBASE_CONFIG":"{\"projectId\":\"eshwesareestudio\",\"storageBucket\":\"eshwesareestudio.firebasestorage.app\"}","GCLOUD_PROJECT":"eshwesareestudio","EVENTARC_CLOUD_EVENT_SOURCE":"projects/eshwesareestudio/locations/asia-south1/services/razorpayAppCallback","FUNCTION_REGION":"asia-south1","FUNCTION_TARGET":"razorpayAppCallback","LOG_EXECUTION_ID":"true","FUNCTION_SIGNATURE_TYPE":"http"},"secretEnvironmentVariables":[{"key":"RAZORPAY_KEY_SECRET","secret":"RAZORPAY_KEY_SECRET","projectId":"eshwesareestudio","version":"4"},{"key":"RAZORPAY_KEY_ID","secret":"RAZORPAY_KEY_ID","projectId":"eshwesareestudio","version":"4"}],"ingressSettings":null,"timeoutSeconds":null,"serviceAccountEmail":null,"availableMemory":"256Mi","minInstanceCount":null,"maxInstanceCount":null,"maxInstanceRequestConcurrency":80,"availableCpu":"1","vpcConnector":null,"vpcConnectorEgressSettings":null,"directVpcNetworkInterface":null,"directVpcEgress":null},"labels":{"deployment-tool":"cli-firebase","firebase-functions-hash":"7a9b9a7115660114738002785d5b32cccf95d19e"}}
[2026-09-12T16:17:07.066Z] >>> [apiv2][query] PATCH https://cloudfunctions.googleapis.com/v2/projects/eshwesareestudio/locations/asia-south1/functions/razorpayWebhook updateMask=name%2CbuildConfig.runtime%2CbuildConfig.entryPoint%2CbuildConfig.source.storageSource.bucket%2CbuildConfig.source.storageSource.object%2CbuildConfig.environmentVariables%2CbuildConfig.sourceToken%2CserviceConfig.environmentVariables%2CserviceConfig.secretEnvironmentVariables%2CserviceConfig.ingressSettings%2CserviceConfig.timeoutSeconds%2CserviceConfig.serviceAccountEmail%2CserviceConfig.availableMemory%2CserviceConfig.minInstanceCount%2CserviceConfig.maxInstanceCount%2CserviceConfig.maxInstanceRequestConcurrency%2CserviceConfig.availableCpu%2CserviceConfig.vpcConnector%2CserviceConfig.vpcConnectorEgressSettings%2CserviceConfig.directVpcNetworkInterface%2CserviceConfig.directVpcEgress%2Clabels
[2026-09-12T16:17:07.066Z] >>> [apiv2][body] PATCH https://cloudfunctions.googleapis.com/v2/projects/eshwesareestudio/locations/asia-south1/functions/razorpayWebhook {"name":"projects/eshwesareestudio/locations/asia-south1/functions/razorpayWebhook","buildConfig":{"runtime":"nodejs22","entryPoint":"razorpayWebhook","source":{"storageSource":{"bucket":"gcf-v2-uploads-106884158684.asia-south1.cloudfunctions.appspot.com","object":"e2a398fd-16ad-4500-b33d-bb5b4cbdec21.zip"}},"environmentVariables":{"GOOGLE_NODE_RUN_SCRIPTS":""},"sourceToken":"Cldwcm9qZWN0cy8xMDY4ODQxNTg2ODQvbG9jYXRpb25zL2FzaWEtc291dGgxL2J1aWxkcy83NTM1NzQ0Mi1jOTNjLTRkZWItODQyOC05N2IwNDU0YjU4YTUSc2FzaWEtc291dGgxLWRvY2tlci5wa2cuZGV2L2VzaHdlc2FyZWVzdHVkaW8vZ2NmLWFydGlmYWN0cy9lc2h3ZXNhcmVlc3R1ZGlvX19hc2lhLS1zb3V0aDFfX2NoZWNrb3V0X3N0YXR1czp2ZXJzaW9uXzEY3Kmrlo4DIkhwcm9qZWN0cy9lc2h3ZXNhcmVlc3R1ZGlvL2xvY2F0aW9ucy9hc2lhLXNvdXRoMS9mdW5jdGlvbnMvY2hlY2tvdXRTdGF0dXMqCwj/9ZXVBhDYr64pMghub2RlanMyMjp2CiNnY3IuaW8vZ2FlLXJ1bnRpbWVzL25vZGVqczIyOnN0YWJsZRJPYXNpYS1zb3V0aDEtZG9ja2VyLnBrZy5kZXYvc2VydmVybGVzcy1ydW50aW1lcy9nb29nbGUtMjItZnVsbC9ydW50aW1lcy9ub2RlanMyMkAB"},"serviceConfig":{"environmentVariables":{"FIREBASE_CONFIG":"{\"projectId\":\"eshwesareestudio\",\"storageBucket\":\"eshwesareestudio.firebasestorage.app\"}","GCLOUD_PROJECT":"eshwesareestudio","EVENTARC_CLOUD_EVENT_SOURCE":"projects/eshwesareestudio/locations/asia-south1/services/razorpayWebhook","FUNCTION_REGION":"asia-south1","FUNCTION_TARGET":"razorpayWebhook","LOG_EXECUTION_ID":"true","FUNCTION_SIGNATURE_TYPE":"http"},"secretEnvironmentVariables":[{"key":"RAZORPAY_WEBHOOK_SECRET","secret":"RAZORPAY_WEBHOOK_SECRET","projectId":"eshwesareestudio","version":"2"},{"key":"RAZORPAY_KEY_ID","secret":"RAZORPAY_KEY_ID","projectId":"eshwesareestudio","version":"4"},{"key":"RAZORPAY_KEY_SECRET","secret":"RAZORPAY_KEY_SECRET","projectId":"eshwesareestudio","version":"4"}],"ingressSettings":null,"timeoutSeconds":null,"serviceAccountEmail":null,"availableMemory":"256Mi","minInstanceCount":null,"maxInstanceCount":null,"maxInstanceRequestConcurrency":80,"availableCpu":"1","vpcConnector":null,"vpcConnectorEgressSettings":null,"directVpcNetworkInterface":null,"directVpcEgress":null},"labels":{"deployment-tool":"cli-firebase","firebase-functions-hash":"c109d28cd0095e75b9624121c2323575d524b77c"}}
[2026-09-12T16:17:08.507Z] <<< [apiv2][status] POST https://cloudfunctions.googleapis.com/v2/projects/eshwesareestudio/locations/asia-south1/functions 200
[2026-09-12T16:17:08.507Z] <<< [apiv2][body] POST https://cloudfunctions.googleapis.com/v2/projects/eshwesareestudio/locations/asia-south1/functions {"name":"projects/eshwesareestudio/locations/asia-south1/operations/operation-1789229827628-65b4b884c1cc7-1b731484-004b8cab","metadata":{"@type":"type.googleapis.com/google.cloud.functions.v2.OperationMetadata","createTime":"2026-09-12T16:17:08.486504506Z","target":"projects/eshwesareestudio/locations/asia-south1/functions/ownerOrderAction","verb":"create","cancelRequested":false,"apiVersion":"v2"},"done":false}
[2026-09-12T16:17:08.507Z] Checked if tokens are valid: true, expires at: 1789232947367
[2026-09-12T16:17:08.507Z] Checked if tokens are valid: true, expires at: 1789232947367
[2026-09-12T16:17:08.507Z] >>> [apiv2][query] GET https://cloudfunctions.googleapis.com/v2/projects/eshwesareestudio/locations/asia-south1/operations/operation-1789229827628-65b4b884c1cc7-1b731484-004b8cab [none]
[2026-09-12T16:17:08.600Z] <<< [apiv2][status] POST https://cloudfunctions.googleapis.com/v2/projects/eshwesareestudio/locations/asia-south1/functions 200
[2026-09-12T16:17:08.600Z] <<< [apiv2][body] POST https://cloudfunctions.googleapis.com/v2/projects/eshwesareestudio/locations/asia-south1/functions {"name":"projects/eshwesareestudio/locations/asia-south1/operations/operation-1789229827714-65b4b884d6e08-6594bfeb-834d9d75","metadata":{"@type":"type.googleapis.com/google.cloud.functions.v2.OperationMetadata","createTime":"2026-09-12T16:17:08.575108624Z","target":"projects/eshwesareestudio/locations/asia-south1/functions/reconcileCheckoutOrders","verb":"create","cancelRequested":false,"apiVersion":"v2"},"done":false}
[2026-09-12T16:17:08.600Z] Checked if tokens are valid: true, expires at: 1789232947367
[2026-09-12T16:17:08.600Z] Checked if tokens are valid: true, expires at: 1789232947367
[2026-09-12T16:17:08.601Z] >>> [apiv2][query] GET https://cloudfunctions.googleapis.com/v2/projects/eshwesareestudio/locations/asia-south1/operations/operation-1789229827714-65b4b884d6e08-6594bfeb-834d9d75 [none]
[2026-09-12T16:17:08.752Z] <<< [apiv2][status] GET https://cloudfunctions.googleapis.com/v2/projects/eshwesareestudio/locations/asia-south1/operations/operation-1789229827714-65b4b884d6e08-6594bfeb-834d9d75 200
[2026-09-12T16:17:08.752Z] <<< [apiv2][body] GET https://cloudfunctions.googleapis.com/v2/projects/eshwesareestudio/locations/asia-south1/operations/operation-1789229827714-65b4b884d6e08-6594bfeb-834d9d75 {"name":"projects/eshwesareestudio/locations/asia-south1/operations/operation-1789229827714-65b4b884d6e08-6594bfeb-834d9d75","metadata":{"@type":"type.googleapis.com/google.cloud.functions.v2.OperationMetadata","createTime":"2026-09-12T16:17:08.575108624Z","target":"projects/eshwesareestudio/locations/asia-south1/functions/reconcileCheckoutOrders","verb":"create","cancelRequested":false,"apiVersion":"v2","requestResource":{"@type":"type.googleapis.com/google.cloud.functions.v2.Function","name":"projects/eshwesareestudio/locations/asia-south1/functions/reconcileCheckoutOrders","buildConfig":{"runtime":"nodejs22","entryPoint":"reconcileCheckoutOrders","source":{"storageSource":{"bucket":"gcf-v2-sources-106884158684-asia-south1","object":"reconcileCheckoutOrders/function-source.zip","generation":"1789229827903230"}},"environmentVariables":{"GOOGLE_NODE_RUN_SCRIPTS":""},"sourceToken":"Cldwcm9qZWN0cy8xMDY4ODQxNTg2ODQvbG9jYXRpb25zL2FzaWEtc291dGgxL2J1aWxkcy83NTM1NzQ0Mi1jOTNjLTRkZWItODQyOC05N2IwNDU0YjU4YTUSc2FzaWEtc291dGgxLWRvY2tlci5wa2cuZGV2L2VzaHdlc2FyZWVzdHVkaW8vZ2NmLWFydGlmYWN0cy9lc2h3ZXNhcmVlc3R1ZGlvX19hc2lhLS1zb3V0aDFfX2NoZWNrb3V0X3N0YXR1czp2ZXJzaW9uXzEY3Kmrlo4DIkhwcm9qZWN0cy9lc2h3ZXNhcmVlc3R1ZGlvL2xvY2F0aW9ucy9hc2lhLXNvdXRoMS9mdW5jdGlvbnMvY2hlY2tvdXRTdGF0dXMqCwj/9ZXVBhDYr64pMghub2RlanMyMjp2CiNnY3IuaW8vZ2FlLXJ1bnRpbWVzL25vZGVqczIyOnN0YWJsZRJPYXNpYS1zb3V0aDEtZG9ja2VyLnBrZy5kZXYvc2VydmVybGVzcy1ydW50aW1lcy9nb29nbGUtMjItZnVsbC9ydW50aW1lcy9ub2RlanMyMkAB","serviceAccount":"projects/eshwesareestudio/serviceAccounts/106884158684-compute@developer.gserviceaccount.com","automaticUpdatePolicy":{}},"serviceConfig":{"service":"projects/eshwesareestudio/locations/asia-south1/services/reconcilecheckoutorders","timeoutSeconds":60,"environmentVariables":{"FIREBASE_CONFIG":"{\"projectId\":\"eshwesareestudio\",\"storageBucket\":\"eshwesareestudio.firebasestorage.app\"}","GCLOUD_PROJECT":"eshwesareestudio","EVENTARC_CLOUD_EVENT_SOURCE":"projects/eshwesareestudio/locations/asia-south1/services/reconcileCheckoutOrders","FUNCTION_REGION":"asia-south1","FUNCTION_TARGET":"reconcileCheckoutOrders","LOG_EXECUTION_ID":"true","FUNCTION_SIGNATURE_TYPE":"http"},"ingressSettings":"ALLOW_ALL","serviceAccountEmail":"106884158684-compute@developer.gserviceaccount.com","availableMemory":"256Mi","secretEnvironmentVariables":[{"key":"RAZORPAY_KEY_ID","projectId":"eshwesareestudio","secret":"RAZORPAY_KEY_ID","version":"4"},{"key":"RAZORPAY_KEY_SECRET","projectId":"eshwesareestudio","secret":"RAZORPAY_KEY_SECRET","version":"4"}],"maxInstanceRequestConcurrency":80,"availableCpu":"1"},"labels":{"deployment-tool":"cli-firebase","deployment-scheduled":"true","firebase-functions-hash":"6ab8702ef0dc9af6c6deca4fc5ae944d33e11395"},"environment":"GEN_2"},"stages":[{"name":"BUILD","state":"NOT_STARTED"},{"name":"SERVICE","state":"NOT_STARTED"}],"sourceToken":"Cldwcm9qZWN0cy8xMDY4ODQxNTg2ODQvbG9jYXRpb25zL2FzaWEtc291dGgxL2J1aWxkcy83NTM1NzQ0Mi1jOTNjLTRkZWItODQyOC05N2IwNDU0YjU4YTUSc2FzaWEtc291dGgxLWRvY2tlci5wa2cuZGV2L2VzaHdlc2FyZWVzdHVkaW8vZ2NmLWFydGlmYWN0cy9lc2h3ZXNhcmVlc3R1ZGlvX19hc2lhLS1zb3V0aDFfX2NoZWNrb3V0X3N0YXR1czp2ZXJzaW9uXzEY3Kmrlo4DIkhwcm9qZWN0cy9lc2h3ZXNhcmVlc3R1ZGlvL2xvY2F0aW9ucy9hc2lhLXNvdXRoMS9mdW5jdGlvbnMvY2hlY2tvdXRTdGF0dXMqCwj/9ZXVBhDYr64pMghub2RlanMyMjp2CiNnY3IuaW8vZ2FlLXJ1bnRpbWVzL25vZGVqczIyOnN0YWJsZRJPYXNpYS1zb3V0aDEtZG9ja2VyLnBrZy5kZXYvc2VydmVybGVzcy1ydW50aW1lcy9nb29nbGUtMjItZnVsbC9ydW50aW1lcy9ub2RlanMyMkAB","operationType":"CREATE_FUNCTION"},"done":false}
[2026-09-12T16:17:08.753Z] Got source token Cldwcm9qZWN0cy8xMDY4ODQxNTg2ODQvbG9jYXRpb25zL2FzaWEtc291dGgxL2J1aWxkcy83NTM1NzQ0Mi1jOTNjLTRkZWItODQyOC05N2IwNDU0YjU4YTUSc2FzaWEtc291dGgxLWRvY2tlci5wa2cuZGV2L2VzaHdlc2FyZWVzdHVkaW8vZ2NmLWFydGlmYWN0cy9lc2h3ZXNhcmVlc3R1ZGlvX19hc2lhLS1zb3V0aDFfX2NoZWNrb3V0X3N0YXR1czp2ZXJzaW9uXzEY3Kmrlo4DIkhwcm9qZWN0cy9lc2h3ZXNhcmVlc3R1ZGlvL2xvY2F0aW9ucy9hc2lhLXNvdXRoMS9mdW5jdGlvbnMvY2hlY2tvdXRTdGF0dXMqCwj/9ZXVBhDYr64pMghub2RlanMyMjp2CiNnY3IuaW8vZ2FlLXJ1bnRpbWVzL25vZGVqczIyOnN0YWJsZRJPYXNpYS1zb3V0aDEtZG9ja2VyLnBrZy5kZXYvc2VydmVybGVzcy1ydW50aW1lcy9nb29nbGUtMjItZnVsbC9ydW50aW1lcy9ub2RlanMyMkAB for region asia-south1
[2026-09-12T16:17:08.784Z] <<< [apiv2][status] PATCH https://cloudfunctions.googleapis.com/v2/projects/eshwesareestudio/locations/asia-south1/functions/createRazorpayOrder 200
[2026-09-12T16:17:08.784Z] <<< [apiv2][body] PATCH https://cloudfunctions.googleapis.com/v2/projects/eshwesareestudio/locations/asia-south1/functions/createRazorpayOrder {"name":"projects/eshwesareestudio/locations/asia-south1/operations/operation-1789229827360-65b4b88480615-744c0c11-8030325e","metadata":{"@type":"type.googleapis.com/google.cloud.functions.v2.OperationMetadata","createTime":"2026-09-12T16:17:08.754679820Z","target":"projects/eshwesareestudio/locations/asia-south1/functions/createRazorpayOrder","verb":"update","cancelRequested":false,"apiVersion":"v2"},"done":false}
[2026-09-12T16:17:08.784Z] Checked if tokens are valid: true, expires at: 1789232947367
[2026-09-12T16:17:08.784Z] Checked if tokens are valid: true, expires at: 1789232947367
[2026-09-12T16:17:08.784Z] >>> [apiv2][query] GET https://cloudfunctions.googleapis.com/v2/projects/eshwesareestudio/locations/asia-south1/operations/operation-1789229827360-65b4b88480615-744c0c11-8030325e [none]
[2026-09-12T16:17:08.935Z] <<< [apiv2][status] POST https://cloudfunctions.googleapis.com/v2/projects/eshwesareestudio/locations/asia-south1/functions 200
[2026-09-12T16:17:08.935Z] <<< [apiv2][body] POST https://cloudfunctions.googleapis.com/v2/projects/eshwesareestudio/locations/asia-south1/functions {"name":"projects/eshwesareestudio/locations/asia-south1/operations/operation-1789229827629-65b4b884c231b-5a1e7120-cfff2b97","metadata":{"@type":"type.googleapis.com/google.cloud.functions.v2.OperationMetadata","createTime":"2026-09-12T16:17:08.916902978Z","target":"projects/eshwesareestudio/locations/asia-south1/functions/ownerProductAction","verb":"create","cancelRequested":false,"apiVersion":"v2"},"done":false}
[2026-09-12T16:17:08.935Z] Checked if tokens are valid: true, expires at: 1789232947367
[2026-09-12T16:17:08.935Z] Checked if tokens are valid: true, expires at: 1789232947367
[2026-09-12T16:17:08.935Z] >>> [apiv2][query] GET https://cloudfunctions.googleapis.com/v2/projects/eshwesareestudio/locations/asia-south1/operations/operation-1789229827629-65b4b884c231b-5a1e7120-cfff2b97 [none]
[2026-09-12T16:17:08.942Z] <<< [apiv2][status] GET https://cloudfunctions.googleapis.com/v2/projects/eshwesareestudio/locations/asia-south1/operations/operation-1789229827360-65b4b88480615-744c0c11-8030325e 200
[2026-09-12T16:17:08.943Z] <<< [apiv2][body] GET https://cloudfunctions.googleapis.com/v2/projects/eshwesareestudio/locations/asia-south1/operations/operation-1789229827360-65b4b88480615-744c0c11-8030325e {"name":"projects/eshwesareestudio/locations/asia-south1/operations/operation-1789229827360-65b4b88480615-744c0c11-8030325e","metadata":{"@type":"type.googleapis.com/google.cloud.functions.v2.OperationMetadata","createTime":"2026-09-12T16:17:08.754679820Z","target":"projects/eshwesareestudio/locations/asia-south1/functions/createRazorpayOrder","verb":"update","cancelRequested":false,"apiVersion":"v2","requestResource":{"@type":"type.googleapis.com/google.cloud.functions.v2.Function","name":"projects/eshwesareestudio/locations/asia-south1/functions/createRazorpayOrder","buildConfig":{"runtime":"nodejs22","entryPoint":"createRazorpayOrder","source":{"storageSource":{"bucket":"gcf-v2-sources-106884158684-asia-south1","object":"createRazorpayOrder/function-source.zip","generation":"1789229828710047"}},"environmentVariables":{"GOOGLE_NODE_RUN_SCRIPTS":""},"dockerRepository":"projects/eshwesareestudio/locations/asia-south1/repositories/gcf-artifacts","sourceProvenance":{"resolvedStorageSource":{"bucket":"gcf-v2-sources-106884158684-asia-south1","object":"createRazorpayOrder/function-source.zip","generation":"1789037073855850"}},"dockerRegistry":"ARTIFACT_REGISTRY","sourceToken":"Cldwcm9qZWN0cy8xMDY4ODQxNTg2ODQvbG9jYXRpb25zL2FzaWEtc291dGgxL2J1aWxkcy83NTM1NzQ0Mi1jOTNjLTRkZWItODQyOC05N2IwNDU0YjU4YTUSc2FzaWEtc291dGgxLWRvY2tlci5wa2cuZGV2L2VzaHdlc2FyZWVzdHVkaW8vZ2NmLWFydGlmYWN0cy9lc2h3ZXNhcmVlc3R1ZGlvX19hc2lhLS1zb3V0aDFfX2NoZWNrb3V0X3N0YXR1czp2ZXJzaW9uXzEY3Kmrlo4DIkhwcm9qZWN0cy9lc2h3ZXNhcmVlc3R1ZGlvL2xvY2F0aW9ucy9hc2lhLXNvdXRoMS9mdW5jdGlvbnMvY2hlY2tvdXRTdGF0dXMqCwj/9ZXVBhDYr64pMghub2RlanMyMjp2CiNnY3IuaW8vZ2FlLXJ1bnRpbWVzL25vZGVqczIyOnN0YWJsZRJPYXNpYS1zb3V0aDEtZG9ja2VyLnBrZy5kZXYvc2VydmVybGVzcy1ydW50aW1lcy9nb29nbGUtMjItZnVsbC9ydW50aW1lcy9ub2RlanMyMkAB","serviceAccount":"projects/eshwesareestudio/serviceAccounts/106884158684-compute@developer.gserviceaccount.com","automaticUpdatePolicy":{}},"serviceConfig":{"service":"projects/eshwesareestudio/locations/asia-south1/services/createrazorpayorder","timeoutSeconds":60,"environmentVariables":{"FIREBASE_CONFIG":"{\"projectId\":\"eshwesareestudio\",\"storageBucket\":\"eshwesareestudio.firebasestorage.app\"}","GCLOUD_PROJECT":"eshwesareestudio","EVENTARC_CLOUD_EVENT_SOURCE":"projects/eshwesareestudio/locations/asia-south1/services/createRazorpayOrder","FUNCTION_REGION":"asia-south1","FUNCTION_TARGET":"createRazorpayOrder","LOG_EXECUTION_ID":"true","FUNCTION_SIGNATURE_TYPE":"http"},"ingressSettings":"ALLOW_ALL","uri":"https://createrazorpayorder-n7x6wk6maa-el.a.run.app","serviceAccountEmail":"106884158684-compute@developer.gserviceaccount.com","availableMemory":"256Mi","allTrafficOnLatestRevision":true,"secretEnvironmentVariables":[{"key":"RAZORPAY_KEY_ID","projectId":"eshwesareestudio","secret":"RAZORPAY_KEY_ID","version":"4"},{"key":"RAZORPAY_KEY_SECRET","projectId":"eshwesareestudio","secret":"RAZORPAY_KEY_SECRET","version":"4"}],"revision":"createrazorpayorder-00017-naf","maxInstanceRequestConcurrency":80,"availableCpu":"1"},"state":"ACTIVE","labels":{"deployment-tool":"cli-firebase","firebase-functions-hash":"6ab8702ef0dc9af6c6deca4fc5ae944d33e11395"},"environment":"GEN_2","url":"https://asia-south1-eshwesareestudio.cloudfunctions.net/createRazorpayOrder","satisfiesPzs":true,"satisfiesPzi":true},"stages":[{"name":"BUILD","state":"NOT_STARTED"},{"name":"SERVICE","state":"NOT_STARTED"}],"sourceToken":"Cldwcm9qZWN0cy8xMDY4ODQxNTg2ODQvbG9jYXRpb25zL2FzaWEtc291dGgxL2J1aWxkcy83NTM1NzQ0Mi1jOTNjLTRkZWItODQyOC05N2IwNDU0YjU4YTUSc2FzaWEtc291dGgxLWRvY2tlci5wa2cuZGV2L2VzaHdlc2FyZWVzdHVkaW8vZ2NmLWFydGlmYWN0cy9lc2h3ZXNhcmVlc3R1ZGlvX19hc2lhLS1zb3V0aDFfX2NoZWNrb3V0X3N0YXR1czp2ZXJzaW9uXzEY3Kmrlo4DIkhwcm9qZWN0cy9lc2h3ZXNhcmVlc3R1ZGlvL2xvY2F0aW9ucy9hc2lhLXNvdXRoMS9mdW5jdGlvbnMvY2hlY2tvdXRTdGF0dXMqCwj/9ZXVBhDYr64pMghub2RlanMyMjp2CiNnY3IuaW8vZ2FlLXJ1bnRpbWVzL25vZGVqczIyOnN0YWJsZRJPYXNpYS1zb3V0aDEtZG9ja2VyLnBrZy5kZXYvc2VydmVybGVzcy1ydW50aW1lcy9nb29nbGUtMjItZnVsbC9ydW50aW1lcy9ub2RlanMyMkAB","operationType":"UPDATE_FUNCTION"},"done":false}
[2026-09-12T16:17:08.943Z] Got source token Cldwcm9qZWN0cy8xMDY4ODQxNTg2ODQvbG9jYXRpb25zL2FzaWEtc291dGgxL2J1aWxkcy83NTM1NzQ0Mi1jOTNjLTRkZWItODQyOC05N2IwNDU0YjU4YTUSc2FzaWEtc291dGgxLWRvY2tlci5wa2cuZGV2L2VzaHdlc2FyZWVzdHVkaW8vZ2NmLWFydGlmYWN0cy9lc2h3ZXNhcmVlc3R1ZGlvX19hc2lhLS1zb3V0aDFfX2NoZWNrb3V0X3N0YXR1czp2ZXJzaW9uXzEY3Kmrlo4DIkhwcm9qZWN0cy9lc2h3ZXNhcmVlc3R1ZGlvL2xvY2F0aW9ucy9hc2lhLXNvdXRoMS9mdW5jdGlvbnMvY2hlY2tvdXRTdGF0dXMqCwj/9ZXVBhDYr64pMghub2RlanMyMjp2CiNnY3IuaW8vZ2FlLXJ1bnRpbWVzL25vZGVqczIyOnN0YWJsZRJPYXNpYS1zb3V0aDEtZG9ja2VyLnBrZy5kZXYvc2VydmVybGVzcy1ydW50aW1lcy9nb29nbGUtMjItZnVsbC9ydW50aW1lcy9ub2RlanMyMkAB for region asia-south1
[2026-09-12T16:17:08.982Z] <<< [apiv2][status] PATCH https://cloudfunctions.googleapis.com/v2/projects/eshwesareestudio/locations/asia-south1/functions/verifyRazorpayPayment 200
[2026-09-12T16:17:08.982Z] <<< [apiv2][body] PATCH https://cloudfunctions.googleapis.com/v2/projects/eshwesareestudio/locations/asia-south1/functions/verifyRazorpayPayment {"name":"projects/eshwesareestudio/locations/asia-south1/operations/operation-1789229827623-65b4b884c0add-cb02fdd4-5553ac80","metadata":{"@type":"type.googleapis.com/google.cloud.functions.v2.OperationMetadata","createTime":"2026-09-12T16:17:08.962904737Z","target":"projects/eshwesareestudio/locations/asia-south1/functions/verifyRazorpayPayment","verb":"update","cancelRequested":false,"apiVersion":"v2"},"done":false}
[2026-09-12T16:17:08.982Z] Checked if tokens are valid: true, expires at: 1789232947367
[2026-09-12T16:17:08.982Z] Checked if tokens are valid: true, expires at: 1789232947367
[2026-09-12T16:17:08.982Z] >>> [apiv2][query] GET https://cloudfunctions.googleapis.com/v2/projects/eshwesareestudio/locations/asia-south1/operations/operation-1789229827623-65b4b884c0add-cb02fdd4-5553ac80 [none]
[2026-09-12T16:17:08.998Z] <<< [apiv2][status] PATCH https://cloudfunctions.googleapis.com/v2/projects/eshwesareestudio/locations/asia-south1/functions/verifyCustomerOtp 200
[2026-09-12T16:17:08.999Z] <<< [apiv2][body] PATCH https://cloudfunctions.googleapis.com/v2/projects/eshwesareestudio/locations/asia-south1/functions/verifyCustomerOtp {"name":"projects/eshwesareestudio/locations/asia-south1/operations/operation-1789229827625-65b4b884c126c-d1b6aef9-e001c9e2","metadata":{"@type":"type.googleapis.com/google.cloud.functions.v2.OperationMetadata","createTime":"2026-09-12T16:17:08.970950892Z","target":"projects/eshwesareestudio/locations/asia-south1/functions/verifyCustomerOtp","verb":"update","cancelRequested":false,"apiVersion":"v2"},"done":false}
[2026-09-12T16:17:08.999Z] Checked if tokens are valid: true, expires at: 1789232947367
[2026-09-12T16:17:08.999Z] Checked if tokens are valid: true, expires at: 1789232947367
[2026-09-12T16:17:08.999Z] >>> [apiv2][query] GET https://cloudfunctions.googleapis.com/v2/projects/eshwesareestudio/locations/asia-south1/operations/operation-1789229827625-65b4b884c126c-d1b6aef9-e001c9e2 [none]
[2026-09-12T16:17:09.044Z] <<< [apiv2][status] GET https://cloudfunctions.googleapis.com/v2/projects/eshwesareestudio/locations/asia-south1/operations/operation-1789229827628-65b4b884c1cc7-1b731484-004b8cab 200
[2026-09-12T16:17:09.044Z] <<< [apiv2][body] GET https://cloudfunctions.googleapis.com/v2/projects/eshwesareestudio/locations/asia-south1/operations/operation-1789229827628-65b4b884c1cc7-1b731484-004b8cab {"name":"projects/eshwesareestudio/locations/asia-south1/operations/operation-1789229827628-65b4b884c1cc7-1b731484-004b8cab","metadata":{"@type":"type.googleapis.com/google.cloud.functions.v2.OperationMetadata","createTime":"2026-09-12T16:17:08.486504506Z","target":"projects/eshwesareestudio/locations/asia-south1/functions/ownerOrderAction","verb":"create","cancelRequested":false,"apiVersion":"v2","requestResource":{"@type":"type.googleapis.com/google.cloud.functions.v2.Function","name":"projects/eshwesareestudio/locations/asia-south1/functions/ownerOrderAction","buildConfig":{"runtime":"nodejs22","entryPoint":"ownerOrderAction","source":{"storageSource":{"bucket":"gcf-v2-sources-106884158684-asia-south1","object":"ownerOrderAction/function-source.zip","generation":"1789229827843962"}},"environmentVariables":{"GOOGLE_NODE_RUN_SCRIPTS":""},"sourceToken":"Cldwcm9qZWN0cy8xMDY4ODQxNTg2ODQvbG9jYXRpb25zL2FzaWEtc291dGgxL2J1aWxkcy83NTM1NzQ0Mi1jOTNjLTRkZWItODQyOC05N2IwNDU0YjU4YTUSc2FzaWEtc291dGgxLWRvY2tlci5wa2cuZGV2L2VzaHdlc2FyZWVzdHVkaW8vZ2NmLWFydGlmYWN0cy9lc2h3ZXNhcmVlc3R1ZGlvX19hc2lhLS1zb3V0aDFfX2NoZWNrb3V0X3N0YXR1czp2ZXJzaW9uXzEY3Kmrlo4DIkhwcm9qZWN0cy9lc2h3ZXNhcmVlc3R1ZGlvL2xvY2F0aW9ucy9hc2lhLXNvdXRoMS9mdW5jdGlvbnMvY2hlY2tvdXRTdGF0dXMqCwj/9ZXVBhDYr64pMghub2RlanMyMjp2CiNnY3IuaW8vZ2FlLXJ1bnRpbWVzL25vZGVqczIyOnN0YWJsZRJPYXNpYS1zb3V0aDEtZG9ja2VyLnBrZy5kZXYvc2VydmVybGVzcy1ydW50aW1lcy9nb29nbGUtMjItZnVsbC9ydW50aW1lcy9ub2RlanMyMkAB","serviceAccount":"projects/eshwesareestudio/serviceAccounts/106884158684-compute@developer.gserviceaccount.com","automaticUpdatePolicy":{}},"serviceConfig":{"service":"projects/eshwesareestudio/locations/asia-south1/services/ownerorderaction","timeoutSeconds":60,"environmentVariables":{"FIREBASE_CONFIG":"{\"projectId\":\"eshwesareestudio\",\"storageBucket\":\"eshwesareestudio.firebasestorage.app\"}","GCLOUD_PROJECT":"eshwesareestudio","EVENTARC_CLOUD_EVENT_SOURCE":"projects/eshwesareestudio/locations/asia-south1/services/ownerOrderAction","FUNCTION_REGION":"asia-south1","FUNCTION_TARGET":"ownerOrderAction","LOG_EXECUTION_ID":"true","FUNCTION_SIGNATURE_TYPE":"http"},"ingressSettings":"ALLOW_ALL","serviceAccountEmail":"106884158684-compute@developer.gserviceaccount.com","availableMemory":"256Mi","secretEnvironmentVariables":[{"key":"RAZORPAY_KEY_ID","projectId":"eshwesareestudio","secret":"RAZORPAY_KEY_ID","version":"4"},{"key":"RAZORPAY_KEY_SECRET","projectId":"eshwesareestudio","secret":"RAZORPAY_KEY_SECRET","version":"4"}],"maxInstanceRequestConcurrency":80,"availableCpu":"1"},"labels":{"deployment-tool":"cli-firebase","firebase-functions-hash":"6ab8702ef0dc9af6c6deca4fc5ae944d33e11395"},"environment":"GEN_2"},"stages":[{"name":"BUILD","message":"Reusing build","state":"COMPLETE","resource":"projects/106884158684/locations/asia-south1/builds/75357442-c93c-4deb-8428-97b0454b58a5"},{"name":"SERVICE","state":"NOT_STARTED"}],"sourceToken":"Cldwcm9qZWN0cy8xMDY4ODQxNTg2ODQvbG9jYXRpb25zL2FzaWEtc291dGgxL2J1aWxkcy83NTM1NzQ0Mi1jOTNjLTRkZWItODQyOC05N2IwNDU0YjU4YTUSc2FzaWEtc291dGgxLWRvY2tlci5wa2cuZGV2L2VzaHdlc2FyZWVzdHVkaW8vZ2NmLWFydGlmYWN0cy9lc2h3ZXNhcmVlc3R1ZGlvX19hc2lhLS1zb3V0aDFfX2NoZWNrb3V0X3N0YXR1czp2ZXJzaW9uXzEY3Kmrlo4DIkhwcm9qZWN0cy9lc2h3ZXNhcmVlc3R1ZGlvL2xvY2F0aW9ucy9hc2lhLXNvdXRoMS9mdW5jdGlvbnMvY2hlY2tvdXRTdGF0dXMqCwj/9ZXVBhDYr64pMghub2RlanMyMjp2CiNnY3IuaW8vZ2FlLXJ1bnRpbWVzL25vZGVqczIyOnN0YWJsZRJPYXNpYS1zb3V0aDEtZG9ja2VyLnBrZy5kZXYvc2VydmVybGVzcy1ydW50aW1lcy9nb29nbGUtMjItZnVsbC9ydW50aW1lcy9ub2RlanMyMkAB","operationType":"CREATE_FUNCTION","buildName":"projects/106884158684/locations/asia-south1/builds/75357442-c93c-4deb-8428-97b0454b58a5"},"done":false}
[2026-09-12T16:17:09.046Z] Got source token Cldwcm9qZWN0cy8xMDY4ODQxNTg2ODQvbG9jYXRpb25zL2FzaWEtc291dGgxL2J1aWxkcy83NTM1NzQ0Mi1jOTNjLTRkZWItODQyOC05N2IwNDU0YjU4YTUSc2FzaWEtc291dGgxLWRvY2tlci5wa2cuZGV2L2VzaHdlc2FyZWVzdHVkaW8vZ2NmLWFydGlmYWN0cy9lc2h3ZXNhcmVlc3R1ZGlvX19hc2lhLS1zb3V0aDFfX2NoZWNrb3V0X3N0YXR1czp2ZXJzaW9uXzEY3Kmrlo4DIkhwcm9qZWN0cy9lc2h3ZXNhcmVlc3R1ZGlvL2xvY2F0aW9ucy9hc2lhLXNvdXRoMS9mdW5jdGlvbnMvY2hlY2tvdXRTdGF0dXMqCwj/9ZXVBhDYr64pMghub2RlanMyMjp2CiNnY3IuaW8vZ2FlLXJ1bnRpbWVzL25vZGVqczIyOnN0YWJsZRJPYXNpYS1zb3V0aDEtZG9ja2VyLnBrZy5kZXYvc2VydmVybGVzcy1ydW50aW1lcy9nb29nbGUtMjItZnVsbC9ydW50aW1lcy9ub2RlanMyMkAB for region asia-south1
[2026-09-12T16:17:09.097Z] <<< [apiv2][status] PATCH https://cloudfunctions.googleapis.com/v2/projects/eshwesareestudio/locations/asia-south1/functions/razorpayAppCallback 200
[2026-09-12T16:17:09.097Z] <<< [apiv2][body] PATCH https://cloudfunctions.googleapis.com/v2/projects/eshwesareestudio/locations/asia-south1/functions/razorpayAppCallback {"name":"projects/eshwesareestudio/locations/asia-south1/operations/operation-1789229827712-65b4b884d66d1-78676f56-a702d825","metadata":{"@type":"type.googleapis.com/google.cloud.functions.v2.OperationMetadata","createTime":"2026-09-12T16:17:09.056725386Z","target":"projects/eshwesareestudio/locations/asia-south1/functions/razorpayAppCallback","verb":"update","cancelRequested":false,"apiVersion":"v2"},"done":false}
[2026-09-12T16:17:09.098Z] Checked if tokens are valid: true, expires at: 1789232947367
[2026-09-12T16:17:09.098Z] Checked if tokens are valid: true, expires at: 1789232947367
[2026-09-12T16:17:09.098Z] >>> [apiv2][query] GET https://cloudfunctions.googleapis.com/v2/projects/eshwesareestudio/locations/asia-south1/operations/operation-1789229827712-65b4b884d66d1-78676f56-a702d825 [none]
[2026-09-12T16:17:09.113Z] <<< [apiv2][status] PATCH https://cloudfunctions.googleapis.com/v2/projects/eshwesareestudio/locations/asia-south1/functions/razorpayWebhook 200
[2026-09-12T16:17:09.113Z] <<< [apiv2][body] PATCH https://cloudfunctions.googleapis.com/v2/projects/eshwesareestudio/locations/asia-south1/functions/razorpayWebhook {"name":"projects/eshwesareestudio/locations/asia-south1/operations/operation-1789229827682-65b4b884cef92-fe6a0883-66dd5f41","metadata":{"@type":"type.googleapis.com/google.cloud.functions.v2.OperationMetadata","createTime":"2026-09-12T16:17:09.085558917Z","target":"projects/eshwesareestudio/locations/asia-south1/functions/razorpayWebhook","verb":"update","cancelRequested":false,"apiVersion":"v2"},"done":false}
[2026-09-12T16:17:09.113Z] Checked if tokens are valid: true, expires at: 1789232947367
[2026-09-12T16:17:09.113Z] Checked if tokens are valid: true, expires at: 1789232947367
[2026-09-12T16:17:09.114Z] >>> [apiv2][query] GET https://cloudfunctions.googleapis.com/v2/projects/eshwesareestudio/locations/asia-south1/operations/operation-1789229827682-65b4b884cef92-fe6a0883-66dd5f41 [none]
[2026-09-12T16:17:09.204Z] <<< [apiv2][status] PATCH https://cloudfunctions.googleapis.com/v2/projects/eshwesareestudio/locations/asia-south1/functions/sendCustomerOtp 200
[2026-09-12T16:17:09.205Z] <<< [apiv2][body] PATCH https://cloudfunctions.googleapis.com/v2/projects/eshwesareestudio/locations/asia-south1/functions/sendCustomerOtp {"name":"projects/eshwesareestudio/locations/asia-south1/operations/operation-1789229827626-65b4b884c17e5-97d52ade-6a0718ae","metadata":{"@type":"type.googleapis.com/google.cloud.functions.v2.OperationMetadata","createTime":"2026-09-12T16:17:09.188888610Z","target":"projects/eshwesareestudio/locations/asia-south1/functions/sendCustomerOtp","verb":"update","cancelRequested":false,"apiVersion":"v2"},"done":false}
[2026-09-12T16:17:09.205Z] Checked if tokens are valid: true, expires at: 1789232947367
[2026-09-12T16:17:09.205Z] Checked if tokens are valid: true, expires at: 1789232947367
[2026-09-12T16:17:09.206Z] >>> [apiv2][query] GET https://cloudfunctions.googleapis.com/v2/projects/eshwesareestudio/locations/asia-south1/operations/operation-1789229827626-65b4b884c17e5-97d52ade-6a0718ae [none]
[2026-09-12T16:17:09.254Z] [create-default-asia-south1-reconcileCheckoutOrders] Retrying task index 0
[2026-09-12T16:17:09.254Z] Checked if tokens are valid: true, expires at: 1789232947367
[2026-09-12T16:17:09.254Z] Checked if tokens are valid: true, expires at: 1789232947367
[2026-09-12T16:17:09.255Z] >>> [apiv2][query] GET https://cloudfunctions.googleapis.com/v2/projects/eshwesareestudio/locations/asia-south1/operations/operation-1789229827714-65b4b884d6e08-6594bfeb-834d9d75 [none]
[2026-09-12T16:17:09.273Z] <<< [apiv2][status] PATCH https://cloudfunctions.googleapis.com/v2/projects/eshwesareestudio/locations/asia-south1/functions/sendContactEmailNotification 200
[2026-09-12T16:17:09.273Z] <<< [apiv2][body] PATCH https://cloudfunctions.googleapis.com/v2/projects/eshwesareestudio/locations/asia-south1/functions/sendContactEmailNotification {"name":"projects/eshwesareestudio/locations/asia-south1/operations/operation-1789229827625-65b4b884c10b1-8bd4c1a9-bdd42450","metadata":{"@type":"type.googleapis.com/google.cloud.functions.v2.OperationMetadata","createTime":"2026-09-12T16:17:09.256731354Z","target":"projects/eshwesareestudio/locations/asia-south1/functions/sendContactEmailNotification","verb":"update","cancelRequested":false,"apiVersion":"v2"},"done":false}
[2026-09-12T16:17:09.273Z] Checked if tokens are valid: true, expires at: 1789232947367
[2026-09-12T16:17:09.273Z] Checked if tokens are valid: true, expires at: 1789232947367
[2026-09-12T16:17:09.273Z] >>> [apiv2][query] GET https://cloudfunctions.googleapis.com/v2/projects/eshwesareestudio/locations/asia-south1/operations/operation-1789229827625-65b4b884c10b1-8bd4c1a9-bdd42450 [none]
[2026-09-12T16:17:09.388Z] <<< [apiv2][status] GET https://cloudfunctions.googleapis.com/v2/projects/eshwesareestudio/locations/asia-south1/operations/operation-1789229827629-65b4b884c231b-5a1e7120-cfff2b97 200
[2026-09-12T16:17:09.388Z] <<< [apiv2][body] GET https://cloudfunctions.googleapis.com/v2/projects/eshwesareestudio/locations/asia-south1/operations/operation-1789229827629-65b4b884c231b-5a1e7120-cfff2b97 {"name":"projects/eshwesareestudio/locations/asia-south1/operations/operation-1789229827629-65b4b884c231b-5a1e7120-cfff2b97","metadata":{"@type":"type.googleapis.com/google.cloud.functions.v2.OperationMetadata","createTime":"2026-09-12T16:17:08.916902978Z","target":"projects/eshwesareestudio/locations/asia-south1/functions/ownerProductAction","verb":"create","cancelRequested":false,"apiVersion":"v2","requestResource":{"@type":"type.googleapis.com/google.cloud.functions.v2.Function","name":"projects/eshwesareestudio/locations/asia-south1/functions/ownerProductAction","buildConfig":{"runtime":"nodejs22","entryPoint":"ownerProductAction","source":{"storageSource":{"bucket":"gcf-v2-sources-106884158684-asia-south1","object":"ownerProductAction/function-source.zip","generation":"1789229827833546"}},"environmentVariables":{"GOOGLE_NODE_RUN_SCRIPTS":""},"sourceToken":"Cldwcm9qZWN0cy8xMDY4ODQxNTg2ODQvbG9jYXRpb25zL2FzaWEtc291dGgxL2J1aWxkcy83NTM1NzQ0Mi1jOTNjLTRkZWItODQyOC05N2IwNDU0YjU4YTUSc2FzaWEtc291dGgxLWRvY2tlci5wa2cuZGV2L2VzaHdlc2FyZWVzdHVkaW8vZ2NmLWFydGlmYWN0cy9lc2h3ZXNhcmVlc3R1ZGlvX19hc2lhLS1zb3V0aDFfX2NoZWNrb3V0X3N0YXR1czp2ZXJzaW9uXzEY3Kmrlo4DIkhwcm9qZWN0cy9lc2h3ZXNhcmVlc3R1ZGlvL2xvY2F0aW9ucy9hc2lhLXNvdXRoMS9mdW5jdGlvbnMvY2hlY2tvdXRTdGF0dXMqCwj/9ZXVBhDYr64pMghub2RlanMyMjp2CiNnY3IuaW8vZ2FlLXJ1bnRpbWVzL25vZGVqczIyOnN0YWJsZRJPYXNpYS1zb3V0aDEtZG9ja2VyLnBrZy5kZXYvc2VydmVybGVzcy1ydW50aW1lcy9nb29nbGUtMjItZnVsbC9ydW50aW1lcy9ub2RlanMyMkAB","serviceAccount":"projects/eshwesareestudio/serviceAccounts/106884158684-compute@developer.gserviceaccount.com","automaticUpdatePolicy":{}},"serviceConfig":{"service":"projects/eshwesareestudio/locations/asia-south1/services/ownerproductaction","timeoutSeconds":60,"environmentVariables":{"FIREBASE_CONFIG":"{\"projectId\":\"eshwesareestudio\",\"storageBucket\":\"eshwesareestudio.firebasestorage.app\"}","GCLOUD_PROJECT":"eshwesareestudio","EVENTARC_CLOUD_EVENT_SOURCE":"projects/eshwesareestudio/locations/asia-south1/services/ownerProductAction","FUNCTION_REGION":"asia-south1","FUNCTION_TARGET":"ownerProductAction","LOG_EXECUTION_ID":"true","FUNCTION_SIGNATURE_TYPE":"http"},"ingressSettings":"ALLOW_ALL","serviceAccountEmail":"106884158684-compute@developer.gserviceaccount.com","availableMemory":"256Mi","maxInstanceRequestConcurrency":80,"availableCpu":"1"},"labels":{"deployment-tool":"cli-firebase","firebase-functions-hash":"dfb918a5ef846c88c82e4c100a033f23358f588c"},"environment":"GEN_2"},"stages":[{"name":"BUILD","message":"Reusing build","state":"COMPLETE","resource":"projects/106884158684/locations/asia-south1/builds/75357442-c93c-4deb-8428-97b0454b58a5"},{"name":"SERVICE","state":"NOT_STARTED"}],"sourceToken":"Cldwcm9qZWN0cy8xMDY4ODQxNTg2ODQvbG9jYXRpb25zL2FzaWEtc291dGgxL2J1aWxkcy83NTM1NzQ0Mi1jOTNjLTRkZWItODQyOC05N2IwNDU0YjU4YTUSc2FzaWEtc291dGgxLWRvY2tlci5wa2cuZGV2L2VzaHdlc2FyZWVzdHVkaW8vZ2NmLWFydGlmYWN0cy9lc2h3ZXNhcmVlc3R1ZGlvX19hc2lhLS1zb3V0aDFfX2NoZWNrb3V0X3N0YXR1czp2ZXJzaW9uXzEY3Kmrlo4DIkhwcm9qZWN0cy9lc2h3ZXNhcmVlc3R1ZGlvL2xvY2F0aW9ucy9hc2lhLXNvdXRoMS9mdW5jdGlvbnMvY2hlY2tvdXRTdGF0dXMqCwj/9ZXVBhDYr64pMghub2RlanMyMjp2CiNnY3IuaW8vZ2FlLXJ1bnRpbWVzL25vZGVqczIyOnN0YWJsZRJPYXNpYS1zb3V0aDEtZG9ja2VyLnBrZy5kZXYvc2VydmVybGVzcy1ydW50aW1lcy9nb29nbGUtMjItZnVsbC9ydW50aW1lcy9ub2RlanMyMkAB","operationType":"CREATE_FUNCTION","buildName":"projects/106884158684/locations/asia-south1/builds/75357442-c93c-4deb-8428-97b0454b58a5"},"done":false}
[2026-09-12T16:17:09.388Z] Got source token Cldwcm9qZWN0cy8xMDY4ODQxNTg2ODQvbG9jYXRpb25zL2FzaWEtc291dGgxL2J1aWxkcy83NTM1NzQ0Mi1jOTNjLTRkZWItODQyOC05N2IwNDU0YjU4YTUSc2FzaWEtc291dGgxLWRvY2tlci5wa2cuZGV2L2VzaHdlc2FyZWVzdHVkaW8vZ2NmLWFydGlmYWN0cy9lc2h3ZXNhcmVlc3R1ZGlvX19hc2lhLS1zb3V0aDFfX2NoZWNrb3V0X3N0YXR1czp2ZXJzaW9uXzEY3Kmrlo4DIkhwcm9qZWN0cy9lc2h3ZXNhcmVlc3R1ZGlvL2xvY2F0aW9ucy9hc2lhLXNvdXRoMS9mdW5jdGlvbnMvY2hlY2tvdXRTdGF0dXMqCwj/9ZXVBhDYr64pMghub2RlanMyMjp2CiNnY3IuaW8vZ2FlLXJ1bnRpbWVzL25vZGVqczIyOnN0YWJsZRJPYXNpYS1zb3V0aDEtZG9ja2VyLnBrZy5kZXYvc2VydmVybGVzcy1ydW50aW1lcy9nb29nbGUtMjItZnVsbC9ydW50aW1lcy9ub2RlanMyMkAB for region asia-south1
[2026-09-12T16:17:09.442Z] [update-default-asia-south1-createRazorpayOrder] Retrying task index 0
[2026-09-12T16:17:09.443Z] Checked if tokens are valid: true, expires at: 1789232947367
[2026-09-12T16:17:09.443Z] Checked if tokens are valid: true, expires at: 1789232947367
[2026-09-12T16:17:09.443Z] >>> [apiv2][query] GET https://cloudfunctions.googleapis.com/v2/projects/eshwesareestudio/locations/asia-south1/operations/operation-1789229827360-65b4b88480615-744c0c11-8030325e [none]
[2026-09-12T16:17:09.443Z] <<< [apiv2][status] GET https://cloudfunctions.googleapis.com/v2/projects/eshwesareestudio/locations/asia-south1/operations/operation-1789229827623-65b4b884c0add-cb02fdd4-5553ac80 200
[2026-09-12T16:17:09.444Z] <<< [apiv2][body] GET https://cloudfunctions.googleapis.com/v2/projects/eshwesareestudio/locations/asia-south1/operations/operation-1789229827623-65b4b884c0add-cb02fdd4-5553ac80 {"name":"projects/eshwesareestudio/locations/asia-south1/operations/operation-1789229827623-65b4b884c0add-cb02fdd4-5553ac80","metadata":{"@type":"type.googleapis.com/google.cloud.functions.v2.OperationMetadata","createTime":"2026-09-12T16:17:08.962904737Z","target":"projects/eshwesareestudio/locations/asia-south1/functions/verifyRazorpayPayment","verb":"update","cancelRequested":false,"apiVersion":"v2","requestResource":{"@type":"type.googleapis.com/google.cloud.functions.v2.Function","name":"projects/eshwesareestudio/locations/asia-south1/functions/verifyRazorpayPayment","buildConfig":{"runtime":"nodejs22","entryPoint":"verifyRazorpayPayment","source":{"storageSource":{"bucket":"gcf-v2-sources-106884158684-asia-south1","object":"verifyRazorpayPayment/function-source.zip","generation":"1789229828924241"}},"environmentVariables":{"GOOGLE_NODE_RUN_SCRIPTS":""},"dockerRepository":"projects/eshwesareestudio/locations/asia-south1/repositories/gcf-artifacts","sourceProvenance":{"resolvedStorageSource":{"bucket":"gcf-v2-sources-106884158684-asia-south1","object":"verifyRazorpayPayment/function-source.zip","generation":"1789037073431061"}},"dockerRegistry":"ARTIFACT_REGISTRY","sourceToken":"Cldwcm9qZWN0cy8xMDY4ODQxNTg2ODQvbG9jYXRpb25zL2FzaWEtc291dGgxL2J1aWxkcy83NTM1NzQ0Mi1jOTNjLTRkZWItODQyOC05N2IwNDU0YjU4YTUSc2FzaWEtc291dGgxLWRvY2tlci5wa2cuZGV2L2VzaHdlc2FyZWVzdHVkaW8vZ2NmLWFydGlmYWN0cy9lc2h3ZXNhcmVlc3R1ZGlvX19hc2lhLS1zb3V0aDFfX2NoZWNrb3V0X3N0YXR1czp2ZXJzaW9uXzEY3Kmrlo4DIkhwcm9qZWN0cy9lc2h3ZXNhcmVlc3R1ZGlvL2xvY2F0aW9ucy9hc2lhLXNvdXRoMS9mdW5jdGlvbnMvY2hlY2tvdXRTdGF0dXMqCwj/9ZXVBhDYr64pMghub2RlanMyMjp2CiNnY3IuaW8vZ2FlLXJ1bnRpbWVzL25vZGVqczIyOnN0YWJsZRJPYXNpYS1zb3V0aDEtZG9ja2VyLnBrZy5kZXYvc2VydmVybGVzcy1ydW50aW1lcy9nb29nbGUtMjItZnVsbC9ydW50aW1lcy9ub2RlanMyMkAB","serviceAccount":"projects/eshwesareestudio/serviceAccounts/106884158684-compute@developer.gserviceaccount.com","automaticUpdatePolicy":{}},"serviceConfig":{"service":"projects/eshwesareestudio/locations/asia-south1/services/verifyrazorpaypayment","timeoutSeconds":60,"environmentVariables":{"FIREBASE_CONFIG":"{\"projectId\":\"eshwesareestudio\",\"storageBucket\":\"eshwesareestudio.firebasestorage.app\"}","GCLOUD_PROJECT":"eshwesareestudio","EVENTARC_CLOUD_EVENT_SOURCE":"projects/eshwesareestudio/locations/asia-south1/services/verifyRazorpayPayment","FUNCTION_REGION":"asia-south1","FUNCTION_TARGET":"verifyRazorpayPayment","LOG_EXECUTION_ID":"true","FUNCTION_SIGNATURE_TYPE":"http"},"ingressSettings":"ALLOW_ALL","uri":"https://verifyrazorpaypayment-n7x6wk6maa-el.a.run.app","serviceAccountEmail":"106884158684-compute@developer.gserviceaccount.com","availableMemory":"256Mi","allTrafficOnLatestRevision":true,"secretEnvironmentVariables":[{"key":"RAZORPAY_KEY_SECRET","projectId":"eshwesareestudio","secret":"RAZORPAY_KEY_SECRET","version":"4"},{"key":"RAZORPAY_KEY_ID","projectId":"eshwesareestudio","secret":"RAZORPAY_KEY_ID","version":"4"}],"revision":"verifyrazorpaypayment-00017-sef","maxInstanceRequestConcurrency":80,"availableCpu":"1"},"state":"ACTIVE","labels":{"deployment-tool":"cli-firebase","firebase-functions-hash":"7a9b9a7115660114738002785d5b32cccf95d19e"},"environment":"GEN_2","url":"https://asia-south1-eshwesareestudio.cloudfunctions.net/verifyRazorpayPayment","satisfiesPzs":true,"satisfiesPzi":true},"stages":[{"name":"BUILD","message":"Reusing build","state":"COMPLETE","resource":"projects/106884158684/locations/asia-south1/builds/75357442-c93c-4deb-8428-97b0454b58a5"},{"name":"SERVICE","state":"NOT_STARTED"}],"sourceToken":"Cldwcm9qZWN0cy8xMDY4ODQxNTg2ODQvbG9jYXRpb25zL2FzaWEtc291dGgxL2J1aWxkcy83NTM1NzQ0Mi1jOTNjLTRkZWItODQyOC05N2IwNDU0YjU4YTUSc2FzaWEtc291dGgxLWRvY2tlci5wa2cuZGV2L2VzaHdlc2FyZWVzdHVkaW8vZ2NmLWFydGlmYWN0cy9lc2h3ZXNhcmVlc3R1ZGlvX19hc2lhLS1zb3V0aDFfX2NoZWNrb3V0X3N0YXR1czp2ZXJzaW9uXzEY3Kmrlo4DIkhwcm9qZWN0cy9lc2h3ZXNhcmVlc3R1ZGlvL2xvY2F0aW9ucy9hc2lhLXNvdXRoMS9mdW5jdGlvbnMvY2hlY2tvdXRTdGF0dXMqCwj/9ZXVBhDYr64pMghub2RlanMyMjp2CiNnY3IuaW8vZ2FlLXJ1bnRpbWVzL25vZGVqczIyOnN0YWJsZRJPYXNpYS1zb3V0aDEtZG9ja2VyLnBrZy5kZXYvc2VydmVybGVzcy1ydW50aW1lcy9nb29nbGUtMjItZnVsbC9ydW50aW1lcy9ub2RlanMyMkAB","operationType":"UPDATE_FUNCTION","buildName":"projects/106884158684/locations/asia-south1/builds/75357442-c93c-4deb-8428-97b0454b58a5"},"done":false}
[2026-09-12T16:17:09.444Z] Got source token Cldwcm9qZWN0cy8xMDY4ODQxNTg2ODQvbG9jYXRpb25zL2FzaWEtc291dGgxL2J1aWxkcy83NTM1NzQ0Mi1jOTNjLTRkZWItODQyOC05N2IwNDU0YjU4YTUSc2FzaWEtc291dGgxLWRvY2tlci5wa2cuZGV2L2VzaHdlc2FyZWVzdHVkaW8vZ2NmLWFydGlmYWN0cy9lc2h3ZXNhcmVlc3R1ZGlvX19hc2lhLS1zb3V0aDFfX2NoZWNrb3V0X3N0YXR1czp2ZXJzaW9uXzEY3Kmrlo4DIkhwcm9qZWN0cy9lc2h3ZXNhcmVlc3R1ZGlvL2xvY2F0aW9ucy9hc2lhLXNvdXRoMS9mdW5jdGlvbnMvY2hlY2tvdXRTdGF0dXMqCwj/9ZXVBhDYr64pMghub2RlanMyMjp2CiNnY3IuaW8vZ2FlLXJ1bnRpbWVzL25vZGVqczIyOnN0YWJsZRJPYXNpYS1zb3V0aDEtZG9ja2VyLnBrZy5kZXYvc2VydmVybGVzcy1ydW50aW1lcy9nb29nbGUtMjItZnVsbC9ydW50aW1lcy9ub2RlanMyMkAB for region asia-south1
[2026-09-12T16:17:09.452Z] <<< [apiv2][status] GET https://cloudfunctions.googleapis.com/v2/projects/eshwesareestudio/locations/asia-south1/operations/operation-1789229827625-65b4b884c126c-d1b6aef9-e001c9e2 200
[2026-09-12T16:17:09.453Z] <<< [apiv2][body] GET https://cloudfunctions.googleapis.com/v2/projects/eshwesareestudio/locations/asia-south1/operations/operation-1789229827625-65b4b884c126c-d1b6aef9-e001c9e2 {"name":"projects/eshwesareestudio/locations/asia-south1/operations/operation-1789229827625-65b4b884c126c-d1b6aef9-e001c9e2","metadata":{"@type":"type.googleapis.com/google.cloud.functions.v2.OperationMetadata","createTime":"2026-09-12T16:17:08.970950892Z","target":"projects/eshwesareestudio/locations/asia-south1/functions/verifyCustomerOtp","verb":"update","cancelRequested":false,"apiVersion":"v2","requestResource":{"@type":"type.googleapis.com/google.cloud.functions.v2.Function","name":"projects/eshwesareestudio/locations/asia-south1/functions/verifyCustomerOtp","buildConfig":{"runtime":"nodejs22","entryPoint":"verifyCustomerOtp","source":{"storageSource":{"bucket":"gcf-v2-sources-106884158684-asia-south1","object":"verifyCustomerOtp/function-source.zip","generation":"1789229828925425"}},"environmentVariables":{"GOOGLE_NODE_RUN_SCRIPTS":""},"dockerRepository":"projects/eshwesareestudio/locations/asia-south1/repositories/gcf-artifacts","sourceProvenance":{"resolvedStorageSource":{"bucket":"gcf-v2-sources-106884158684-asia-south1","object":"verifyCustomerOtp/function-source.zip","generation":"1789037073995711"}},"dockerRegistry":"ARTIFACT_REGISTRY","sourceToken":"Cldwcm9qZWN0cy8xMDY4ODQxNTg2ODQvbG9jYXRpb25zL2FzaWEtc291dGgxL2J1aWxkcy83NTM1NzQ0Mi1jOTNjLTRkZWItODQyOC05N2IwNDU0YjU4YTUSc2FzaWEtc291dGgxLWRvY2tlci5wa2cuZGV2L2VzaHdlc2FyZWVzdHVkaW8vZ2NmLWFydGlmYWN0cy9lc2h3ZXNhcmVlc3R1ZGlvX19hc2lhLS1zb3V0aDFfX2NoZWNrb3V0X3N0YXR1czp2ZXJzaW9uXzEY3Kmrlo4DIkhwcm9qZWN0cy9lc2h3ZXNhcmVlc3R1ZGlvL2xvY2F0aW9ucy9hc2lhLXNvdXRoMS9mdW5jdGlvbnMvY2hlY2tvdXRTdGF0dXMqCwj/9ZXVBhDYr64pMghub2RlanMyMjp2CiNnY3IuaW8vZ2FlLXJ1bnRpbWVzL25vZGVqczIyOnN0YWJsZRJPYXNpYS1zb3V0aDEtZG9ja2VyLnBrZy5kZXYvc2VydmVybGVzcy1ydW50aW1lcy9nb29nbGUtMjItZnVsbC9ydW50aW1lcy9ub2RlanMyMkAB","serviceAccount":"projects/eshwesareestudio/serviceAccounts/106884158684-compute@developer.gserviceaccount.com","automaticUpdatePolicy":{}},"serviceConfig":{"service":"projects/eshwesareestudio/locations/asia-south1/services/verifycustomerotp","timeoutSeconds":60,"environmentVariables":{"FIREBASE_CONFIG":"{\"projectId\":\"eshwesareestudio\",\"storageBucket\":\"eshwesareestudio.firebasestorage.app\"}","GCLOUD_PROJECT":"eshwesareestudio","EVENTARC_CLOUD_EVENT_SOURCE":"projects/eshwesareestudio/locations/asia-south1/services/verifyCustomerOtp","FUNCTION_REGION":"asia-south1","FUNCTION_TARGET":"verifyCustomerOtp","LOG_EXECUTION_ID":"true","FUNCTION_SIGNATURE_TYPE":"http"},"ingressSettings":"ALLOW_ALL","uri":"https://verifycustomerotp-n7x6wk6maa-el.a.run.app","serviceAccountEmail":"106884158684-compute@developer.gserviceaccount.com","availableMemory":"256Mi","allTrafficOnLatestRevision":true,"secretEnvironmentVariables":[{"key":"MSG91_AUTH_KEY","projectId":"eshwesareestudio","secret":"MSG91_AUTH_KEY","version":"1"}],"revision":"verifycustomerotp-00005-vey","maxInstanceRequestConcurrency":80,"availableCpu":"1"},"state":"ACTIVE","labels":{"deployment-tool":"cli-firebase","firebase-functions-hash":"dfb918a5ef846c88c82e4c100a033f23358f588c"},"environment":"GEN_2","url":"https://asia-south1-eshwesareestudio.cloudfunctions.net/verifyCustomerOtp","satisfiesPzs":true,"satisfiesPzi":true},"stages":[{"name":"BUILD","message":"Reusing build","state":"COMPLETE","resource":"projects/106884158684/locations/asia-south1/builds/75357442-c93c-4deb-8428-97b0454b58a5"},{"name":"SERVICE","state":"NOT_STARTED"}],"sourceToken":"Cldwcm9qZWN0cy8xMDY4ODQxNTg2ODQvbG9jYXRpb25zL2FzaWEtc291dGgxL2J1aWxkcy83NTM1NzQ0Mi1jOTNjLTRkZWItODQyOC05N2IwNDU0YjU4YTUSc2FzaWEtc291dGgxLWRvY2tlci5wa2cuZGV2L2VzaHdlc2FyZWVzdHVkaW8vZ2NmLWFydGlmYWN0cy9lc2h3ZXNhcmVlc3R1ZGlvX19hc2lhLS1zb3V0aDFfX2NoZWNrb3V0X3N0YXR1czp2ZXJzaW9uXzEY3Kmrlo4DIkhwcm9qZWN0cy9lc2h3ZXNhcmVlc3R1ZGlvL2xvY2F0aW9ucy9hc2lhLXNvdXRoMS9mdW5jdGlvbnMvY2hlY2tvdXRTdGF0dXMqCwj/9ZXVBhDYr64pMghub2RlanMyMjp2CiNnY3IuaW8vZ2FlLXJ1bnRpbWVzL25vZGVqczIyOnN0YWJsZRJPYXNpYS1zb3V0aDEtZG9ja2VyLnBrZy5kZXYvc2VydmVybGVzcy1ydW50aW1lcy9nb29nbGUtMjItZnVsbC9ydW50aW1lcy9ub2RlanMyMkAB","operationType":"UPDATE_FUNCTION","buildName":"projects/106884158684/locations/asia-south1/builds/75357442-c93c-4deb-8428-97b0454b58a5"},"done":false}
[2026-09-12T16:17:09.453Z] Got source token Cldwcm9qZWN0cy8xMDY4ODQxNTg2ODQvbG9jYXRpb25zL2FzaWEtc291dGgxL2J1aWxkcy83NTM1NzQ0Mi1jOTNjLTRkZWItODQyOC05N2IwNDU0YjU4YTUSc2FzaWEtc291dGgxLWRvY2tlci5wa2cuZGV2L2VzaHdlc2FyZWVzdHVkaW8vZ2NmLWFydGlmYWN0cy9lc2h3ZXNhcmVlc3R1ZGlvX19hc2lhLS1zb3V0aDFfX2NoZWNrb3V0X3N0YXR1czp2ZXJzaW9uXzEY3Kmrlo4DIkhwcm9qZWN0cy9lc2h3ZXNhcmVlc3R1ZGlvL2xvY2F0aW9ucy9hc2lhLXNvdXRoMS9mdW5jdGlvbnMvY2hlY2tvdXRTdGF0dXMqCwj/9ZXVBhDYr64pMghub2RlanMyMjp2CiNnY3IuaW8vZ2FlLXJ1bnRpbWVzL25vZGVqczIyOnN0YWJsZRJPYXNpYS1zb3V0aDEtZG9ja2VyLnBrZy5kZXYvc2VydmVybGVzcy1ydW50aW1lcy9nb29nbGUtMjItZnVsbC9ydW50aW1lcy9ub2RlanMyMkAB for region asia-south1
[2026-09-12T16:17:09.546Z] [create-default-asia-south1-ownerOrderAction] Retrying task index 0
[2026-09-12T16:17:09.547Z] Checked if tokens are valid: true, expires at: 1789232947367
[2026-09-12T16:17:09.547Z] Checked if tokens are valid: true, expires at: 1789232947367
[2026-09-12T16:17:09.547Z] >>> [apiv2][query] GET https://cloudfunctions.googleapis.com/v2/projects/eshwesareestudio/locations/asia-south1/operations/operation-1789229827628-65b4b884c1cc7-1b731484-004b8cab [none]
[2026-09-12T16:17:09.574Z] <<< [apiv2][status] GET https://cloudfunctions.googleapis.com/v2/projects/eshwesareestudio/locations/asia-south1/operations/operation-1789229827712-65b4b884d66d1-78676f56-a702d825 200
[2026-09-12T16:17:09.574Z] <<< [apiv2][body] GET https://cloudfunctions.googleapis.com/v2/projects/eshwesareestudio/locations/asia-south1/operations/operation-1789229827712-65b4b884d66d1-78676f56-a702d825 {"name":"projects/eshwesareestudio/locations/asia-south1/operations/operation-1789229827712-65b4b884d66d1-78676f56-a702d825","metadata":{"@type":"type.googleapis.com/google.cloud.functions.v2.OperationMetadata","createTime":"2026-09-12T16:17:09.056725386Z","target":"projects/eshwesareestudio/locations/asia-south1/functions/razorpayAppCallback","verb":"update","cancelRequested":false,"apiVersion":"v2","requestResource":{"@type":"type.googleapis.com/google.cloud.functions.v2.Function","name":"projects/eshwesareestudio/locations/asia-south1/functions/razorpayAppCallback","buildConfig":{"runtime":"nodejs22","entryPoint":"razorpayAppCallback","source":{"storageSource":{"bucket":"gcf-v2-sources-106884158684-asia-south1","object":"razorpayAppCallback/function-source.zip","generation":"1789229829013283"}},"environmentVariables":{"GOOGLE_NODE_RUN_SCRIPTS":""},"dockerRepository":"projects/eshwesareestudio/locations/asia-south1/repositories/gcf-artifacts","sourceProvenance":{"resolvedStorageSource":{"bucket":"gcf-v2-sources-106884158684-asia-south1","object":"razorpayAppCallback/function-source.zip","generation":"1789037073984830"}},"dockerRegistry":"ARTIFACT_REGISTRY","sourceToken":"Cldwcm9qZWN0cy8xMDY4ODQxNTg2ODQvbG9jYXRpb25zL2FzaWEtc291dGgxL2J1aWxkcy83NTM1NzQ0Mi1jOTNjLTRkZWItODQyOC05N2IwNDU0YjU4YTUSc2FzaWEtc291dGgxLWRvY2tlci5wa2cuZGV2L2VzaHdlc2FyZWVzdHVkaW8vZ2NmLWFydGlmYWN0cy9lc2h3ZXNhcmVlc3R1ZGlvX19hc2lhLS1zb3V0aDFfX2NoZWNrb3V0X3N0YXR1czp2ZXJzaW9uXzEY3Kmrlo4DIkhwcm9qZWN0cy9lc2h3ZXNhcmVlc3R1ZGlvL2xvY2F0aW9ucy9hc2lhLXNvdXRoMS9mdW5jdGlvbnMvY2hlY2tvdXRTdGF0dXMqCwj/9ZXVBhDYr64pMghub2RlanMyMjp2CiNnY3IuaW8vZ2FlLXJ1bnRpbWVzL25vZGVqczIyOnN0YWJsZRJPYXNpYS1zb3V0aDEtZG9ja2VyLnBrZy5kZXYvc2VydmVybGVzcy1ydW50aW1lcy9nb29nbGUtMjItZnVsbC9ydW50aW1lcy9ub2RlanMyMkAB","serviceAccount":"projects/eshwesareestudio/serviceAccounts/106884158684-compute@developer.gserviceaccount.com","automaticUpdatePolicy":{}},"serviceConfig":{"service":"projects/eshwesareestudio/locations/asia-south1/services/razorpayappcallback","timeoutSeconds":60,"environmentVariables":{"FIREBASE_CONFIG":"{\"projectId\":\"eshwesareestudio\",\"storageBucket\":\"eshwesareestudio.firebasestorage.app\"}","GCLOUD_PROJECT":"eshwesareestudio","EVENTARC_CLOUD_EVENT_SOURCE":"projects/eshwesareestudio/locations/asia-south1/services/razorpayAppCallback","FUNCTION_REGION":"asia-south1","FUNCTION_TARGET":"razorpayAppCallback","LOG_EXECUTION_ID":"true","FUNCTION_SIGNATURE_TYPE":"http"},"ingressSettings":"ALLOW_ALL","uri":"https://razorpayappcallback-n7x6wk6maa-el.a.run.app","serviceAccountEmail":"106884158684-compute@developer.gserviceaccount.com","availableMemory":"256Mi","allTrafficOnLatestRevision":true,"secretEnvironmentVariables":[{"key":"RAZORPAY_KEY_SECRET","projectId":"eshwesareestudio","secret":"RAZORPAY_KEY_SECRET","version":"4"},{"key":"RAZORPAY_KEY_ID","projectId":"eshwesareestudio","secret":"RAZORPAY_KEY_ID","version":"4"}],"revision":"razorpayappcallback-00008-deg","maxInstanceRequestConcurrency":80,"availableCpu":"1"},"state":"ACTIVE","labels":{"deployment-tool":"cli-firebase","firebase-functions-hash":"7a9b9a7115660114738002785d5b32cccf95d19e"},"environment":"GEN_2","url":"https://asia-south1-eshwesareestudio.cloudfunctions.net/razorpayAppCallback","satisfiesPzs":true,"satisfiesPzi":true},"stages":[{"name":"BUILD","message":"Reusing build","state":"COMPLETE","resource":"projects/106884158684/locations/asia-south1/builds/75357442-c93c-4deb-8428-97b0454b58a5"},{"name":"SERVICE","state":"NOT_STARTED"}],"sourceToken":"Cldwcm9qZWN0cy8xMDY4ODQxNTg2ODQvbG9jYXRpb25zL2FzaWEtc291dGgxL2J1aWxkcy83NTM1NzQ0Mi1jOTNjLTRkZWItODQyOC05N2IwNDU0YjU4YTUSc2FzaWEtc291dGgxLWRvY2tlci5wa2cuZGV2L2VzaHdlc2FyZWVzdHVkaW8vZ2NmLWFydGlmYWN0cy9lc2h3ZXNhcmVlc3R1ZGlvX19hc2lhLS1zb3V0aDFfX2NoZWNrb3V0X3N0YXR1czp2ZXJzaW9uXzEY3Kmrlo4DIkhwcm9qZWN0cy9lc2h3ZXNhcmVlc3R1ZGlvL2xvY2F0aW9ucy9hc2lhLXNvdXRoMS9mdW5jdGlvbnMvY2hlY2tvdXRTdGF0dXMqCwj/9ZXVBhDYr64pMghub2RlanMyMjp2CiNnY3IuaW8vZ2FlLXJ1bnRpbWVzL25vZGVqczIyOnN0YWJsZRJPYXNpYS1zb3V0aDEtZG9ja2VyLnBrZy5kZXYvc2VydmVybGVzcy1ydW50aW1lcy9nb29nbGUtMjItZnVsbC9ydW50aW1lcy9ub2RlanMyMkAB","operationType":"UPDATE_FUNCTION","buildName":"projects/106884158684/locations/asia-south1/builds/75357442-c93c-4deb-8428-97b0454b58a5"},"done":false}
[2026-09-12T16:17:09.575Z] Got source token Cldwcm9qZWN0cy8xMDY4ODQxNTg2ODQvbG9jYXRpb25zL2FzaWEtc291dGgxL2J1aWxkcy83NTM1NzQ0Mi1jOTNjLTRkZWItODQyOC05N2IwNDU0YjU4YTUSc2FzaWEtc291dGgxLWRvY2tlci5wa2cuZGV2L2VzaHdlc2FyZWVzdHVkaW8vZ2NmLWFydGlmYWN0cy9lc2h3ZXNhcmVlc3R1ZGlvX19hc2lhLS1zb3V0aDFfX2NoZWNrb3V0X3N0YXR1czp2ZXJzaW9uXzEY3Kmrlo4DIkhwcm9qZWN0cy9lc2h3ZXNhcmVlc3R1ZGlvL2xvY2F0aW9ucy9hc2lhLXNvdXRoMS9mdW5jdGlvbnMvY2hlY2tvdXRTdGF0dXMqCwj/9ZXVBhDYr64pMghub2RlanMyMjp2CiNnY3IuaW8vZ2FlLXJ1bnRpbWVzL25vZGVqczIyOnN0YWJsZRJPYXNpYS1zb3V0aDEtZG9ja2VyLnBrZy5kZXYvc2VydmVybGVzcy1ydW50aW1lcy9nb29nbGUtMjItZnVsbC9ydW50aW1lcy9ub2RlanMyMkAB for region asia-south1
[2026-09-12T16:17:09.640Z] <<< [apiv2][status] GET https://cloudfunctions.googleapis.com/v2/projects/eshwesareestudio/locations/asia-south1/operations/operation-1789229827682-65b4b884cef92-fe6a0883-66dd5f41 200
[2026-09-12T16:17:09.640Z] <<< [apiv2][body] GET https://cloudfunctions.googleapis.com/v2/projects/eshwesareestudio/locations/asia-south1/operations/operation-1789229827682-65b4b884cef92-fe6a0883-66dd5f41 {"name":"projects/eshwesareestudio/locations/asia-south1/operations/operation-1789229827682-65b4b884cef92-fe6a0883-66dd5f41","metadata":{"@type":"type.googleapis.com/google.cloud.functions.v2.OperationMetadata","createTime":"2026-09-12T16:17:09.085558917Z","target":"projects/eshwesareestudio/locations/asia-south1/functions/razorpayWebhook","verb":"update","cancelRequested":false,"apiVersion":"v2","requestResource":{"@type":"type.googleapis.com/google.cloud.functions.v2.Function","name":"projects/eshwesareestudio/locations/asia-south1/functions/razorpayWebhook","buildConfig":{"runtime":"nodejs22","entryPoint":"razorpayWebhook","source":{"storageSource":{"bucket":"gcf-v2-sources-106884158684-asia-south1","object":"razorpayWebhook/function-source.zip","generation":"1789229829044706"}},"environmentVariables":{"GOOGLE_NODE_RUN_SCRIPTS":""},"dockerRepository":"projects/eshwesareestudio/locations/asia-south1/repositories/gcf-artifacts","sourceProvenance":{"resolvedStorageSource":{"bucket":"gcf-v2-sources-106884158684-asia-south1","object":"razorpayWebhook/function-source.zip","generation":"1789037073466889"}},"dockerRegistry":"ARTIFACT_REGISTRY","sourceToken":"Cldwcm9qZWN0cy8xMDY4ODQxNTg2ODQvbG9jYXRpb25zL2FzaWEtc291dGgxL2J1aWxkcy83NTM1NzQ0Mi1jOTNjLTRkZWItODQyOC05N2IwNDU0YjU4YTUSc2FzaWEtc291dGgxLWRvY2tlci5wa2cuZGV2L2VzaHdlc2FyZWVzdHVkaW8vZ2NmLWFydGlmYWN0cy9lc2h3ZXNhcmVlc3R1ZGlvX19hc2lhLS1zb3V0aDFfX2NoZWNrb3V0X3N0YXR1czp2ZXJzaW9uXzEY3Kmrlo4DIkhwcm9qZWN0cy9lc2h3ZXNhcmVlc3R1ZGlvL2xvY2F0aW9ucy9hc2lhLXNvdXRoMS9mdW5jdGlvbnMvY2hlY2tvdXRTdGF0dXMqCwj/9ZXVBhDYr64pMghub2RlanMyMjp2CiNnY3IuaW8vZ2FlLXJ1bnRpbWVzL25vZGVqczIyOnN0YWJsZRJPYXNpYS1zb3V0aDEtZG9ja2VyLnBrZy5kZXYvc2VydmVybGVzcy1ydW50aW1lcy9nb29nbGUtMjItZnVsbC9ydW50aW1lcy9ub2RlanMyMkAB","serviceAccount":"projects/eshwesareestudio/serviceAccounts/106884158684-compute@developer.gserviceaccount.com","automaticUpdatePolicy":{}},"serviceConfig":{"service":"projects/eshwesareestudio/locations/asia-south1/services/razorpaywebhook","timeoutSeconds":60,"environmentVariables":{"FIREBASE_CONFIG":"{\"projectId\":\"eshwesareestudio\",\"storageBucket\":\"eshwesareestudio.firebasestorage.app\"}","GCLOUD_PROJECT":"eshwesareestudio","EVENTARC_CLOUD_EVENT_SOURCE":"projects/eshwesareestudio/locations/asia-south1/services/razorpayWebhook","FUNCTION_REGION":"asia-south1","FUNCTION_TARGET":"razorpayWebhook","LOG_EXECUTION_ID":"true","FUNCTION_SIGNATURE_TYPE":"http"},"ingressSettings":"ALLOW_ALL","uri":"https://razorpaywebhook-n7x6wk6maa-el.a.run.app","serviceAccountEmail":"106884158684-compute@developer.gserviceaccount.com","availableMemory":"256Mi","allTrafficOnLatestRevision":true,"secretEnvironmentVariables":[{"key":"RAZORPAY_WEBHOOK_SECRET","projectId":"eshwesareestudio","secret":"RAZORPAY_WEBHOOK_SECRET","version":"2"},{"key":"RAZORPAY_KEY_ID","projectId":"eshwesareestudio","secret":"RAZORPAY_KEY_ID","version":"4"},{"key":"RAZORPAY_KEY_SECRET","projectId":"eshwesareestudio","secret":"RAZORPAY_KEY_SECRET","version":"4"}],"revision":"razorpaywebhook-00015-lum","maxInstanceRequestConcurrency":80,"availableCpu":"1"},"state":"ACTIVE","labels":{"deployment-tool":"cli-firebase","firebase-functions-hash":"c109d28cd0095e75b9624121c2323575d524b77c"},"environment":"GEN_2","url":"https://asia-south1-eshwesareestudio.cloudfunctions.net/razorpayWebhook","satisfiesPzs":true,"satisfiesPzi":true},"stages":[{"name":"BUILD","message":"Reusing build","state":"COMPLETE","resource":"projects/106884158684/locations/asia-south1/builds/75357442-c93c-4deb-8428-97b0454b58a5"},{"name":"SERVICE","state":"NOT_STARTED"}],"sourceToken":"Cldwcm9qZWN0cy8xMDY4ODQxNTg2ODQvbG9jYXRpb25zL2FzaWEtc291dGgxL2J1aWxkcy83NTM1NzQ0Mi1jOTNjLTRkZWItODQyOC05N2IwNDU0YjU4YTUSc2FzaWEtc291dGgxLWRvY2tlci5wa2cuZGV2L2VzaHdlc2FyZWVzdHVkaW8vZ2NmLWFydGlmYWN0cy9lc2h3ZXNhcmVlc3R1ZGlvX19hc2lhLS1zb3V0aDFfX2NoZWNrb3V0X3N0YXR1czp2ZXJzaW9uXzEY3Kmrlo4DIkhwcm9qZWN0cy9lc2h3ZXNhcmVlc3R1ZGlvL2xvY2F0aW9ucy9hc2lhLXNvdXRoMS9mdW5jdGlvbnMvY2hlY2tvdXRTdGF0dXMqCwj/9ZXVBhDYr64pMghub2RlanMyMjp2CiNnY3IuaW8vZ2FlLXJ1bnRpbWVzL25vZGVqczIyOnN0YWJsZRJPYXNpYS1zb3V0aDEtZG9ja2VyLnBrZy5kZXYvc2VydmVybGVzcy1ydW50aW1lcy9nb29nbGUtMjItZnVsbC9ydW50aW1lcy9ub2RlanMyMkAB","operationType":"UPDATE_FUNCTION","buildName":"projects/106884158684/locations/asia-south1/builds/75357442-c93c-4deb-8428-97b0454b58a5"},"done":false}
[2026-09-12T16:17:09.640Z] Got source token Cldwcm9qZWN0cy8xMDY4ODQxNTg2ODQvbG9jYXRpb25zL2FzaWEtc291dGgxL2J1aWxkcy83NTM1NzQ0Mi1jOTNjLTRkZWItODQyOC05N2IwNDU0YjU4YTUSc2FzaWEtc291dGgxLWRvY2tlci5wa2cuZGV2L2VzaHdlc2FyZWVzdHVkaW8vZ2NmLWFydGlmYWN0cy9lc2h3ZXNhcmVlc3R1ZGlvX19hc2lhLS1zb3V0aDFfX2NoZWNrb3V0X3N0YXR1czp2ZXJzaW9uXzEY3Kmrlo4DIkhwcm9qZWN0cy9lc2h3ZXNhcmVlc3R1ZGlvL2xvY2F0aW9ucy9hc2lhLXNvdXRoMS9mdW5jdGlvbnMvY2hlY2tvdXRTdGF0dXMqCwj/9ZXVBhDYr64pMghub2RlanMyMjp2CiNnY3IuaW8vZ2FlLXJ1bnRpbWVzL25vZGVqczIyOnN0YWJsZRJPYXNpYS1zb3V0aDEtZG9ja2VyLnBrZy5kZXYvc2VydmVybGVzcy1ydW50aW1lcy9nb29nbGUtMjItZnVsbC9ydW50aW1lcy9ub2RlanMyMkAB for region asia-south1
[2026-09-12T16:17:09.652Z] <<< [apiv2][status] GET https://cloudfunctions.googleapis.com/v2/projects/eshwesareestudio/locations/asia-south1/operations/operation-1789229827626-65b4b884c17e5-97d52ade-6a0718ae 200
[2026-09-12T16:17:09.652Z] <<< [apiv2][body] GET https://cloudfunctions.googleapis.com/v2/projects/eshwesareestudio/locations/asia-south1/operations/operation-1789229827626-65b4b884c17e5-97d52ade-6a0718ae {"name":"projects/eshwesareestudio/locations/asia-south1/operations/operation-1789229827626-65b4b884c17e5-97d52ade-6a0718ae","metadata":{"@type":"type.googleapis.com/google.cloud.functions.v2.OperationMetadata","createTime":"2026-09-12T16:17:09.188888610Z","target":"projects/eshwesareestudio/locations/asia-south1/functions/sendCustomerOtp","verb":"update","cancelRequested":false,"apiVersion":"v2","requestResource":{"@type":"type.googleapis.com/google.cloud.functions.v2.Function","name":"projects/eshwesareestudio/locations/asia-south1/functions/sendCustomerOtp","buildConfig":{"runtime":"nodejs22","entryPoint":"sendCustomerOtp","source":{"storageSource":{"bucket":"gcf-v2-sources-106884158684-asia-south1","object":"sendCustomerOtp/function-source.zip","generation":"1789229829146571"}},"environmentVariables":{"GOOGLE_NODE_RUN_SCRIPTS":""},"dockerRepository":"projects/eshwesareestudio/locations/asia-south1/repositories/gcf-artifacts","sourceProvenance":{"resolvedStorageSource":{"bucket":"gcf-v2-sources-106884158684-asia-south1","object":"sendCustomerOtp/function-source.zip","generation":"1789046773389124"}},"dockerRegistry":"ARTIFACT_REGISTRY","sourceToken":"Cldwcm9qZWN0cy8xMDY4ODQxNTg2ODQvbG9jYXRpb25zL2FzaWEtc291dGgxL2J1aWxkcy83NTM1NzQ0Mi1jOTNjLTRkZWItODQyOC05N2IwNDU0YjU4YTUSc2FzaWEtc291dGgxLWRvY2tlci5wa2cuZGV2L2VzaHdlc2FyZWVzdHVkaW8vZ2NmLWFydGlmYWN0cy9lc2h3ZXNhcmVlc3R1ZGlvX19hc2lhLS1zb3V0aDFfX2NoZWNrb3V0X3N0YXR1czp2ZXJzaW9uXzEY3Kmrlo4DIkhwcm9qZWN0cy9lc2h3ZXNhcmVlc3R1ZGlvL2xvY2F0aW9ucy9hc2lhLXNvdXRoMS9mdW5jdGlvbnMvY2hlY2tvdXRTdGF0dXMqCwj/9ZXVBhDYr64pMghub2RlanMyMjp2CiNnY3IuaW8vZ2FlLXJ1bnRpbWVzL25vZGVqczIyOnN0YWJsZRJPYXNpYS1zb3V0aDEtZG9ja2VyLnBrZy5kZXYvc2VydmVybGVzcy1ydW50aW1lcy9nb29nbGUtMjItZnVsbC9ydW50aW1lcy9ub2RlanMyMkAB","serviceAccount":"projects/eshwesareestudio/serviceAccounts/106884158684-compute@developer.gserviceaccount.com","automaticUpdatePolicy":{}},"serviceConfig":{"service":"projects/eshwesareestudio/locations/asia-south1/services/sendcustomerotp","timeoutSeconds":60,"environmentVariables":{"FIREBASE_CONFIG":"{\"projectId\":\"eshwesareestudio\",\"storageBucket\":\"eshwesareestudio.firebasestorage.app\"}","GCLOUD_PROJECT":"eshwesareestudio","EVENTARC_CLOUD_EVENT_SOURCE":"projects/eshwesareestudio/locations/asia-south1/services/sendCustomerOtp","FUNCTION_REGION":"asia-south1","FUNCTION_TARGET":"sendCustomerOtp","LOG_EXECUTION_ID":"true","FUNCTION_SIGNATURE_TYPE":"http"},"ingressSettings":"ALLOW_ALL","uri":"https://sendcustomerotp-n7x6wk6maa-el.a.run.app","serviceAccountEmail":"106884158684-compute@developer.gserviceaccount.com","availableMemory":"256Mi","allTrafficOnLatestRevision":true,"secretEnvironmentVariables":[{"key":"MSG91_AUTH_KEY","projectId":"eshwesareestudio","secret":"MSG91_AUTH_KEY","version":"1"},{"key":"MSG91_OTP_TEMPLATE_ID","projectId":"eshwesareestudio","secret":"MSG91_OTP_TEMPLATE_ID","version":"2"}],"revision":"sendcustomerotp-00006-bel","maxInstanceRequestConcurrency":80,"availableCpu":"1"},"state":"ACTIVE","labels":{"deployment-tool":"cli-firebase","firebase-functions-hash":"bce7731a43ae1fae479c1e6fc4c1759214a42bce"},"environment":"GEN_2","url":"https://asia-south1-eshwesareestudio.cloudfunctions.net/sendCustomerOtp","satisfiesPzs":true,"satisfiesPzi":true},"stages":[{"name":"BUILD","message":"Reusing build","state":"COMPLETE","resource":"projects/106884158684/locations/asia-south1/builds/75357442-c93c-4deb-8428-97b0454b58a5"},{"name":"SERVICE","state":"NOT_STARTED"}],"sourceToken":"Cldwcm9qZWN0cy8xMDY4ODQxNTg2ODQvbG9jYXRpb25zL2FzaWEtc291dGgxL2J1aWxkcy83NTM1NzQ0Mi1jOTNjLTRkZWItODQyOC05N2IwNDU0YjU4YTUSc2FzaWEtc291dGgxLWRvY2tlci5wa2cuZGV2L2VzaHdlc2FyZWVzdHVkaW8vZ2NmLWFydGlmYWN0cy9lc2h3ZXNhcmVlc3R1ZGlvX19hc2lhLS1zb3V0aDFfX2NoZWNrb3V0X3N0YXR1czp2ZXJzaW9uXzEY3Kmrlo4DIkhwcm9qZWN0cy9lc2h3ZXNhcmVlc3R1ZGlvL2xvY2F0aW9ucy9hc2lhLXNvdXRoMS9mdW5jdGlvbnMvY2hlY2tvdXRTdGF0dXMqCwj/9ZXVBhDYr64pMghub2RlanMyMjp2CiNnY3IuaW8vZ2FlLXJ1bnRpbWVzL25vZGVqczIyOnN0YWJsZRJPYXNpYS1zb3V0aDEtZG9ja2VyLnBrZy5kZXYvc2VydmVybGVzcy1ydW50aW1lcy9nb29nbGUtMjItZnVsbC9ydW50aW1lcy9ub2RlanMyMkAB","operationType":"UPDATE_FUNCTION","buildName":"projects/106884158684/locations/asia-south1/builds/75357442-c93c-4deb-8428-97b0454b58a5"},"done":false}
[2026-09-12T16:17:09.652Z] Got source token Cldwcm9qZWN0cy8xMDY4ODQxNTg2ODQvbG9jYXRpb25zL2FzaWEtc291dGgxL2J1aWxkcy83NTM1NzQ0Mi1jOTNjLTRkZWItODQyOC05N2IwNDU0YjU4YTUSc2FzaWEtc291dGgxLWRvY2tlci5wa2cuZGV2L2VzaHdlc2FyZWVzdHVkaW8vZ2NmLWFydGlmYWN0cy9lc2h3ZXNhcmVlc3R1ZGlvX19hc2lhLS1zb3V0aDFfX2NoZWNrb3V0X3N0YXR1czp2ZXJzaW9uXzEY3Kmrlo4DIkhwcm9qZWN0cy9lc2h3ZXNhcmVlc3R1ZGlvL2xvY2F0aW9ucy9hc2lhLXNvdXRoMS9mdW5jdGlvbnMvY2hlY2tvdXRTdGF0dXMqCwj/9ZXVBhDYr64pMghub2RlanMyMjp2CiNnY3IuaW8vZ2FlLXJ1bnRpbWVzL25vZGVqczIyOnN0YWJsZRJPYXNpYS1zb3V0aDEtZG9ja2VyLnBrZy5kZXYvc2VydmVybGVzcy1ydW50aW1lcy9nb29nbGUtMjItZnVsbC9ydW50aW1lcy9ub2RlanMyMkAB for region asia-south1
[2026-09-12T16:17:09.717Z] <<< [apiv2][status] GET https://cloudfunctions.googleapis.com/v2/projects/eshwesareestudio/locations/asia-south1/operations/operation-1789229827714-65b4b884d6e08-6594bfeb-834d9d75 200
[2026-09-12T16:17:09.718Z] <<< [apiv2][body] GET https://cloudfunctions.googleapis.com/v2/projects/eshwesareestudio/locations/asia-south1/operations/operation-1789229827714-65b4b884d6e08-6594bfeb-834d9d75 {"name":"projects/eshwesareestudio/locations/asia-south1/operations/operation-1789229827714-65b4b884d6e08-6594bfeb-834d9d75","metadata":{"@type":"type.googleapis.com/google.cloud.functions.v2.OperationMetadata","createTime":"2026-09-12T16:17:08.575108624Z","target":"projects/eshwesareestudio/locations/asia-south1/functions/reconcileCheckoutOrders","verb":"create","cancelRequested":false,"apiVersion":"v2","requestResource":{"@type":"type.googleapis.com/google.cloud.functions.v2.Function","name":"projects/eshwesareestudio/locations/asia-south1/functions/reconcileCheckoutOrders","buildConfig":{"runtime":"nodejs22","entryPoint":"reconcileCheckoutOrders","source":{"storageSource":{"bucket":"gcf-v2-sources-106884158684-asia-south1","object":"reconcileCheckoutOrders/function-source.zip","generation":"1789229827903230"}},"environmentVariables":{"GOOGLE_NODE_RUN_SCRIPTS":""},"sourceToken":"Cldwcm9qZWN0cy8xMDY4ODQxNTg2ODQvbG9jYXRpb25zL2FzaWEtc291dGgxL2J1aWxkcy83NTM1NzQ0Mi1jOTNjLTRkZWItODQyOC05N2IwNDU0YjU4YTUSc2FzaWEtc291dGgxLWRvY2tlci5wa2cuZGV2L2VzaHdlc2FyZWVzdHVkaW8vZ2NmLWFydGlmYWN0cy9lc2h3ZXNhcmVlc3R1ZGlvX19hc2lhLS1zb3V0aDFfX2NoZWNrb3V0X3N0YXR1czp2ZXJzaW9uXzEY3Kmrlo4DIkhwcm9qZWN0cy9lc2h3ZXNhcmVlc3R1ZGlvL2xvY2F0aW9ucy9hc2lhLXNvdXRoMS9mdW5jdGlvbnMvY2hlY2tvdXRTdGF0dXMqCwj/9ZXVBhDYr64pMghub2RlanMyMjp2CiNnY3IuaW8vZ2FlLXJ1bnRpbWVzL25vZGVqczIyOnN0YWJsZRJPYXNpYS1zb3V0aDEtZG9ja2VyLnBrZy5kZXYvc2VydmVybGVzcy1ydW50aW1lcy9nb29nbGUtMjItZnVsbC9ydW50aW1lcy9ub2RlanMyMkAB","serviceAccount":"projects/eshwesareestudio/serviceAccounts/106884158684-compute@developer.gserviceaccount.com","automaticUpdatePolicy":{}},"serviceConfig":{"service":"projects/eshwesareestudio/locations/asia-south1/services/reconcilecheckoutorders","timeoutSeconds":60,"environmentVariables":{"FIREBASE_CONFIG":"{\"projectId\":\"eshwesareestudio\",\"storageBucket\":\"eshwesareestudio.firebasestorage.app\"}","GCLOUD_PROJECT":"eshwesareestudio","EVENTARC_CLOUD_EVENT_SOURCE":"projects/eshwesareestudio/locations/asia-south1/services/reconcileCheckoutOrders","FUNCTION_REGION":"asia-south1","FUNCTION_TARGET":"reconcileCheckoutOrders","LOG_EXECUTION_ID":"true","FUNCTION_SIGNATURE_TYPE":"http"},"ingressSettings":"ALLOW_ALL","serviceAccountEmail":"106884158684-compute@developer.gserviceaccount.com","availableMemory":"256Mi","secretEnvironmentVariables":[{"key":"RAZORPAY_KEY_ID","projectId":"eshwesareestudio","secret":"RAZORPAY_KEY_ID","version":"4"},{"key":"RAZORPAY_KEY_SECRET","projectId":"eshwesareestudio","secret":"RAZORPAY_KEY_SECRET","version":"4"}],"maxInstanceRequestConcurrency":80,"availableCpu":"1"},"labels":{"deployment-tool":"cli-firebase","deployment-scheduled":"true","firebase-functions-hash":"6ab8702ef0dc9af6c6deca4fc5ae944d33e11395"},"environment":"GEN_2"},"stages":[{"name":"BUILD","message":"Reusing build","state":"COMPLETE","resource":"projects/106884158684/locations/asia-south1/builds/75357442-c93c-4deb-8428-97b0454b58a5"},{"name":"SERVICE","message":"Creating Cloud Run service","state":"IN_PROGRESS","resource":"projects/eshwesareestudio/locations/asia-south1/services/reconcilecheckoutorders","resourceUri":"https://console.cloud.google.com/run/detail/asia-south1/reconcilecheckoutorders?project=eshwesareestudio"}],"sourceToken":"Cldwcm9qZWN0cy8xMDY4ODQxNTg2ODQvbG9jYXRpb25zL2FzaWEtc291dGgxL2J1aWxkcy83NTM1NzQ0Mi1jOTNjLTRkZWItODQyOC05N2IwNDU0YjU4YTUSc2FzaWEtc291dGgxLWRvY2tlci5wa2cuZGV2L2VzaHdlc2FyZWVzdHVkaW8vZ2NmLWFydGlmYWN0cy9lc2h3ZXNhcmVlc3R1ZGlvX19hc2lhLS1zb3V0aDFfX2NoZWNrb3V0X3N0YXR1czp2ZXJzaW9uXzEY3Kmrlo4DIkhwcm9qZWN0cy9lc2h3ZXNhcmVlc3R1ZGlvL2xvY2F0aW9ucy9hc2lhLXNvdXRoMS9mdW5jdGlvbnMvY2hlY2tvdXRTdGF0dXMqCwj/9ZXVBhDYr64pMghub2RlanMyMjp2CiNnY3IuaW8vZ2FlLXJ1bnRpbWVzL25vZGVqczIyOnN0YWJsZRJPYXNpYS1zb3V0aDEtZG9ja2VyLnBrZy5kZXYvc2VydmVybGVzcy1ydW50aW1lcy9nb29nbGUtMjItZnVsbC9ydW50aW1lcy9ub2RlanMyMkAB","operationType":"CREATE_FUNCTION","buildName":"projects/106884158684/locations/asia-south1/builds/75357442-c93c-4deb-8428-97b0454b58a5"},"done":false}
[2026-09-12T16:17:09.718Z] Got source token Cldwcm9qZWN0cy8xMDY4ODQxNTg2ODQvbG9jYXRpb25zL2FzaWEtc291dGgxL2J1aWxkcy83NTM1NzQ0Mi1jOTNjLTRkZWItODQyOC05N2IwNDU0YjU4YTUSc2FzaWEtc291dGgxLWRvY2tlci5wa2cuZGV2L2VzaHdlc2FyZWVzdHVkaW8vZ2NmLWFydGlmYWN0cy9lc2h3ZXNhcmVlc3R1ZGlvX19hc2lhLS1zb3V0aDFfX2NoZWNrb3V0X3N0YXR1czp2ZXJzaW9uXzEY3Kmrlo4DIkhwcm9qZWN0cy9lc2h3ZXNhcmVlc3R1ZGlvL2xvY2F0aW9ucy9hc2lhLXNvdXRoMS9mdW5jdGlvbnMvY2hlY2tvdXRTdGF0dXMqCwj/9ZXVBhDYr64pMghub2RlanMyMjp2CiNnY3IuaW8vZ2FlLXJ1bnRpbWVzL25vZGVqczIyOnN0YWJsZRJPYXNpYS1zb3V0aDEtZG9ja2VyLnBrZy5kZXYvc2VydmVybGVzcy1ydW50aW1lcy9nb29nbGUtMjItZnVsbC9ydW50aW1lcy9ub2RlanMyMkAB for region asia-south1
[2026-09-12T16:17:09.730Z] <<< [apiv2][status] GET https://cloudfunctions.googleapis.com/v2/projects/eshwesareestudio/locations/asia-south1/operations/operation-1789229827625-65b4b884c10b1-8bd4c1a9-bdd42450 200
[2026-09-12T16:17:09.730Z] <<< [apiv2][body] GET https://cloudfunctions.googleapis.com/v2/projects/eshwesareestudio/locations/asia-south1/operations/operation-1789229827625-65b4b884c10b1-8bd4c1a9-bdd42450 {"name":"projects/eshwesareestudio/locations/asia-south1/operations/operation-1789229827625-65b4b884c10b1-8bd4c1a9-bdd42450","metadata":{"@type":"type.googleapis.com/google.cloud.functions.v2.OperationMetadata","createTime":"2026-09-12T16:17:09.256731354Z","target":"projects/eshwesareestudio/locations/asia-south1/functions/sendContactEmailNotification","verb":"update","cancelRequested":false,"apiVersion":"v2","requestResource":{"@type":"type.googleapis.com/google.cloud.functions.v2.Function","name":"projects/eshwesareestudio/locations/asia-south1/functions/sendContactEmailNotification","buildConfig":{"runtime":"nodejs22","entryPoint":"sendContactEmailNotification","source":{"storageSource":{"bucket":"gcf-v2-sources-106884158684-asia-south1","object":"sendContactEmailNotification/function-source.zip","generation":"1789229829219353"}},"environmentVariables":{"GOOGLE_NODE_RUN_SCRIPTS":""},"dockerRepository":"projects/eshwesareestudio/locations/asia-south1/repositories/gcf-artifacts","sourceProvenance":{"resolvedStorageSource":{"bucket":"gcf-v2-sources-106884158684-asia-south1","object":"sendContactEmailNotification/function-source.zip","generation":"1788596247997556"}},"dockerRegistry":"ARTIFACT_REGISTRY","sourceToken":"Cldwcm9qZWN0cy8xMDY4ODQxNTg2ODQvbG9jYXRpb25zL2FzaWEtc291dGgxL2J1aWxkcy83NTM1NzQ0Mi1jOTNjLTRkZWItODQyOC05N2IwNDU0YjU4YTUSc2FzaWEtc291dGgxLWRvY2tlci5wa2cuZGV2L2VzaHdlc2FyZWVzdHVkaW8vZ2NmLWFydGlmYWN0cy9lc2h3ZXNhcmVlc3R1ZGlvX19hc2lhLS1zb3V0aDFfX2NoZWNrb3V0X3N0YXR1czp2ZXJzaW9uXzEY3Kmrlo4DIkhwcm9qZWN0cy9lc2h3ZXNhcmVlc3R1ZGlvL2xvY2F0aW9ucy9hc2lhLXNvdXRoMS9mdW5jdGlvbnMvY2hlY2tvdXRTdGF0dXMqCwj/9ZXVBhDYr64pMghub2RlanMyMjp2CiNnY3IuaW8vZ2FlLXJ1bnRpbWVzL25vZGVqczIyOnN0YWJsZRJPYXNpYS1zb3V0aDEtZG9ja2VyLnBrZy5kZXYvc2VydmVybGVzcy1ydW50aW1lcy9nb29nbGUtMjItZnVsbC9ydW50aW1lcy9ub2RlanMyMkAB","serviceAccount":"projects/eshwesareestudio/serviceAccounts/106884158684-compute@developer.gserviceaccount.com","automaticUpdatePolicy":{}},"serviceConfig":{"service":"projects/eshwesareestudio/locations/asia-south1/services/sendcontactemailnotification","timeoutSeconds":60,"environmentVariables":{"FIREBASE_CONFIG":"{\"projectId\":\"eshwesareestudio\",\"storageBucket\":\"eshwesareestudio.firebasestorage.app\"}","GCLOUD_PROJECT":"eshwesareestudio","EVENTARC_CLOUD_EVENT_SOURCE":"projects/eshwesareestudio/locations/asia-south1/services/sendContactEmailNotification","FUNCTION_REGION":"asia-south1","FUNCTION_SIGNATURE_TYPE":"cloudevent","FUNCTION_TARGET":"sendContactEmailNotification","LOG_EXECUTION_ID":"true"},"ingressSettings":"ALLOW_ALL","uri":"https://sendcontactemailnotification-n7x6wk6maa-el.a.run.app","serviceAccountEmail":"106884158684-compute@developer.gserviceaccount.com","availableMemory":"256Mi","allTrafficOnLatestRevision":true,"secretEnvironmentVariables":[{"key":"CONTACT_SMTP_PASSWORD","projectId":"eshwesareestudio","secret":"CONTACT_SMTP_PASSWORD","version":"1"}],"revision":"sendcontactemailnotification-00001-qal","maxInstanceRequestConcurrency":80,"availableCpu":"1"},"eventTrigger":{"trigger":"projects/eshwesareestudio/locations/nam5/triggers/sendcontactemailnotification-186952","triggerRegion":"nam5","eventType":"google.cloud.firestore.document.v1.created","eventFilters":[{"attribute":"database","value":"(default)"},{"attribute":"namespace","value":"(default)"},{"attribute":"document","value":"customerMessages/{messageId}","operator":"match-path-pattern"}],"pubsubTopic":"projects/eshwesareestudio/topics/eventarc-nam5-sendcontactemailnotification-186952-960","serviceAccountEmail":"106884158684-compute@developer.gserviceaccount.com","retryPolicy":"RETRY_POLICY_DO_NOT_RETRY"},"state":"ACTIVE","labels":{"deployment-tool":"cli-firebase","firebase-functions-hash":"029f533012d370aeb7006771c6739d48e1024cd1"},"environment":"GEN_2","url":"https://asia-south1-eshwesareestudio.cloudfunctions.net/sendContactEmailNotification","satisfiesPzs":true,"satisfiesPzi":true},"stages":[{"name":"BUILD","message":"Reusing build","state":"COMPLETE","resource":"projects/106884158684/locations/asia-south1/builds/75357442-c93c-4deb-8428-97b0454b58a5"},{"name":"SERVICE","state":"NOT_STARTED"},{"name":"TRIGGER","state":"NOT_STARTED"}],"sourceToken":"Cldwcm9qZWN0cy8xMDY4ODQxNTg2ODQvbG9jYXRpb25zL2FzaWEtc291dGgxL2J1aWxkcy83NTM1NzQ0Mi1jOTNjLTRkZWItODQyOC05N2IwNDU0YjU4YTUSc2FzaWEtc291dGgxLWRvY2tlci5wa2cuZGV2L2VzaHdlc2FyZWVzdHVkaW8vZ2NmLWFydGlmYWN0cy9lc2h3ZXNhcmVlc3R1ZGlvX19hc2lhLS1zb3V0aDFfX2NoZWNrb3V0X3N0YXR1czp2ZXJzaW9uXzEY3Kmrlo4DIkhwcm9qZWN0cy9lc2h3ZXNhcmVlc3R1ZGlvL2xvY2F0aW9ucy9hc2lhLXNvdXRoMS9mdW5jdGlvbnMvY2hlY2tvdXRTdGF0dXMqCwj/9ZXVBhDYr64pMghub2RlanMyMjp2CiNnY3IuaW8vZ2FlLXJ1bnRpbWVzL25vZGVqczIyOnN0YWJsZRJPYXNpYS1zb3V0aDEtZG9ja2VyLnBrZy5kZXYvc2VydmVybGVzcy1ydW50aW1lcy9nb29nbGUtMjItZnVsbC9ydW50aW1lcy9ub2RlanMyMkAB","operationType":"UPDATE_FUNCTION","buildName":"projects/106884158684/locations/asia-south1/builds/75357442-c93c-4deb-8428-97b0454b58a5"},"done":false}
[2026-09-12T16:17:09.730Z] Got source token Cldwcm9qZWN0cy8xMDY4ODQxNTg2ODQvbG9jYXRpb25zL2FzaWEtc291dGgxL2J1aWxkcy83NTM1NzQ0Mi1jOTNjLTRkZWItODQyOC05N2IwNDU0YjU4YTUSc2FzaWEtc291dGgxLWRvY2tlci5wa2cuZGV2L2VzaHdlc2FyZWVzdHVkaW8vZ2NmLWFydGlmYWN0cy9lc2h3ZXNhcmVlc3R1ZGlvX19hc2lhLS1zb3V0aDFfX2NoZWNrb3V0X3N0YXR1czp2ZXJzaW9uXzEY3Kmrlo4DIkhwcm9qZWN0cy9lc2h3ZXNhcmVlc3R1ZGlvL2xvY2F0aW9ucy9hc2lhLXNvdXRoMS9mdW5jdGlvbnMvY2hlY2tvdXRTdGF0dXMqCwj/9ZXVBhDYr64pMghub2RlanMyMjp2CiNnY3IuaW8vZ2FlLXJ1bnRpbWVzL25vZGVqczIyOnN0YWJsZRJPYXNpYS1zb3V0aDEtZG9ja2VyLnBrZy5kZXYvc2VydmVybGVzcy1ydW50aW1lcy9nb29nbGUtMjItZnVsbC9ydW50aW1lcy9ub2RlanMyMkAB for region asia-south1
[2026-09-12T16:17:09.785Z] <<< [apiv2][status] GET https://cloudfunctions.googleapis.com/v2/projects/eshwesareestudio/locations/asia-south1/operations/operation-1789229827628-65b4b884c1cc7-1b731484-004b8cab 200
[2026-09-12T16:17:09.785Z] <<< [apiv2][body] GET https://cloudfunctions.googleapis.com/v2/projects/eshwesareestudio/locations/asia-south1/operations/operation-1789229827628-65b4b884c1cc7-1b731484-004b8cab {"name":"projects/eshwesareestudio/locations/asia-south1/operations/operation-1789229827628-65b4b884c1cc7-1b731484-004b8cab","metadata":{"@type":"type.googleapis.com/google.cloud.functions.v2.OperationMetadata","createTime":"2026-09-12T16:17:08.486504506Z","target":"projects/eshwesareestudio/locations/asia-south1/functions/ownerOrderAction","verb":"create","cancelRequested":false,"apiVersion":"v2","requestResource":{"@type":"type.googleapis.com/google.cloud.functions.v2.Function","name":"projects/eshwesareestudio/locations/asia-south1/functions/ownerOrderAction","buildConfig":{"runtime":"nodejs22","entryPoint":"ownerOrderAction","source":{"storageSource":{"bucket":"gcf-v2-sources-106884158684-asia-south1","object":"ownerOrderAction/function-source.zip","generation":"1789229827843962"}},"environmentVariables":{"GOOGLE_NODE_RUN_SCRIPTS":""},"sourceToken":"Cldwcm9qZWN0cy8xMDY4ODQxNTg2ODQvbG9jYXRpb25zL2FzaWEtc291dGgxL2J1aWxkcy83NTM1NzQ0Mi1jOTNjLTRkZWItODQyOC05N2IwNDU0YjU4YTUSc2FzaWEtc291dGgxLWRvY2tlci5wa2cuZGV2L2VzaHdlc2FyZWVzdHVkaW8vZ2NmLWFydGlmYWN0cy9lc2h3ZXNhcmVlc3R1ZGlvX19hc2lhLS1zb3V0aDFfX2NoZWNrb3V0X3N0YXR1czp2ZXJzaW9uXzEY3Kmrlo4DIkhwcm9qZWN0cy9lc2h3ZXNhcmVlc3R1ZGlvL2xvY2F0aW9ucy9hc2lhLXNvdXRoMS9mdW5jdGlvbnMvY2hlY2tvdXRTdGF0dXMqCwj/9ZXVBhDYr64pMghub2RlanMyMjp2CiNnY3IuaW8vZ2FlLXJ1bnRpbWVzL25vZGVqczIyOnN0YWJsZRJPYXNpYS1zb3V0aDEtZG9ja2VyLnBrZy5kZXYvc2VydmVybGVzcy1ydW50aW1lcy9nb29nbGUtMjItZnVsbC9ydW50aW1lcy9ub2RlanMyMkAB","serviceAccount":"projects/eshwesareestudio/serviceAccounts/106884158684-compute@developer.gserviceaccount.com","automaticUpdatePolicy":{}},"serviceConfig":{"service":"projects/eshwesareestudio/locations/asia-south1/services/ownerorderaction","timeoutSeconds":60,"environmentVariables":{"FIREBASE_CONFIG":"{\"projectId\":\"eshwesareestudio\",\"storageBucket\":\"eshwesareestudio.firebasestorage.app\"}","GCLOUD_PROJECT":"eshwesareestudio","EVENTARC_CLOUD_EVENT_SOURCE":"projects/eshwesareestudio/locations/asia-south1/services/ownerOrderAction","FUNCTION_REGION":"asia-south1","FUNCTION_TARGET":"ownerOrderAction","LOG_EXECUTION_ID":"true","FUNCTION_SIGNATURE_TYPE":"http"},"ingressSettings":"ALLOW_ALL","serviceAccountEmail":"106884158684-compute@developer.gserviceaccount.com","availableMemory":"256Mi","secretEnvironmentVariables":[{"key":"RAZORPAY_KEY_ID","projectId":"eshwesareestudio","secret":"RAZORPAY_KEY_ID","version":"4"},{"key":"RAZORPAY_KEY_SECRET","projectId":"eshwesareestudio","secret":"RAZORPAY_KEY_SECRET","version":"4"}],"maxInstanceRequestConcurrency":80,"availableCpu":"1"},"labels":{"deployment-tool":"cli-firebase","firebase-functions-hash":"6ab8702ef0dc9af6c6deca4fc5ae944d33e11395"},"environment":"GEN_2"},"stages":[{"name":"BUILD","message":"Reusing build","state":"COMPLETE","resource":"projects/106884158684/locations/asia-south1/builds/75357442-c93c-4deb-8428-97b0454b58a5"},{"name":"SERVICE","message":"Creating Cloud Run service","state":"IN_PROGRESS","resource":"projects/eshwesareestudio/locations/asia-south1/services/ownerorderaction","resourceUri":"https://console.cloud.google.com/run/detail/asia-south1/ownerorderaction?project=eshwesareestudio"}],"sourceToken":"Cldwcm9qZWN0cy8xMDY4ODQxNTg2ODQvbG9jYXRpb25zL2FzaWEtc291dGgxL2J1aWxkcy83NTM1NzQ0Mi1jOTNjLTRkZWItODQyOC05N2IwNDU0YjU4YTUSc2FzaWEtc291dGgxLWRvY2tlci5wa2cuZGV2L2VzaHdlc2FyZWVzdHVkaW8vZ2NmLWFydGlmYWN0cy9lc2h3ZXNhcmVlc3R1ZGlvX19hc2lhLS1zb3V0aDFfX2NoZWNrb3V0X3N0YXR1czp2ZXJzaW9uXzEY3Kmrlo4DIkhwcm9qZWN0cy9lc2h3ZXNhcmVlc3R1ZGlvL2xvY2F0aW9ucy9hc2lhLXNvdXRoMS9mdW5jdGlvbnMvY2hlY2tvdXRTdGF0dXMqCwj/9ZXVBhDYr64pMghub2RlanMyMjp2CiNnY3IuaW8vZ2FlLXJ1bnRpbWVzL25vZGVqczIyOnN0YWJsZRJPYXNpYS1zb3V0aDEtZG9ja2VyLnBrZy5kZXYvc2VydmVybGVzcy1ydW50aW1lcy9nb29nbGUtMjItZnVsbC9ydW50aW1lcy9ub2RlanMyMkAB","operationType":"CREATE_FUNCTION","buildName":"projects/106884158684/locations/asia-south1/builds/75357442-c93c-4deb-8428-97b0454b58a5"},"done":false}
[2026-09-12T16:17:09.785Z] Got source token Cldwcm9qZWN0cy8xMDY4ODQxNTg2ODQvbG9jYXRpb25zL2FzaWEtc291dGgxL2J1aWxkcy83NTM1NzQ0Mi1jOTNjLTRkZWItODQyOC05N2IwNDU0YjU4YTUSc2FzaWEtc291dGgxLWRvY2tlci5wa2cuZGV2L2VzaHdlc2FyZWVzdHVkaW8vZ2NmLWFydGlmYWN0cy9lc2h3ZXNhcmVlc3R1ZGlvX19hc2lhLS1zb3V0aDFfX2NoZWNrb3V0X3N0YXR1czp2ZXJzaW9uXzEY3Kmrlo4DIkhwcm9qZWN0cy9lc2h3ZXNhcmVlc3R1ZGlvL2xvY2F0aW9ucy9hc2lhLXNvdXRoMS9mdW5jdGlvbnMvY2hlY2tvdXRTdGF0dXMqCwj/9ZXVBhDYr64pMghub2RlanMyMjp2CiNnY3IuaW8vZ2FlLXJ1bnRpbWVzL25vZGVqczIyOnN0YWJsZRJPYXNpYS1zb3V0aDEtZG9ja2VyLnBrZy5kZXYvc2VydmVybGVzcy1ydW50aW1lcy9nb29nbGUtMjItZnVsbC9ydW50aW1lcy9ub2RlanMyMkAB for region asia-south1
[2026-09-12T16:17:09.889Z] [create-default-asia-south1-ownerProductAction] Retrying task index 0
[2026-09-12T16:17:09.889Z] Checked if tokens are valid: true, expires at: 1789232947367
[2026-09-12T16:17:09.890Z] Checked if tokens are valid: true, expires at: 1789232947367
[2026-09-12T16:17:09.890Z] >>> [apiv2][query] GET https://cloudfunctions.googleapis.com/v2/projects/eshwesareestudio/locations/asia-south1/operations/operation-1789229827629-65b4b884c231b-5a1e7120-cfff2b97 [none]
[2026-09-12T16:17:09.892Z] <<< [apiv2][status] GET https://cloudfunctions.googleapis.com/v2/projects/eshwesareestudio/locations/asia-south1/operations/operation-1789229827360-65b4b88480615-744c0c11-8030325e 200
[2026-09-12T16:17:09.892Z] <<< [apiv2][body] GET https://cloudfunctions.googleapis.com/v2/projects/eshwesareestudio/locations/asia-south1/operations/operation-1789229827360-65b4b88480615-744c0c11-8030325e {"name":"projects/eshwesareestudio/locations/asia-south1/operations/operation-1789229827360-65b4b88480615-744c0c11-8030325e","metadata":{"@type":"type.googleapis.com/google.cloud.functions.v2.OperationMetadata","createTime":"2026-09-12T16:17:08.754679820Z","target":"projects/eshwesareestudio/locations/asia-south1/functions/createRazorpayOrder","verb":"update","cancelRequested":false,"apiVersion":"v2","requestResource":{"@type":"type.googleapis.com/google.cloud.functions.v2.Function","name":"projects/eshwesareestudio/locations/asia-south1/functions/createRazorpayOrder","buildConfig":{"runtime":"nodejs22","entryPoint":"createRazorpayOrder","source":{"storageSource":{"bucket":"gcf-v2-sources-106884158684-asia-south1","object":"createRazorpayOrder/function-source.zip","generation":"1789229828710047"}},"environmentVariables":{"GOOGLE_NODE_RUN_SCRIPTS":""},"dockerRepository":"projects/eshwesareestudio/locations/asia-south1/repositories/gcf-artifacts","sourceProvenance":{"resolvedStorageSource":{"bucket":"gcf-v2-sources-106884158684-asia-south1","object":"createRazorpayOrder/function-source.zip","generation":"1789037073855850"}},"dockerRegistry":"ARTIFACT_REGISTRY","sourceToken":"Cldwcm9qZWN0cy8xMDY4ODQxNTg2ODQvbG9jYXRpb25zL2FzaWEtc291dGgxL2J1aWxkcy83NTM1NzQ0Mi1jOTNjLTRkZWItODQyOC05N2IwNDU0YjU4YTUSc2FzaWEtc291dGgxLWRvY2tlci5wa2cuZGV2L2VzaHdlc2FyZWVzdHVkaW8vZ2NmLWFydGlmYWN0cy9lc2h3ZXNhcmVlc3R1ZGlvX19hc2lhLS1zb3V0aDFfX2NoZWNrb3V0X3N0YXR1czp2ZXJzaW9uXzEY3Kmrlo4DIkhwcm9qZWN0cy9lc2h3ZXNhcmVlc3R1ZGlvL2xvY2F0aW9ucy9hc2lhLXNvdXRoMS9mdW5jdGlvbnMvY2hlY2tvdXRTdGF0dXMqCwj/9ZXVBhDYr64pMghub2RlanMyMjp2CiNnY3IuaW8vZ2FlLXJ1bnRpbWVzL25vZGVqczIyOnN0YWJsZRJPYXNpYS1zb3V0aDEtZG9ja2VyLnBrZy5kZXYvc2VydmVybGVzcy1ydW50aW1lcy9nb29nbGUtMjItZnVsbC9ydW50aW1lcy9ub2RlanMyMkAB","serviceAccount":"projects/eshwesareestudio/serviceAccounts/106884158684-compute@developer.gserviceaccount.com","automaticUpdatePolicy":{}},"serviceConfig":{"service":"projects/eshwesareestudio/locations/asia-south1/services/createrazorpayorder","timeoutSeconds":60,"environmentVariables":{"FIREBASE_CONFIG":"{\"projectId\":\"eshwesareestudio\",\"storageBucket\":\"eshwesareestudio.firebasestorage.app\"}","GCLOUD_PROJECT":"eshwesareestudio","EVENTARC_CLOUD_EVENT_SOURCE":"projects/eshwesareestudio/locations/asia-south1/services/createRazorpayOrder","FUNCTION_REGION":"asia-south1","FUNCTION_TARGET":"createRazorpayOrder","LOG_EXECUTION_ID":"true","FUNCTION_SIGNATURE_TYPE":"http"},"ingressSettings":"ALLOW_ALL","uri":"https://createrazorpayorder-n7x6wk6maa-el.a.run.app","serviceAccountEmail":"106884158684-compute@developer.gserviceaccount.com","availableMemory":"256Mi","allTrafficOnLatestRevision":true,"secretEnvironmentVariables":[{"key":"RAZORPAY_KEY_ID","projectId":"eshwesareestudio","secret":"RAZORPAY_KEY_ID","version":"4"},{"key":"RAZORPAY_KEY_SECRET","projectId":"eshwesareestudio","secret":"RAZORPAY_KEY_SECRET","version":"4"}],"revision":"createrazorpayorder-00017-naf","maxInstanceRequestConcurrency":80,"availableCpu":"1"},"state":"ACTIVE","labels":{"deployment-tool":"cli-firebase","firebase-functions-hash":"6ab8702ef0dc9af6c6deca4fc5ae944d33e11395"},"environment":"GEN_2","url":"https://asia-south1-eshwesareestudio.cloudfunctions.net/createRazorpayOrder","satisfiesPzs":true,"satisfiesPzi":true},"stages":[{"name":"BUILD","message":"Reusing build","state":"COMPLETE","resource":"projects/106884158684/locations/asia-south1/builds/75357442-c93c-4deb-8428-97b0454b58a5"},{"name":"SERVICE","state":"NOT_STARTED"}],"sourceToken":"Cldwcm9qZWN0cy8xMDY4ODQxNTg2ODQvbG9jYXRpb25zL2FzaWEtc291dGgxL2J1aWxkcy83NTM1NzQ0Mi1jOTNjLTRkZWItODQyOC05N2IwNDU0YjU4YTUSc2FzaWEtc291dGgxLWRvY2tlci5wa2cuZGV2L2VzaHdlc2FyZWVzdHVkaW8vZ2NmLWFydGlmYWN0cy9lc2h3ZXNhcmVlc3R1ZGlvX19hc2lhLS1zb3V0aDFfX2NoZWNrb3V0X3N0YXR1czp2ZXJzaW9uXzEY3Kmrlo4DIkhwcm9qZWN0cy9lc2h3ZXNhcmVlc3R1ZGlvL2xvY2F0aW9ucy9hc2lhLXNvdXRoMS9mdW5jdGlvbnMvY2hlY2tvdXRTdGF0dXMqCwj/9ZXVBhDYr64pMghub2RlanMyMjp2CiNnY3IuaW8vZ2FlLXJ1bnRpbWVzL25vZGVqczIyOnN0YWJsZRJPYXNpYS1zb3V0aDEtZG9ja2VyLnBrZy5kZXYvc2VydmVybGVzcy1ydW50aW1lcy9nb29nbGUtMjItZnVsbC9ydW50aW1lcy9ub2RlanMyMkAB","operationType":"UPDATE_FUNCTION","buildName":"projects/106884158684/locations/asia-south1/builds/75357442-c93c-4deb-8428-97b0454b58a5"},"done":false}
[2026-09-12T16:17:09.893Z] Got source token Cldwcm9qZWN0cy8xMDY4ODQxNTg2ODQvbG9jYXRpb25zL2FzaWEtc291dGgxL2J1aWxkcy83NTM1NzQ0Mi1jOTNjLTRkZWItODQyOC05N2IwNDU0YjU4YTUSc2FzaWEtc291dGgxLWRvY2tlci5wa2cuZGV2L2VzaHdlc2FyZWVzdHVkaW8vZ2NmLWFydGlmYWN0cy9lc2h3ZXNhcmVlc3R1ZGlvX19hc2lhLS1zb3V0aDFfX2NoZWNrb3V0X3N0YXR1czp2ZXJzaW9uXzEY3Kmrlo4DIkhwcm9qZWN0cy9lc2h3ZXNhcmVlc3R1ZGlvL2xvY2F0aW9ucy9hc2lhLXNvdXRoMS9mdW5jdGlvbnMvY2hlY2tvdXRTdGF0dXMqCwj/9ZXVBhDYr64pMghub2RlanMyMjp2CiNnY3IuaW8vZ2FlLXJ1bnRpbWVzL25vZGVqczIyOnN0YWJsZRJPYXNpYS1zb3V0aDEtZG9ja2VyLnBrZy5kZXYvc2VydmVybGVzcy1ydW50aW1lcy9nb29nbGUtMjItZnVsbC9ydW50aW1lcy9ub2RlanMyMkAB for region asia-south1
[2026-09-12T16:17:09.946Z] [update-default-asia-south1-verifyRazorpayPayment] Retrying task index 0
[2026-09-12T16:17:09.947Z] Checked if tokens are valid: true, expires at: 1789232947367
[2026-09-12T16:17:09.947Z] Checked if tokens are valid: true, expires at: 1789232947367
[2026-09-12T16:17:09.947Z] >>> [apiv2][query] GET https://cloudfunctions.googleapis.com/v2/projects/eshwesareestudio/locations/asia-south1/operations/operation-1789229827623-65b4b884c0add-cb02fdd4-5553ac80 [none]
[2026-09-12T16:17:09.954Z] [update-default-asia-south1-verifyCustomerOtp] Retrying task index 0
[2026-09-12T16:17:09.954Z] Checked if tokens are valid: true, expires at: 1789232947367
[2026-09-12T16:17:09.954Z] Checked if tokens are valid: true, expires at: 1789232947367
[2026-09-12T16:17:09.954Z] >>> [apiv2][query] GET https://cloudfunctions.googleapis.com/v2/projects/eshwesareestudio/locations/asia-south1/operations/operation-1789229827625-65b4b884c126c-d1b6aef9-e001c9e2 [none]
[2026-09-12T16:17:10.076Z] [update-default-asia-south1-razorpayAppCallback] Retrying task index 0
[2026-09-12T16:17:10.076Z] Checked if tokens are valid: true, expires at: 1789232947367
[2026-09-12T16:17:10.076Z] Checked if tokens are valid: true, expires at: 1789232947367
[2026-09-12T16:17:10.077Z] >>> [apiv2][query] GET https://cloudfunctions.googleapis.com/v2/projects/eshwesareestudio/locations/asia-south1/operations/operation-1789229827712-65b4b884d66d1-78676f56-a702d825 [none]
[2026-09-12T16:17:10.097Z] <<< [apiv2][status] GET https://cloudfunctions.googleapis.com/v2/projects/eshwesareestudio/locations/asia-south1/operations/operation-1789229827623-65b4b884c0add-cb02fdd4-5553ac80 200
[2026-09-12T16:17:10.098Z] <<< [apiv2][body] GET https://cloudfunctions.googleapis.com/v2/projects/eshwesareestudio/locations/asia-south1/operations/operation-1789229827623-65b4b884c0add-cb02fdd4-5553ac80 {"name":"projects/eshwesareestudio/locations/asia-south1/operations/operation-1789229827623-65b4b884c0add-cb02fdd4-5553ac80","metadata":{"@type":"type.googleapis.com/google.cloud.functions.v2.OperationMetadata","createTime":"2026-09-12T16:17:08.962904737Z","target":"projects/eshwesareestudio/locations/asia-south1/functions/verifyRazorpayPayment","verb":"update","cancelRequested":false,"apiVersion":"v2","requestResource":{"@type":"type.googleapis.com/google.cloud.functions.v2.Function","name":"projects/eshwesareestudio/locations/asia-south1/functions/verifyRazorpayPayment","buildConfig":{"runtime":"nodejs22","entryPoint":"verifyRazorpayPayment","source":{"storageSource":{"bucket":"gcf-v2-sources-106884158684-asia-south1","object":"verifyRazorpayPayment/function-source.zip","generation":"1789229828924241"}},"environmentVariables":{"GOOGLE_NODE_RUN_SCRIPTS":""},"dockerRepository":"projects/eshwesareestudio/locations/asia-south1/repositories/gcf-artifacts","sourceProvenance":{"resolvedStorageSource":{"bucket":"gcf-v2-sources-106884158684-asia-south1","object":"verifyRazorpayPayment/function-source.zip","generation":"1789037073431061"}},"dockerRegistry":"ARTIFACT_REGISTRY","sourceToken":"Cldwcm9qZWN0cy8xMDY4ODQxNTg2ODQvbG9jYXRpb25zL2FzaWEtc291dGgxL2J1aWxkcy83NTM1NzQ0Mi1jOTNjLTRkZWItODQyOC05N2IwNDU0YjU4YTUSc2FzaWEtc291dGgxLWRvY2tlci5wa2cuZGV2L2VzaHdlc2FyZWVzdHVkaW8vZ2NmLWFydGlmYWN0cy9lc2h3ZXNhcmVlc3R1ZGlvX19hc2lhLS1zb3V0aDFfX2NoZWNrb3V0X3N0YXR1czp2ZXJzaW9uXzEY3Kmrlo4DIkhwcm9qZWN0cy9lc2h3ZXNhcmVlc3R1ZGlvL2xvY2F0aW9ucy9hc2lhLXNvdXRoMS9mdW5jdGlvbnMvY2hlY2tvdXRTdGF0dXMqCwj/9ZXVBhDYr64pMghub2RlanMyMjp2CiNnY3IuaW8vZ2FlLXJ1bnRpbWVzL25vZGVqczIyOnN0YWJsZRJPYXNpYS1zb3V0aDEtZG9ja2VyLnBrZy5kZXYvc2VydmVybGVzcy1ydW50aW1lcy9nb29nbGUtMjItZnVsbC9ydW50aW1lcy9ub2RlanMyMkAB","serviceAccount":"projects/eshwesareestudio/serviceAccounts/106884158684-compute@developer.gserviceaccount.com","automaticUpdatePolicy":{}},"serviceConfig":{"service":"projects/eshwesareestudio/locations/asia-south1/services/verifyrazorpaypayment","timeoutSeconds":60,"environmentVariables":{"FIREBASE_CONFIG":"{\"projectId\":\"eshwesareestudio\",\"storageBucket\":\"eshwesareestudio.firebasestorage.app\"}","GCLOUD_PROJECT":"eshwesareestudio","EVENTARC_CLOUD_EVENT_SOURCE":"projects/eshwesareestudio/locations/asia-south1/services/verifyRazorpayPayment","FUNCTION_REGION":"asia-south1","FUNCTION_TARGET":"verifyRazorpayPayment","LOG_EXECUTION_ID":"true","FUNCTION_SIGNATURE_TYPE":"http"},"ingressSettings":"ALLOW_ALL","uri":"https://verifyrazorpaypayment-n7x6wk6maa-el.a.run.app","serviceAccountEmail":"106884158684-compute@developer.gserviceaccount.com","availableMemory":"256Mi","allTrafficOnLatestRevision":true,"secretEnvironmentVariables":[{"key":"RAZORPAY_KEY_SECRET","projectId":"eshwesareestudio","secret":"RAZORPAY_KEY_SECRET","version":"4"},{"key":"RAZORPAY_KEY_ID","projectId":"eshwesareestudio","secret":"RAZORPAY_KEY_ID","version":"4"}],"revision":"verifyrazorpaypayment-00017-sef","maxInstanceRequestConcurrency":80,"availableCpu":"1"},"state":"ACTIVE","labels":{"deployment-tool":"cli-firebase","firebase-functions-hash":"7a9b9a7115660114738002785d5b32cccf95d19e"},"environment":"GEN_2","url":"https://asia-south1-eshwesareestudio.cloudfunctions.net/verifyRazorpayPayment","satisfiesPzs":true,"satisfiesPzi":true},"stages":[{"name":"BUILD","message":"Reusing build","state":"COMPLETE","resource":"projects/106884158684/locations/asia-south1/builds/75357442-c93c-4deb-8428-97b0454b58a5"},{"name":"SERVICE","state":"NOT_STARTED"}],"sourceToken":"Cldwcm9qZWN0cy8xMDY4ODQxNTg2ODQvbG9jYXRpb25zL2FzaWEtc291dGgxL2J1aWxkcy83NTM1NzQ0Mi1jOTNjLTRkZWItODQyOC05N2IwNDU0YjU4YTUSc2FzaWEtc291dGgxLWRvY2tlci5wa2cuZGV2L2VzaHdlc2FyZWVzdHVkaW8vZ2NmLWFydGlmYWN0cy9lc2h3ZXNhcmVlc3R1ZGlvX19hc2lhLS1zb3V0aDFfX2NoZWNrb3V0X3N0YXR1czp2ZXJzaW9uXzEY3Kmrlo4DIkhwcm9qZWN0cy9lc2h3ZXNhcmVlc3R1ZGlvL2xvY2F0aW9ucy9hc2lhLXNvdXRoMS9mdW5jdGlvbnMvY2hlY2tvdXRTdGF0dXMqCwj/9ZXVBhDYr64pMghub2RlanMyMjp2CiNnY3IuaW8vZ2FlLXJ1bnRpbWVzL25vZGVqczIyOnN0YWJsZRJPYXNpYS1zb3V0aDEtZG9ja2VyLnBrZy5kZXYvc2VydmVybGVzcy1ydW50aW1lcy9nb29nbGUtMjItZnVsbC9ydW50aW1lcy9ub2RlanMyMkAB","operationType":"UPDATE_FUNCTION","buildName":"projects/106884158684/locations/asia-south1/builds/75357442-c93c-4deb-8428-97b0454b58a5"},"done":false}
[2026-09-12T16:17:10.098Z] Got source token Cldwcm9qZWN0cy8xMDY4ODQxNTg2ODQvbG9jYXRpb25zL2FzaWEtc291dGgxL2J1aWxkcy83NTM1NzQ0Mi1jOTNjLTRkZWItODQyOC05N2IwNDU0YjU4YTUSc2FzaWEtc291dGgxLWRvY2tlci5wa2cuZGV2L2VzaHdlc2FyZWVzdHVkaW8vZ2NmLWFydGlmYWN0cy9lc2h3ZXNhcmVlc3R1ZGlvX19hc2lhLS1zb3V0aDFfX2NoZWNrb3V0X3N0YXR1czp2ZXJzaW9uXzEY3Kmrlo4DIkhwcm9qZWN0cy9lc2h3ZXNhcmVlc3R1ZGlvL2xvY2F0aW9ucy9hc2lhLXNvdXRoMS9mdW5jdGlvbnMvY2hlY2tvdXRTdGF0dXMqCwj/9ZXVBhDYr64pMghub2RlanMyMjp2CiNnY3IuaW8vZ2FlLXJ1bnRpbWVzL25vZGVqczIyOnN0YWJsZRJPYXNpYS1zb3V0aDEtZG9ja2VyLnBrZy5kZXYvc2VydmVybGVzcy1ydW50aW1lcy9nb29nbGUtMjItZnVsbC9ydW50aW1lcy9ub2RlanMyMkAB for region asia-south1
[2026-09-12T16:17:10.142Z] [update-default-asia-south1-razorpayWebhook] Retrying task index 0
[2026-09-12T16:17:10.143Z] Checked if tokens are valid: true, expires at: 1789232947367
[2026-09-12T16:17:10.143Z] Checked if tokens are valid: true, expires at: 1789232947367
[2026-09-12T16:17:10.143Z] >>> [apiv2][query] GET https://cloudfunctions.googleapis.com/v2/projects/eshwesareestudio/locations/asia-south1/operations/operation-1789229827682-65b4b884cef92-fe6a0883-66dd5f41 [none]
[2026-09-12T16:17:10.154Z] [update-default-asia-south1-sendCustomerOtp] Retrying task index 0
[2026-09-12T16:17:10.154Z] Checked if tokens are valid: true, expires at: 1789232947367
[2026-09-12T16:17:10.155Z] Checked if tokens are valid: true, expires at: 1789232947367
[2026-09-12T16:17:10.155Z] >>> [apiv2][query] GET https://cloudfunctions.googleapis.com/v2/projects/eshwesareestudio/locations/asia-south1/operations/operation-1789229827626-65b4b884c17e5-97d52ade-6a0718ae [none]
[2026-09-12T16:17:10.230Z] [update-default-asia-south1-sendContactEmailNotification] Retrying task index 0
[2026-09-12T16:17:10.230Z] Checked if tokens are valid: true, expires at: 1789232947367
[2026-09-12T16:17:10.230Z] Checked if tokens are valid: true, expires at: 1789232947367
[2026-09-12T16:17:10.231Z] >>> [apiv2][query] GET https://cloudfunctions.googleapis.com/v2/projects/eshwesareestudio/locations/asia-south1/operations/operation-1789229827625-65b4b884c10b1-8bd4c1a9-bdd42450 [none]
[2026-09-12T16:17:10.335Z] <<< [apiv2][status] GET https://cloudfunctions.googleapis.com/v2/projects/eshwesareestudio/locations/asia-south1/operations/operation-1789229827629-65b4b884c231b-5a1e7120-cfff2b97 200
[2026-09-12T16:17:10.335Z] <<< [apiv2][body] GET https://cloudfunctions.googleapis.com/v2/projects/eshwesareestudio/locations/asia-south1/operations/operation-1789229827629-65b4b884c231b-5a1e7120-cfff2b97 {"name":"projects/eshwesareestudio/locations/asia-south1/operations/operation-1789229827629-65b4b884c231b-5a1e7120-cfff2b97","metadata":{"@type":"type.googleapis.com/google.cloud.functions.v2.OperationMetadata","createTime":"2026-09-12T16:17:08.916902978Z","target":"projects/eshwesareestudio/locations/asia-south1/functions/ownerProductAction","verb":"create","cancelRequested":false,"apiVersion":"v2","requestResource":{"@type":"type.googleapis.com/google.cloud.functions.v2.Function","name":"projects/eshwesareestudio/locations/asia-south1/functions/ownerProductAction","buildConfig":{"runtime":"nodejs22","entryPoint":"ownerProductAction","source":{"storageSource":{"bucket":"gcf-v2-sources-106884158684-asia-south1","object":"ownerProductAction/function-source.zip","generation":"1789229827833546"}},"environmentVariables":{"GOOGLE_NODE_RUN_SCRIPTS":""},"sourceToken":"Cldwcm9qZWN0cy8xMDY4ODQxNTg2ODQvbG9jYXRpb25zL2FzaWEtc291dGgxL2J1aWxkcy83NTM1NzQ0Mi1jOTNjLTRkZWItODQyOC05N2IwNDU0YjU4YTUSc2FzaWEtc291dGgxLWRvY2tlci5wa2cuZGV2L2VzaHdlc2FyZWVzdHVkaW8vZ2NmLWFydGlmYWN0cy9lc2h3ZXNhcmVlc3R1ZGlvX19hc2lhLS1zb3V0aDFfX2NoZWNrb3V0X3N0YXR1czp2ZXJzaW9uXzEY3Kmrlo4DIkhwcm9qZWN0cy9lc2h3ZXNhcmVlc3R1ZGlvL2xvY2F0aW9ucy9hc2lhLXNvdXRoMS9mdW5jdGlvbnMvY2hlY2tvdXRTdGF0dXMqCwj/9ZXVBhDYr64pMghub2RlanMyMjp2CiNnY3IuaW8vZ2FlLXJ1bnRpbWVzL25vZGVqczIyOnN0YWJsZRJPYXNpYS1zb3V0aDEtZG9ja2VyLnBrZy5kZXYvc2VydmVybGVzcy1ydW50aW1lcy9nb29nbGUtMjItZnVsbC9ydW50aW1lcy9ub2RlanMyMkAB","serviceAccount":"projects/eshwesareestudio/serviceAccounts/106884158684-compute@developer.gserviceaccount.com","automaticUpdatePolicy":{}},"serviceConfig":{"service":"projects/eshwesareestudio/locations/asia-south1/services/ownerproductaction","timeoutSeconds":60,"environmentVariables":{"FIREBASE_CONFIG":"{\"projectId\":\"eshwesareestudio\",\"storageBucket\":\"eshwesareestudio.firebasestorage.app\"}","GCLOUD_PROJECT":"eshwesareestudio","EVENTARC_CLOUD_EVENT_SOURCE":"projects/eshwesareestudio/locations/asia-south1/services/ownerProductAction","FUNCTION_REGION":"asia-south1","FUNCTION_TARGET":"ownerProductAction","LOG_EXECUTION_ID":"true","FUNCTION_SIGNATURE_TYPE":"http"},"ingressSettings":"ALLOW_ALL","serviceAccountEmail":"106884158684-compute@developer.gserviceaccount.com","availableMemory":"256Mi","maxInstanceRequestConcurrency":80,"availableCpu":"1"},"labels":{"deployment-tool":"cli-firebase","firebase-functions-hash":"dfb918a5ef846c88c82e4c100a033f23358f588c"},"environment":"GEN_2"},"stages":[{"name":"BUILD","message":"Reusing build","state":"COMPLETE","resource":"projects/106884158684/locations/asia-south1/builds/75357442-c93c-4deb-8428-97b0454b58a5"},{"name":"SERVICE","message":"Creating Cloud Run service","state":"IN_PROGRESS","resource":"projects/eshwesareestudio/locations/asia-south1/services/ownerproductaction","resourceUri":"https://console.cloud.google.com/run/detail/asia-south1/ownerproductaction?project=eshwesareestudio"}],"sourceToken":"Cldwcm9qZWN0cy8xMDY4ODQxNTg2ODQvbG9jYXRpb25zL2FzaWEtc291dGgxL2J1aWxkcy83NTM1NzQ0Mi1jOTNjLTRkZWItODQyOC05N2IwNDU0YjU4YTUSc2FzaWEtc291dGgxLWRvY2tlci5wa2cuZGV2L2VzaHdlc2FyZWVzdHVkaW8vZ2NmLWFydGlmYWN0cy9lc2h3ZXNhcmVlc3R1ZGlvX19hc2lhLS1zb3V0aDFfX2NoZWNrb3V0X3N0YXR1czp2ZXJzaW9uXzEY3Kmrlo4DIkhwcm9qZWN0cy9lc2h3ZXNhcmVlc3R1ZGlvL2xvY2F0aW9ucy9hc2lhLXNvdXRoMS9mdW5jdGlvbnMvY2hlY2tvdXRTdGF0dXMqCwj/9ZXVBhDYr64pMghub2RlanMyMjp2CiNnY3IuaW8vZ2FlLXJ1bnRpbWVzL25vZGVqczIyOnN0YWJsZRJPYXNpYS1zb3V0aDEtZG9ja2VyLnBrZy5kZXYvc2VydmVybGVzcy1ydW50aW1lcy9nb29nbGUtMjItZnVsbC9ydW50aW1lcy9ub2RlanMyMkAB","operationType":"CREATE_FUNCTION","buildName":"projects/106884158684/locations/asia-south1/builds/75357442-c93c-4deb-8428-97b0454b58a5"},"done":false}
[2026-09-12T16:17:10.336Z] Got source token Cldwcm9qZWN0cy8xMDY4ODQxNTg2ODQvbG9jYXRpb25zL2FzaWEtc291dGgxL2J1aWxkcy83NTM1NzQ0Mi1jOTNjLTRkZWItODQyOC05N2IwNDU0YjU4YTUSc2FzaWEtc291dGgxLWRvY2tlci5wa2cuZGV2L2VzaHdlc2FyZWVzdHVkaW8vZ2NmLWFydGlmYWN0cy9lc2h3ZXNhcmVlc3R1ZGlvX19hc2lhLS1zb3V0aDFfX2NoZWNrb3V0X3N0YXR1czp2ZXJzaW9uXzEY3Kmrlo4DIkhwcm9qZWN0cy9lc2h3ZXNhcmVlc3R1ZGlvL2xvY2F0aW9ucy9hc2lhLXNvdXRoMS9mdW5jdGlvbnMvY2hlY2tvdXRTdGF0dXMqCwj/9ZXVBhDYr64pMghub2RlanMyMjp2CiNnY3IuaW8vZ2FlLXJ1bnRpbWVzL25vZGVqczIyOnN0YWJsZRJPYXNpYS1zb3V0aDEtZG9ja2VyLnBrZy5kZXYvc2VydmVybGVzcy1ydW50aW1lcy9nb29nbGUtMjItZnVsbC9ydW50aW1lcy9ub2RlanMyMkAB for region asia-south1
[2026-09-12T16:17:10.421Z] <<< [apiv2][status] GET https://cloudfunctions.googleapis.com/v2/projects/eshwesareestudio/locations/asia-south1/operations/operation-1789229827625-65b4b884c126c-d1b6aef9-e001c9e2 200
[2026-09-12T16:17:10.421Z] <<< [apiv2][body] GET https://cloudfunctions.googleapis.com/v2/projects/eshwesareestudio/locations/asia-south1/operations/operation-1789229827625-65b4b884c126c-d1b6aef9-e001c9e2 {"name":"projects/eshwesareestudio/locations/asia-south1/operations/operation-1789229827625-65b4b884c126c-d1b6aef9-e001c9e2","metadata":{"@type":"type.googleapis.com/google.cloud.functions.v2.OperationMetadata","createTime":"2026-09-12T16:17:08.970950892Z","target":"projects/eshwesareestudio/locations/asia-south1/functions/verifyCustomerOtp","verb":"update","cancelRequested":false,"apiVersion":"v2","requestResource":{"@type":"type.googleapis.com/google.cloud.functions.v2.Function","name":"projects/eshwesareestudio/locations/asia-south1/functions/verifyCustomerOtp","buildConfig":{"runtime":"nodejs22","entryPoint":"verifyCustomerOtp","source":{"storageSource":{"bucket":"gcf-v2-sources-106884158684-asia-south1","object":"verifyCustomerOtp/function-source.zip","generation":"1789229828925425"}},"environmentVariables":{"GOOGLE_NODE_RUN_SCRIPTS":""},"dockerRepository":"projects/eshwesareestudio/locations/asia-south1/repositories/gcf-artifacts","sourceProvenance":{"resolvedStorageSource":{"bucket":"gcf-v2-sources-106884158684-asia-south1","object":"verifyCustomerOtp/function-source.zip","generation":"1789037073995711"}},"dockerRegistry":"ARTIFACT_REGISTRY","sourceToken":"Cldwcm9qZWN0cy8xMDY4ODQxNTg2ODQvbG9jYXRpb25zL2FzaWEtc291dGgxL2J1aWxkcy83NTM1NzQ0Mi1jOTNjLTRkZWItODQyOC05N2IwNDU0YjU4YTUSc2FzaWEtc291dGgxLWRvY2tlci5wa2cuZGV2L2VzaHdlc2FyZWVzdHVkaW8vZ2NmLWFydGlmYWN0cy9lc2h3ZXNhcmVlc3R1ZGlvX19hc2lhLS1zb3V0aDFfX2NoZWNrb3V0X3N0YXR1czp2ZXJzaW9uXzEY3Kmrlo4DIkhwcm9qZWN0cy9lc2h3ZXNhcmVlc3R1ZGlvL2xvY2F0aW9ucy9hc2lhLXNvdXRoMS9mdW5jdGlvbnMvY2hlY2tvdXRTdGF0dXMqCwj/9ZXVBhDYr64pMghub2RlanMyMjp2CiNnY3IuaW8vZ2FlLXJ1bnRpbWVzL25vZGVqczIyOnN0YWJsZRJPYXNpYS1zb3V0aDEtZG9ja2VyLnBrZy5kZXYvc2VydmVybGVzcy1ydW50aW1lcy9nb29nbGUtMjItZnVsbC9ydW50aW1lcy9ub2RlanMyMkAB","serviceAccount":"projects/eshwesareestudio/serviceAccounts/106884158684-compute@developer.gserviceaccount.com","automaticUpdatePolicy":{}},"serviceConfig":{"service":"projects/eshwesareestudio/locations/asia-south1/services/verifycustomerotp","timeoutSeconds":60,"environmentVariables":{"FIREBASE_CONFIG":"{\"projectId\":\"eshwesareestudio\",\"storageBucket\":\"eshwesareestudio.firebasestorage.app\"}","GCLOUD_PROJECT":"eshwesareestudio","EVENTARC_CLOUD_EVENT_SOURCE":"projects/eshwesareestudio/locations/asia-south1/services/verifyCustomerOtp","FUNCTION_REGION":"asia-south1","FUNCTION_TARGET":"verifyCustomerOtp","LOG_EXECUTION_ID":"true","FUNCTION_SIGNATURE_TYPE":"http"},"ingressSettings":"ALLOW_ALL","uri":"https://verifycustomerotp-n7x6wk6maa-el.a.run.app","serviceAccountEmail":"106884158684-compute@developer.gserviceaccount.com","availableMemory":"256Mi","allTrafficOnLatestRevision":true,"secretEnvironmentVariables":[{"key":"MSG91_AUTH_KEY","projectId":"eshwesareestudio","secret":"MSG91_AUTH_KEY","version":"1"}],"revision":"verifycustomerotp-00005-vey","maxInstanceRequestConcurrency":80,"availableCpu":"1"},"state":"ACTIVE","labels":{"deployment-tool":"cli-firebase","firebase-functions-hash":"dfb918a5ef846c88c82e4c100a033f23358f588c"},"environment":"GEN_2","url":"https://asia-south1-eshwesareestudio.cloudfunctions.net/verifyCustomerOtp","satisfiesPzs":true,"satisfiesPzi":true},"stages":[{"name":"BUILD","message":"Reusing build","state":"COMPLETE","resource":"projects/106884158684/locations/asia-south1/builds/75357442-c93c-4deb-8428-97b0454b58a5"},{"name":"SERVICE","message":"Updating Cloud Run service","state":"IN_PROGRESS","resource":"projects/eshwesareestudio/locations/asia-south1/services/verifycustomerotp","resourceUri":"https://console.cloud.google.com/run/detail/asia-south1/verifycustomerotp?project=eshwesareestudio","stateMessages":[{"severity":"INFO","type":"CloudRunServiceNewRevisionTrafficInfo","message":"A new revision will be deployed serving with 100% traffic."}]}],"sourceToken":"Cldwcm9qZWN0cy8xMDY4ODQxNTg2ODQvbG9jYXRpb25zL2FzaWEtc291dGgxL2J1aWxkcy83NTM1NzQ0Mi1jOTNjLTRkZWItODQyOC05N2IwNDU0YjU4YTUSc2FzaWEtc291dGgxLWRvY2tlci5wa2cuZGV2L2VzaHdlc2FyZWVzdHVkaW8vZ2NmLWFydGlmYWN0cy9lc2h3ZXNhcmVlc3R1ZGlvX19hc2lhLS1zb3V0aDFfX2NoZWNrb3V0X3N0YXR1czp2ZXJzaW9uXzEY3Kmrlo4DIkhwcm9qZWN0cy9lc2h3ZXNhcmVlc3R1ZGlvL2xvY2F0aW9ucy9hc2lhLXNvdXRoMS9mdW5jdGlvbnMvY2hlY2tvdXRTdGF0dXMqCwj/9ZXVBhDYr64pMghub2RlanMyMjp2CiNnY3IuaW8vZ2FlLXJ1bnRpbWVzL25vZGVqczIyOnN0YWJsZRJPYXNpYS1zb3V0aDEtZG9ja2VyLnBrZy5kZXYvc2VydmVybGVzcy1ydW50aW1lcy9nb29nbGUtMjItZnVsbC9ydW50aW1lcy9ub2RlanMyMkAB","operationType":"UPDATE_FUNCTION","buildName":"projects/106884158684/locations/asia-south1/builds/75357442-c93c-4deb-8428-97b0454b58a5"},"done":false}
[2026-09-12T16:17:10.421Z] Got source token Cldwcm9qZWN0cy8xMDY4ODQxNTg2ODQvbG9jYXRpb25zL2FzaWEtc291dGgxL2J1aWxkcy83NTM1NzQ0Mi1jOTNjLTRkZWItODQyOC05N2IwNDU0YjU4YTUSc2FzaWEtc291dGgxLWRvY2tlci5wa2cuZGV2L2VzaHdlc2FyZWVzdHVkaW8vZ2NmLWFydGlmYWN0cy9lc2h3ZXNhcmVlc3R1ZGlvX19hc2lhLS1zb3V0aDFfX2NoZWNrb3V0X3N0YXR1czp2ZXJzaW9uXzEY3Kmrlo4DIkhwcm9qZWN0cy9lc2h3ZXNhcmVlc3R1ZGlvL2xvY2F0aW9ucy9hc2lhLXNvdXRoMS9mdW5jdGlvbnMvY2hlY2tvdXRTdGF0dXMqCwj/9ZXVBhDYr64pMghub2RlanMyMjp2CiNnY3IuaW8vZ2FlLXJ1bnRpbWVzL25vZGVqczIyOnN0YWJsZRJPYXNpYS1zb3V0aDEtZG9ja2VyLnBrZy5kZXYvc2VydmVybGVzcy1ydW50aW1lcy9nb29nbGUtMjItZnVsbC9ydW50aW1lcy9ub2RlanMyMkAB for region asia-south1
[2026-09-12T16:17:10.531Z] <<< [apiv2][status] GET https://cloudfunctions.googleapis.com/v2/projects/eshwesareestudio/locations/asia-south1/operations/operation-1789229827712-65b4b884d66d1-78676f56-a702d825 200
[2026-09-12T16:17:10.531Z] <<< [apiv2][body] GET https://cloudfunctions.googleapis.com/v2/projects/eshwesareestudio/locations/asia-south1/operations/operation-1789229827712-65b4b884d66d1-78676f56-a702d825 {"name":"projects/eshwesareestudio/locations/asia-south1/operations/operation-1789229827712-65b4b884d66d1-78676f56-a702d825","metadata":{"@type":"type.googleapis.com/google.cloud.functions.v2.OperationMetadata","createTime":"2026-09-12T16:17:09.056725386Z","target":"projects/eshwesareestudio/locations/asia-south1/functions/razorpayAppCallback","verb":"update","cancelRequested":false,"apiVersion":"v2","requestResource":{"@type":"type.googleapis.com/google.cloud.functions.v2.Function","name":"projects/eshwesareestudio/locations/asia-south1/functions/razorpayAppCallback","buildConfig":{"runtime":"nodejs22","entryPoint":"razorpayAppCallback","source":{"storageSource":{"bucket":"gcf-v2-sources-106884158684-asia-south1","object":"razorpayAppCallback/function-source.zip","generation":"1789229829013283"}},"environmentVariables":{"GOOGLE_NODE_RUN_SCRIPTS":""},"dockerRepository":"projects/eshwesareestudio/locations/asia-south1/repositories/gcf-artifacts","sourceProvenance":{"resolvedStorageSource":{"bucket":"gcf-v2-sources-106884158684-asia-south1","object":"razorpayAppCallback/function-source.zip","generation":"1789037073984830"}},"dockerRegistry":"ARTIFACT_REGISTRY","sourceToken":"Cldwcm9qZWN0cy8xMDY4ODQxNTg2ODQvbG9jYXRpb25zL2FzaWEtc291dGgxL2J1aWxkcy83NTM1NzQ0Mi1jOTNjLTRkZWItODQyOC05N2IwNDU0YjU4YTUSc2FzaWEtc291dGgxLWRvY2tlci5wa2cuZGV2L2VzaHdlc2FyZWVzdHVkaW8vZ2NmLWFydGlmYWN0cy9lc2h3ZXNhcmVlc3R1ZGlvX19hc2lhLS1zb3V0aDFfX2NoZWNrb3V0X3N0YXR1czp2ZXJzaW9uXzEY3Kmrlo4DIkhwcm9qZWN0cy9lc2h3ZXNhcmVlc3R1ZGlvL2xvY2F0aW9ucy9hc2lhLXNvdXRoMS9mdW5jdGlvbnMvY2hlY2tvdXRTdGF0dXMqCwj/9ZXVBhDYr64pMghub2RlanMyMjp2CiNnY3IuaW8vZ2FlLXJ1bnRpbWVzL25vZGVqczIyOnN0YWJsZRJPYXNpYS1zb3V0aDEtZG9ja2VyLnBrZy5kZXYvc2VydmVybGVzcy1ydW50aW1lcy9nb29nbGUtMjItZnVsbC9ydW50aW1lcy9ub2RlanMyMkAB","serviceAccount":"projects/eshwesareestudio/serviceAccounts/106884158684-compute@developer.gserviceaccount.com","automaticUpdatePolicy":{}},"serviceConfig":{"service":"projects/eshwesareestudio/locations/asia-south1/services/razorpayappcallback","timeoutSeconds":60,"environmentVariables":{"FIREBASE_CONFIG":"{\"projectId\":\"eshwesareestudio\",\"storageBucket\":\"eshwesareestudio.firebasestorage.app\"}","GCLOUD_PROJECT":"eshwesareestudio","EVENTARC_CLOUD_EVENT_SOURCE":"projects/eshwesareestudio/locations/asia-south1/services/razorpayAppCallback","FUNCTION_REGION":"asia-south1","FUNCTION_TARGET":"razorpayAppCallback","LOG_EXECUTION_ID":"true","FUNCTION_SIGNATURE_TYPE":"http"},"ingressSettings":"ALLOW_ALL","uri":"https://razorpayappcallback-n7x6wk6maa-el.a.run.app","serviceAccountEmail":"106884158684-compute@developer.gserviceaccount.com","availableMemory":"256Mi","allTrafficOnLatestRevision":true,"secretEnvironmentVariables":[{"key":"RAZORPAY_KEY_SECRET","projectId":"eshwesareestudio","secret":"RAZORPAY_KEY_SECRET","version":"4"},{"key":"RAZORPAY_KEY_ID","projectId":"eshwesareestudio","secret":"RAZORPAY_KEY_ID","version":"4"}],"revision":"razorpayappcallback-00008-deg","maxInstanceRequestConcurrency":80,"availableCpu":"1"},"state":"ACTIVE","labels":{"deployment-tool":"cli-firebase","firebase-functions-hash":"7a9b9a7115660114738002785d5b32cccf95d19e"},"environment":"GEN_2","url":"https://asia-south1-eshwesareestudio.cloudfunctions.net/razorpayAppCallback","satisfiesPzs":true,"satisfiesPzi":true},"stages":[{"name":"BUILD","message":"Reusing build","state":"COMPLETE","resource":"projects/106884158684/locations/asia-south1/builds/75357442-c93c-4deb-8428-97b0454b58a5"},{"name":"SERVICE","message":"Updating Cloud Run service","state":"IN_PROGRESS","resource":"projects/eshwesareestudio/locations/asia-south1/services/razorpayappcallback","resourceUri":"https://console.cloud.google.com/run/detail/asia-south1/razorpayappcallback?project=eshwesareestudio","stateMessages":[{"severity":"INFO","type":"CloudRunServiceNewRevisionTrafficInfo","message":"A new revision will be deployed serving with 100% traffic."}]}],"sourceToken":"Cldwcm9qZWN0cy8xMDY4ODQxNTg2ODQvbG9jYXRpb25zL2FzaWEtc291dGgxL2J1aWxkcy83NTM1NzQ0Mi1jOTNjLTRkZWItODQyOC05N2IwNDU0YjU4YTUSc2FzaWEtc291dGgxLWRvY2tlci5wa2cuZGV2L2VzaHdlc2FyZWVzdHVkaW8vZ2NmLWFydGlmYWN0cy9lc2h3ZXNhcmVlc3R1ZGlvX19hc2lhLS1zb3V0aDFfX2NoZWNrb3V0X3N0YXR1czp2ZXJzaW9uXzEY3Kmrlo4DIkhwcm9qZWN0cy9lc2h3ZXNhcmVlc3R1ZGlvL2xvY2F0aW9ucy9hc2lhLXNvdXRoMS9mdW5jdGlvbnMvY2hlY2tvdXRTdGF0dXMqCwj/9ZXVBhDYr64pMghub2RlanMyMjp2CiNnY3IuaW8vZ2FlLXJ1bnRpbWVzL25vZGVqczIyOnN0YWJsZRJPYXNpYS1zb3V0aDEtZG9ja2VyLnBrZy5kZXYvc2VydmVybGVzcy1ydW50aW1lcy9nb29nbGUtMjItZnVsbC9ydW50aW1lcy9ub2RlanMyMkAB","operationType":"UPDATE_FUNCTION","buildName":"projects/106884158684/locations/asia-south1/builds/75357442-c93c-4deb-8428-97b0454b58a5"},"done":false}
[2026-09-12T16:17:10.532Z] Got source token Cldwcm9qZWN0cy8xMDY4ODQxNTg2ODQvbG9jYXRpb25zL2FzaWEtc291dGgxL2J1aWxkcy83NTM1NzQ0Mi1jOTNjLTRkZWItODQyOC05N2IwNDU0YjU4YTUSc2FzaWEtc291dGgxLWRvY2tlci5wa2cuZGV2L2VzaHdlc2FyZWVzdHVkaW8vZ2NmLWFydGlmYWN0cy9lc2h3ZXNhcmVlc3R1ZGlvX19hc2lhLS1zb3V0aDFfX2NoZWNrb3V0X3N0YXR1czp2ZXJzaW9uXzEY3Kmrlo4DIkhwcm9qZWN0cy9lc2h3ZXNhcmVlc3R1ZGlvL2xvY2F0aW9ucy9hc2lhLXNvdXRoMS9mdW5jdGlvbnMvY2hlY2tvdXRTdGF0dXMqCwj/9ZXVBhDYr64pMghub2RlanMyMjp2CiNnY3IuaW8vZ2FlLXJ1bnRpbWVzL25vZGVqczIyOnN0YWJsZRJPYXNpYS1zb3V0aDEtZG9ja2VyLnBrZy5kZXYvc2VydmVybGVzcy1ydW50aW1lcy9nb29nbGUtMjItZnVsbC9ydW50aW1lcy9ub2RlanMyMkAB for region asia-south1
[2026-09-12T16:17:10.609Z] <<< [apiv2][status] GET https://cloudfunctions.googleapis.com/v2/projects/eshwesareestudio/locations/asia-south1/operations/operation-1789229827626-65b4b884c17e5-97d52ade-6a0718ae 200
[2026-09-12T16:17:10.610Z] <<< [apiv2][body] GET https://cloudfunctions.googleapis.com/v2/projects/eshwesareestudio/locations/asia-south1/operations/operation-1789229827626-65b4b884c17e5-97d52ade-6a0718ae {"name":"projects/eshwesareestudio/locations/asia-south1/operations/operation-1789229827626-65b4b884c17e5-97d52ade-6a0718ae","metadata":{"@type":"type.googleapis.com/google.cloud.functions.v2.OperationMetadata","createTime":"2026-09-12T16:17:09.188888610Z","target":"projects/eshwesareestudio/locations/asia-south1/functions/sendCustomerOtp","verb":"update","cancelRequested":false,"apiVersion":"v2","requestResource":{"@type":"type.googleapis.com/google.cloud.functions.v2.Function","name":"projects/eshwesareestudio/locations/asia-south1/functions/sendCustomerOtp","buildConfig":{"runtime":"nodejs22","entryPoint":"sendCustomerOtp","source":{"storageSource":{"bucket":"gcf-v2-sources-106884158684-asia-south1","object":"sendCustomerOtp/function-source.zip","generation":"1789229829146571"}},"environmentVariables":{"GOOGLE_NODE_RUN_SCRIPTS":""},"dockerRepository":"projects/eshwesareestudio/locations/asia-south1/repositories/gcf-artifacts","sourceProvenance":{"resolvedStorageSource":{"bucket":"gcf-v2-sources-106884158684-asia-south1","object":"sendCustomerOtp/function-source.zip","generation":"1789046773389124"}},"dockerRegistry":"ARTIFACT_REGISTRY","sourceToken":"Cldwcm9qZWN0cy8xMDY4ODQxNTg2ODQvbG9jYXRpb25zL2FzaWEtc291dGgxL2J1aWxkcy83NTM1NzQ0Mi1jOTNjLTRkZWItODQyOC05N2IwNDU0YjU4YTUSc2FzaWEtc291dGgxLWRvY2tlci5wa2cuZGV2L2VzaHdlc2FyZWVzdHVkaW8vZ2NmLWFydGlmYWN0cy9lc2h3ZXNhcmVlc3R1ZGlvX19hc2lhLS1zb3V0aDFfX2NoZWNrb3V0X3N0YXR1czp2ZXJzaW9uXzEY3Kmrlo4DIkhwcm9qZWN0cy9lc2h3ZXNhcmVlc3R1ZGlvL2xvY2F0aW9ucy9hc2lhLXNvdXRoMS9mdW5jdGlvbnMvY2hlY2tvdXRTdGF0dXMqCwj/9ZXVBhDYr64pMghub2RlanMyMjp2CiNnY3IuaW8vZ2FlLXJ1bnRpbWVzL25vZGVqczIyOnN0YWJsZRJPYXNpYS1zb3V0aDEtZG9ja2VyLnBrZy5kZXYvc2VydmVybGVzcy1ydW50aW1lcy9nb29nbGUtMjItZnVsbC9ydW50aW1lcy9ub2RlanMyMkAB","serviceAccount":"projects/eshwesareestudio/serviceAccounts/106884158684-compute@developer.gserviceaccount.com","automaticUpdatePolicy":{}},"serviceConfig":{"service":"projects/eshwesareestudio/locations/asia-south1/services/sendcustomerotp","timeoutSeconds":60,"environmentVariables":{"FIREBASE_CONFIG":"{\"projectId\":\"eshwesareestudio\",\"storageBucket\":\"eshwesareestudio.firebasestorage.app\"}","GCLOUD_PROJECT":"eshwesareestudio","EVENTARC_CLOUD_EVENT_SOURCE":"projects/eshwesareestudio/locations/asia-south1/services/sendCustomerOtp","FUNCTION_REGION":"asia-south1","FUNCTION_TARGET":"sendCustomerOtp","LOG_EXECUTION_ID":"true","FUNCTION_SIGNATURE_TYPE":"http"},"ingressSettings":"ALLOW_ALL","uri":"https://sendcustomerotp-n7x6wk6maa-el.a.run.app","serviceAccountEmail":"106884158684-compute@developer.gserviceaccount.com","availableMemory":"256Mi","allTrafficOnLatestRevision":true,"secretEnvironmentVariables":[{"key":"MSG91_AUTH_KEY","projectId":"eshwesareestudio","secret":"MSG91_AUTH_KEY","version":"1"},{"key":"MSG91_OTP_TEMPLATE_ID","projectId":"eshwesareestudio","secret":"MSG91_OTP_TEMPLATE_ID","version":"2"}],"revision":"sendcustomerotp-00006-bel","maxInstanceRequestConcurrency":80,"availableCpu":"1"},"state":"ACTIVE","labels":{"deployment-tool":"cli-firebase","firebase-functions-hash":"bce7731a43ae1fae479c1e6fc4c1759214a42bce"},"environment":"GEN_2","url":"https://asia-south1-eshwesareestudio.cloudfunctions.net/sendCustomerOtp","satisfiesPzs":true,"satisfiesPzi":true},"stages":[{"name":"BUILD","message":"Reusing build","state":"COMPLETE","resource":"projects/106884158684/locations/asia-south1/builds/75357442-c93c-4deb-8428-97b0454b58a5"},{"name":"SERVICE","message":"Updating Cloud Run service","state":"IN_PROGRESS","resource":"projects/eshwesareestudio/locations/asia-south1/services/sendcustomerotp","resourceUri":"https://console.cloud.google.com/run/detail/asia-south1/sendcustomerotp?project=eshwesareestudio","stateMessages":[{"severity":"INFO","type":"CloudRunServiceNewRevisionTrafficInfo","message":"A new revision will be deployed serving with 100% traffic."}]}],"sourceToken":"Cldwcm9qZWN0cy8xMDY4ODQxNTg2ODQvbG9jYXRpb25zL2FzaWEtc291dGgxL2J1aWxkcy83NTM1NzQ0Mi1jOTNjLTRkZWItODQyOC05N2IwNDU0YjU4YTUSc2FzaWEtc291dGgxLWRvY2tlci5wa2cuZGV2L2VzaHdlc2FyZWVzdHVkaW8vZ2NmLWFydGlmYWN0cy9lc2h3ZXNhcmVlc3R1ZGlvX19hc2lhLS1zb3V0aDFfX2NoZWNrb3V0X3N0YXR1czp2ZXJzaW9uXzEY3Kmrlo4DIkhwcm9qZWN0cy9lc2h3ZXNhcmVlc3R1ZGlvL2xvY2F0aW9ucy9hc2lhLXNvdXRoMS9mdW5jdGlvbnMvY2hlY2tvdXRTdGF0dXMqCwj/9ZXVBhDYr64pMghub2RlanMyMjp2CiNnY3IuaW8vZ2FlLXJ1bnRpbWVzL25vZGVqczIyOnN0YWJsZRJPYXNpYS1zb3V0aDEtZG9ja2VyLnBrZy5kZXYvc2VydmVybGVzcy1ydW50aW1lcy9nb29nbGUtMjItZnVsbC9ydW50aW1lcy9ub2RlanMyMkAB","operationType":"UPDATE_FUNCTION","buildName":"projects/106884158684/locations/asia-south1/builds/75357442-c93c-4deb-8428-97b0454b58a5"},"done":false}
[2026-09-12T16:17:10.610Z] Got source token Cldwcm9qZWN0cy8xMDY4ODQxNTg2ODQvbG9jYXRpb25zL2FzaWEtc291dGgxL2J1aWxkcy83NTM1NzQ0Mi1jOTNjLTRkZWItODQyOC05N2IwNDU0YjU4YTUSc2FzaWEtc291dGgxLWRvY2tlci5wa2cuZGV2L2VzaHdlc2FyZWVzdHVkaW8vZ2NmLWFydGlmYWN0cy9lc2h3ZXNhcmVlc3R1ZGlvX19hc2lhLS1zb3V0aDFfX2NoZWNrb3V0X3N0YXR1czp2ZXJzaW9uXzEY3Kmrlo4DIkhwcm9qZWN0cy9lc2h3ZXNhcmVlc3R1ZGlvL2xvY2F0aW9ucy9hc2lhLXNvdXRoMS9mdW5jdGlvbnMvY2hlY2tvdXRTdGF0dXMqCwj/9ZXVBhDYr64pMghub2RlanMyMjp2CiNnY3IuaW8vZ2FlLXJ1bnRpbWVzL25vZGVqczIyOnN0YWJsZRJPYXNpYS1zb3V0aDEtZG9ja2VyLnBrZy5kZXYvc2VydmVybGVzcy1ydW50aW1lcy9nb29nbGUtMjItZnVsbC9ydW50aW1lcy9ub2RlanMyMkAB for region asia-south1
[2026-09-12T16:17:10.627Z] <<< [apiv2][status] GET https://cloudfunctions.googleapis.com/v2/projects/eshwesareestudio/locations/asia-south1/operations/operation-1789229827682-65b4b884cef92-fe6a0883-66dd5f41 200
[2026-09-12T16:17:10.627Z] <<< [apiv2][body] GET https://cloudfunctions.googleapis.com/v2/projects/eshwesareestudio/locations/asia-south1/operations/operation-1789229827682-65b4b884cef92-fe6a0883-66dd5f41 {"name":"projects/eshwesareestudio/locations/asia-south1/operations/operation-1789229827682-65b4b884cef92-fe6a0883-66dd5f41","metadata":{"@type":"type.googleapis.com/google.cloud.functions.v2.OperationMetadata","createTime":"2026-09-12T16:17:09.085558917Z","target":"projects/eshwesareestudio/locations/asia-south1/functions/razorpayWebhook","verb":"update","cancelRequested":false,"apiVersion":"v2","requestResource":{"@type":"type.googleapis.com/google.cloud.functions.v2.Function","name":"projects/eshwesareestudio/locations/asia-south1/functions/razorpayWebhook","buildConfig":{"runtime":"nodejs22","entryPoint":"razorpayWebhook","source":{"storageSource":{"bucket":"gcf-v2-sources-106884158684-asia-south1","object":"razorpayWebhook/function-source.zip","generation":"1789229829044706"}},"environmentVariables":{"GOOGLE_NODE_RUN_SCRIPTS":""},"dockerRepository":"projects/eshwesareestudio/locations/asia-south1/repositories/gcf-artifacts","sourceProvenance":{"resolvedStorageSource":{"bucket":"gcf-v2-sources-106884158684-asia-south1","object":"razorpayWebhook/function-source.zip","generation":"1789037073466889"}},"dockerRegistry":"ARTIFACT_REGISTRY","sourceToken":"Cldwcm9qZWN0cy8xMDY4ODQxNTg2ODQvbG9jYXRpb25zL2FzaWEtc291dGgxL2J1aWxkcy83NTM1NzQ0Mi1jOTNjLTRkZWItODQyOC05N2IwNDU0YjU4YTUSc2FzaWEtc291dGgxLWRvY2tlci5wa2cuZGV2L2VzaHdlc2FyZWVzdHVkaW8vZ2NmLWFydGlmYWN0cy9lc2h3ZXNhcmVlc3R1ZGlvX19hc2lhLS1zb3V0aDFfX2NoZWNrb3V0X3N0YXR1czp2ZXJzaW9uXzEY3Kmrlo4DIkhwcm9qZWN0cy9lc2h3ZXNhcmVlc3R1ZGlvL2xvY2F0aW9ucy9hc2lhLXNvdXRoMS9mdW5jdGlvbnMvY2hlY2tvdXRTdGF0dXMqCwj/9ZXVBhDYr64pMghub2RlanMyMjp2CiNnY3IuaW8vZ2FlLXJ1bnRpbWVzL25vZGVqczIyOnN0YWJsZRJPYXNpYS1zb3V0aDEtZG9ja2VyLnBrZy5kZXYvc2VydmVybGVzcy1ydW50aW1lcy9nb29nbGUtMjItZnVsbC9ydW50aW1lcy9ub2RlanMyMkAB","serviceAccount":"projects/eshwesareestudio/serviceAccounts/106884158684-compute@developer.gserviceaccount.com","automaticUpdatePolicy":{}},"serviceConfig":{"service":"projects/eshwesareestudio/locations/asia-south1/services/razorpaywebhook","timeoutSeconds":60,"environmentVariables":{"FIREBASE_CONFIG":"{\"projectId\":\"eshwesareestudio\",\"storageBucket\":\"eshwesareestudio.firebasestorage.app\"}","GCLOUD_PROJECT":"eshwesareestudio","EVENTARC_CLOUD_EVENT_SOURCE":"projects/eshwesareestudio/locations/asia-south1/services/razorpayWebhook","FUNCTION_REGION":"asia-south1","FUNCTION_TARGET":"razorpayWebhook","LOG_EXECUTION_ID":"true","FUNCTION_SIGNATURE_TYPE":"http"},"ingressSettings":"ALLOW_ALL","uri":"https://razorpaywebhook-n7x6wk6maa-el.a.run.app","serviceAccountEmail":"106884158684-compute@developer.gserviceaccount.com","availableMemory":"256Mi","allTrafficOnLatestRevision":true,"secretEnvironmentVariables":[{"key":"RAZORPAY_WEBHOOK_SECRET","projectId":"eshwesareestudio","secret":"RAZORPAY_WEBHOOK_SECRET","version":"2"},{"key":"RAZORPAY_KEY_ID","projectId":"eshwesareestudio","secret":"RAZORPAY_KEY_ID","version":"4"},{"key":"RAZORPAY_KEY_SECRET","projectId":"eshwesareestudio","secret":"RAZORPAY_KEY_SECRET","version":"4"}],"revision":"razorpaywebhook-00015-lum","maxInstanceRequestConcurrency":80,"availableCpu":"1"},"state":"ACTIVE","labels":{"deployment-tool":"cli-firebase","firebase-functions-hash":"c109d28cd0095e75b9624121c2323575d524b77c"},"environment":"GEN_2","url":"https://asia-south1-eshwesareestudio.cloudfunctions.net/razorpayWebhook","satisfiesPzs":true,"satisfiesPzi":true},"stages":[{"name":"BUILD","message":"Reusing build","state":"COMPLETE","resource":"projects/106884158684/locations/asia-south1/builds/75357442-c93c-4deb-8428-97b0454b58a5"},{"name":"SERVICE","message":"Updating Cloud Run service","state":"IN_PROGRESS","resource":"projects/eshwesareestudio/locations/asia-south1/services/razorpaywebhook","resourceUri":"https://console.cloud.google.com/run/detail/asia-south1/razorpaywebhook?project=eshwesareestudio","stateMessages":[{"severity":"INFO","type":"CloudRunServiceNewRevisionTrafficInfo","message":"A new revision will be deployed serving with 100% traffic."}]}],"sourceToken":"Cldwcm9qZWN0cy8xMDY4ODQxNTg2ODQvbG9jYXRpb25zL2FzaWEtc291dGgxL2J1aWxkcy83NTM1NzQ0Mi1jOTNjLTRkZWItODQyOC05N2IwNDU0YjU4YTUSc2FzaWEtc291dGgxLWRvY2tlci5wa2cuZGV2L2VzaHdlc2FyZWVzdHVkaW8vZ2NmLWFydGlmYWN0cy9lc2h3ZXNhcmVlc3R1ZGlvX19hc2lhLS1zb3V0aDFfX2NoZWNrb3V0X3N0YXR1czp2ZXJzaW9uXzEY3Kmrlo4DIkhwcm9qZWN0cy9lc2h3ZXNhcmVlc3R1ZGlvL2xvY2F0aW9ucy9hc2lhLXNvdXRoMS9mdW5jdGlvbnMvY2hlY2tvdXRTdGF0dXMqCwj/9ZXVBhDYr64pMghub2RlanMyMjp2CiNnY3IuaW8vZ2FlLXJ1bnRpbWVzL25vZGVqczIyOnN0YWJsZRJPYXNpYS1zb3V0aDEtZG9ja2VyLnBrZy5kZXYvc2VydmVybGVzcy1ydW50aW1lcy9nb29nbGUtMjItZnVsbC9ydW50aW1lcy9ub2RlanMyMkAB","operationType":"UPDATE_FUNCTION","buildName":"projects/106884158684/locations/asia-south1/builds/75357442-c93c-4deb-8428-97b0454b58a5"},"done":false}
[2026-09-12T16:17:10.628Z] Got source token Cldwcm9qZWN0cy8xMDY4ODQxNTg2ODQvbG9jYXRpb25zL2FzaWEtc291dGgxL2J1aWxkcy83NTM1NzQ0Mi1jOTNjLTRkZWItODQyOC05N2IwNDU0YjU4YTUSc2FzaWEtc291dGgxLWRvY2tlci5wa2cuZGV2L2VzaHdlc2FyZWVzdHVkaW8vZ2NmLWFydGlmYWN0cy9lc2h3ZXNhcmVlc3R1ZGlvX19hc2lhLS1zb3V0aDFfX2NoZWNrb3V0X3N0YXR1czp2ZXJzaW9uXzEY3Kmrlo4DIkhwcm9qZWN0cy9lc2h3ZXNhcmVlc3R1ZGlvL2xvY2F0aW9ucy9hc2lhLXNvdXRoMS9mdW5jdGlvbnMvY2hlY2tvdXRTdGF0dXMqCwj/9ZXVBhDYr64pMghub2RlanMyMjp2CiNnY3IuaW8vZ2FlLXJ1bnRpbWVzL25vZGVqczIyOnN0YWJsZRJPYXNpYS1zb3V0aDEtZG9ja2VyLnBrZy5kZXYvc2VydmVybGVzcy1ydW50aW1lcy9nb29nbGUtMjItZnVsbC9ydW50aW1lcy9ub2RlanMyMkAB for region asia-south1
[2026-09-12T16:17:10.693Z] <<< [apiv2][status] GET https://cloudfunctions.googleapis.com/v2/projects/eshwesareestudio/locations/asia-south1/operations/operation-1789229827625-65b4b884c10b1-8bd4c1a9-bdd42450 200
[2026-09-12T16:17:10.694Z] <<< [apiv2][body] GET https://cloudfunctions.googleapis.com/v2/projects/eshwesareestudio/locations/asia-south1/operations/operation-1789229827625-65b4b884c10b1-8bd4c1a9-bdd42450 {"name":"projects/eshwesareestudio/locations/asia-south1/operations/operation-1789229827625-65b4b884c10b1-8bd4c1a9-bdd42450","metadata":{"@type":"type.googleapis.com/google.cloud.functions.v2.OperationMetadata","createTime":"2026-09-12T16:17:09.256731354Z","target":"projects/eshwesareestudio/locations/asia-south1/functions/sendContactEmailNotification","verb":"update","cancelRequested":false,"apiVersion":"v2","requestResource":{"@type":"type.googleapis.com/google.cloud.functions.v2.Function","name":"projects/eshwesareestudio/locations/asia-south1/functions/sendContactEmailNotification","buildConfig":{"runtime":"nodejs22","entryPoint":"sendContactEmailNotification","source":{"storageSource":{"bucket":"gcf-v2-sources-106884158684-asia-south1","object":"sendContactEmailNotification/function-source.zip","generation":"1789229829219353"}},"environmentVariables":{"GOOGLE_NODE_RUN_SCRIPTS":""},"dockerRepository":"projects/eshwesareestudio/locations/asia-south1/repositories/gcf-artifacts","sourceProvenance":{"resolvedStorageSource":{"bucket":"gcf-v2-sources-106884158684-asia-south1","object":"sendContactEmailNotification/function-source.zip","generation":"1788596247997556"}},"dockerRegistry":"ARTIFACT_REGISTRY","sourceToken":"Cldwcm9qZWN0cy8xMDY4ODQxNTg2ODQvbG9jYXRpb25zL2FzaWEtc291dGgxL2J1aWxkcy83NTM1NzQ0Mi1jOTNjLTRkZWItODQyOC05N2IwNDU0YjU4YTUSc2FzaWEtc291dGgxLWRvY2tlci5wa2cuZGV2L2VzaHdlc2FyZWVzdHVkaW8vZ2NmLWFydGlmYWN0cy9lc2h3ZXNhcmVlc3R1ZGlvX19hc2lhLS1zb3V0aDFfX2NoZWNrb3V0X3N0YXR1czp2ZXJzaW9uXzEY3Kmrlo4DIkhwcm9qZWN0cy9lc2h3ZXNhcmVlc3R1ZGlvL2xvY2F0aW9ucy9hc2lhLXNvdXRoMS9mdW5jdGlvbnMvY2hlY2tvdXRTdGF0dXMqCwj/9ZXVBhDYr64pMghub2RlanMyMjp2CiNnY3IuaW8vZ2FlLXJ1bnRpbWVzL25vZGVqczIyOnN0YWJsZRJPYXNpYS1zb3V0aDEtZG9ja2VyLnBrZy5kZXYvc2VydmVybGVzcy1ydW50aW1lcy9nb29nbGUtMjItZnVsbC9ydW50aW1lcy9ub2RlanMyMkAB","serviceAccount":"projects/eshwesareestudio/serviceAccounts/106884158684-compute@developer.gserviceaccount.com","automaticUpdatePolicy":{}},"serviceConfig":{"service":"projects/eshwesareestudio/locations/asia-south1/services/sendcontactemailnotification","timeoutSeconds":60,"environmentVariables":{"FIREBASE_CONFIG":"{\"projectId\":\"eshwesareestudio\",\"storageBucket\":\"eshwesareestudio.firebasestorage.app\"}","GCLOUD_PROJECT":"eshwesareestudio","EVENTARC_CLOUD_EVENT_SOURCE":"projects/eshwesareestudio/locations/asia-south1/services/sendContactEmailNotification","FUNCTION_REGION":"asia-south1","FUNCTION_SIGNATURE_TYPE":"cloudevent","FUNCTION_TARGET":"sendContactEmailNotification","LOG_EXECUTION_ID":"true"},"ingressSettings":"ALLOW_ALL","uri":"https://sendcontactemailnotification-n7x6wk6maa-el.a.run.app","serviceAccountEmail":"106884158684-compute@developer.gserviceaccount.com","availableMemory":"256Mi","allTrafficOnLatestRevision":true,"secretEnvironmentVariables":[{"key":"CONTACT_SMTP_PASSWORD","projectId":"eshwesareestudio","secret":"CONTACT_SMTP_PASSWORD","version":"1"}],"revision":"sendcontactemailnotification-00001-qal","maxInstanceRequestConcurrency":80,"availableCpu":"1"},"eventTrigger":{"trigger":"projects/eshwesareestudio/locations/nam5/triggers/sendcontactemailnotification-186952","triggerRegion":"nam5","eventType":"google.cloud.firestore.document.v1.created","eventFilters":[{"attribute":"database","value":"(default)"},{"attribute":"namespace","value":"(default)"},{"attribute":"document","value":"customerMessages/{messageId}","operator":"match-path-pattern"}],"pubsubTopic":"projects/eshwesareestudio/topics/eventarc-nam5-sendcontactemailnotification-186952-960","serviceAccountEmail":"106884158684-compute@developer.gserviceaccount.com","retryPolicy":"RETRY_POLICY_DO_NOT_RETRY"},"state":"ACTIVE","labels":{"deployment-tool":"cli-firebase","firebase-functions-hash":"029f533012d370aeb7006771c6739d48e1024cd1"},"environment":"GEN_2","url":"https://asia-south1-eshwesareestudio.cloudfunctions.net/sendContactEmailNotification","satisfiesPzs":true,"satisfiesPzi":true},"stages":[{"name":"BUILD","message":"Reusing build","state":"COMPLETE","resource":"projects/106884158684/locations/asia-south1/builds/75357442-c93c-4deb-8428-97b0454b58a5"},{"name":"SERVICE","message":"Updating Cloud Run service","state":"IN_PROGRESS","resource":"projects/eshwesareestudio/locations/asia-south1/services/sendcontactemailnotification","resourceUri":"https://console.cloud.google.com/run/detail/asia-south1/sendcontactemailnotification?project=eshwesareestudio","stateMessages":[{"severity":"INFO","type":"CloudRunServiceNewRevisionTrafficInfo","message":"A new revision will be deployed serving with 100% traffic."}]},{"name":"TRIGGER","state":"NOT_STARTED"}],"sourceToken":"Cldwcm9qZWN0cy8xMDY4ODQxNTg2ODQvbG9jYXRpb25zL2FzaWEtc291dGgxL2J1aWxkcy83NTM1NzQ0Mi1jOTNjLTRkZWItODQyOC05N2IwNDU0YjU4YTUSc2FzaWEtc291dGgxLWRvY2tlci5wa2cuZGV2L2VzaHdlc2FyZWVzdHVkaW8vZ2NmLWFydGlmYWN0cy9lc2h3ZXNhcmVlc3R1ZGlvX19hc2lhLS1zb3V0aDFfX2NoZWNrb3V0X3N0YXR1czp2ZXJzaW9uXzEY3Kmrlo4DIkhwcm9qZWN0cy9lc2h3ZXNhcmVlc3R1ZGlvL2xvY2F0aW9ucy9hc2lhLXNvdXRoMS9mdW5jdGlvbnMvY2hlY2tvdXRTdGF0dXMqCwj/9ZXVBhDYr64pMghub2RlanMyMjp2CiNnY3IuaW8vZ2FlLXJ1bnRpbWVzL25vZGVqczIyOnN0YWJsZRJPYXNpYS1zb3V0aDEtZG9ja2VyLnBrZy5kZXYvc2VydmVybGVzcy1ydW50aW1lcy9nb29nbGUtMjItZnVsbC9ydW50aW1lcy9ub2RlanMyMkAB","operationType":"UPDATE_FUNCTION","buildName":"projects/106884158684/locations/asia-south1/builds/75357442-c93c-4deb-8428-97b0454b58a5"},"done":false}
[2026-09-12T16:17:10.694Z] Got source token Cldwcm9qZWN0cy8xMDY4ODQxNTg2ODQvbG9jYXRpb25zL2FzaWEtc291dGgxL2J1aWxkcy83NTM1NzQ0Mi1jOTNjLTRkZWItODQyOC05N2IwNDU0YjU4YTUSc2FzaWEtc291dGgxLWRvY2tlci5wa2cuZGV2L2VzaHdlc2FyZWVzdHVkaW8vZ2NmLWFydGlmYWN0cy9lc2h3ZXNhcmVlc3R1ZGlvX19hc2lhLS1zb3V0aDFfX2NoZWNrb3V0X3N0YXR1czp2ZXJzaW9uXzEY3Kmrlo4DIkhwcm9qZWN0cy9lc2h3ZXNhcmVlc3R1ZGlvL2xvY2F0aW9ucy9hc2lhLXNvdXRoMS9mdW5jdGlvbnMvY2hlY2tvdXRTdGF0dXMqCwj/9ZXVBhDYr64pMghub2RlanMyMjp2CiNnY3IuaW8vZ2FlLXJ1bnRpbWVzL25vZGVqczIyOnN0YWJsZRJPYXNpYS1zb3V0aDEtZG9ja2VyLnBrZy5kZXYvc2VydmVybGVzcy1ydW50aW1lcy9nb29nbGUtMjItZnVsbC9ydW50aW1lcy9ub2RlanMyMkAB for region asia-south1
[2026-09-12T16:17:10.719Z] [create-default-asia-south1-reconcileCheckoutOrders] Retrying task index 0
[2026-09-12T16:17:10.720Z] Checked if tokens are valid: true, expires at: 1789232947367
[2026-09-12T16:17:10.720Z] Checked if tokens are valid: true, expires at: 1789232947367
[2026-09-12T16:17:10.720Z] >>> [apiv2][query] GET https://cloudfunctions.googleapis.com/v2/projects/eshwesareestudio/locations/asia-south1/operations/operation-1789229827714-65b4b884d6e08-6594bfeb-834d9d75 [none]
[2026-09-12T16:17:10.787Z] [create-default-asia-south1-ownerOrderAction] Retrying task index 0
[2026-09-12T16:17:10.787Z] Checked if tokens are valid: true, expires at: 1789232947367
[2026-09-12T16:17:10.788Z] Checked if tokens are valid: true, expires at: 1789232947367
[2026-09-12T16:17:10.788Z] >>> [apiv2][query] GET https://cloudfunctions.googleapis.com/v2/projects/eshwesareestudio/locations/asia-south1/operations/operation-1789229827628-65b4b884c1cc7-1b731484-004b8cab [none]
[2026-09-12T16:17:10.894Z] [update-default-asia-south1-createRazorpayOrder] Retrying task index 0
[2026-09-12T16:17:10.894Z] Checked if tokens are valid: true, expires at: 1789232947367
[2026-09-12T16:17:10.894Z] Checked if tokens are valid: true, expires at: 1789232947367
[2026-09-12T16:17:10.894Z] >>> [apiv2][query] GET https://cloudfunctions.googleapis.com/v2/projects/eshwesareestudio/locations/asia-south1/operations/operation-1789229827360-65b4b88480615-744c0c11-8030325e [none]
[2026-09-12T16:17:11.098Z] [update-default-asia-south1-verifyRazorpayPayment] Retrying task index 0
[2026-09-12T16:17:11.099Z] Checked if tokens are valid: true, expires at: 1789232947367
[2026-09-12T16:17:11.099Z] Checked if tokens are valid: true, expires at: 1789232947367
[2026-09-12T16:17:11.099Z] >>> [apiv2][query] GET https://cloudfunctions.googleapis.com/v2/projects/eshwesareestudio/locations/asia-south1/operations/operation-1789229827623-65b4b884c0add-cb02fdd4-5553ac80 [none]
[2026-09-12T16:17:11.185Z] <<< [apiv2][status] GET https://cloudfunctions.googleapis.com/v2/projects/eshwesareestudio/locations/asia-south1/operations/operation-1789229827714-65b4b884d6e08-6594bfeb-834d9d75 200
[2026-09-12T16:17:11.185Z] <<< [apiv2][body] GET https://cloudfunctions.googleapis.com/v2/projects/eshwesareestudio/locations/asia-south1/operations/operation-1789229827714-65b4b884d6e08-6594bfeb-834d9d75 {"name":"projects/eshwesareestudio/locations/asia-south1/operations/operation-1789229827714-65b4b884d6e08-6594bfeb-834d9d75","metadata":{"@type":"type.googleapis.com/google.cloud.functions.v2.OperationMetadata","createTime":"2026-09-12T16:17:08.575108624Z","target":"projects/eshwesareestudio/locations/asia-south1/functions/reconcileCheckoutOrders","verb":"create","cancelRequested":false,"apiVersion":"v2","requestResource":{"@type":"type.googleapis.com/google.cloud.functions.v2.Function","name":"projects/eshwesareestudio/locations/asia-south1/functions/reconcileCheckoutOrders","buildConfig":{"runtime":"nodejs22","entryPoint":"reconcileCheckoutOrders","source":{"storageSource":{"bucket":"gcf-v2-sources-106884158684-asia-south1","object":"reconcileCheckoutOrders/function-source.zip","generation":"1789229827903230"}},"environmentVariables":{"GOOGLE_NODE_RUN_SCRIPTS":""},"sourceToken":"Cldwcm9qZWN0cy8xMDY4ODQxNTg2ODQvbG9jYXRpb25zL2FzaWEtc291dGgxL2J1aWxkcy83NTM1NzQ0Mi1jOTNjLTRkZWItODQyOC05N2IwNDU0YjU4YTUSc2FzaWEtc291dGgxLWRvY2tlci5wa2cuZGV2L2VzaHdlc2FyZWVzdHVkaW8vZ2NmLWFydGlmYWN0cy9lc2h3ZXNhcmVlc3R1ZGlvX19hc2lhLS1zb3V0aDFfX2NoZWNrb3V0X3N0YXR1czp2ZXJzaW9uXzEY3Kmrlo4DIkhwcm9qZWN0cy9lc2h3ZXNhcmVlc3R1ZGlvL2xvY2F0aW9ucy9hc2lhLXNvdXRoMS9mdW5jdGlvbnMvY2hlY2tvdXRTdGF0dXMqCwj/9ZXVBhDYr64pMghub2RlanMyMjp2CiNnY3IuaW8vZ2FlLXJ1bnRpbWVzL25vZGVqczIyOnN0YWJsZRJPYXNpYS1zb3V0aDEtZG9ja2VyLnBrZy5kZXYvc2VydmVybGVzcy1ydW50aW1lcy9nb29nbGUtMjItZnVsbC9ydW50aW1lcy9ub2RlanMyMkAB","serviceAccount":"projects/eshwesareestudio/serviceAccounts/106884158684-compute@developer.gserviceaccount.com","automaticUpdatePolicy":{}},"serviceConfig":{"service":"projects/eshwesareestudio/locations/asia-south1/services/reconcilecheckoutorders","timeoutSeconds":60,"environmentVariables":{"FIREBASE_CONFIG":"{\"projectId\":\"eshwesareestudio\",\"storageBucket\":\"eshwesareestudio.firebasestorage.app\"}","GCLOUD_PROJECT":"eshwesareestudio","EVENTARC_CLOUD_EVENT_SOURCE":"projects/eshwesareestudio/locations/asia-south1/services/reconcileCheckoutOrders","FUNCTION_REGION":"asia-south1","FUNCTION_TARGET":"reconcileCheckoutOrders","LOG_EXECUTION_ID":"true","FUNCTION_SIGNATURE_TYPE":"http"},"ingressSettings":"ALLOW_ALL","serviceAccountEmail":"106884158684-compute@developer.gserviceaccount.com","availableMemory":"256Mi","secretEnvironmentVariables":[{"key":"RAZORPAY_KEY_ID","projectId":"eshwesareestudio","secret":"RAZORPAY_KEY_ID","version":"4"},{"key":"RAZORPAY_KEY_SECRET","projectId":"eshwesareestudio","secret":"RAZORPAY_KEY_SECRET","version":"4"}],"maxInstanceRequestConcurrency":80,"availableCpu":"1"},"labels":{"deployment-tool":"cli-firebase","deployment-scheduled":"true","firebase-functions-hash":"6ab8702ef0dc9af6c6deca4fc5ae944d33e11395"},"environment":"GEN_2"},"stages":[{"name":"BUILD","message":"Reusing build","state":"COMPLETE","resource":"projects/106884158684/locations/asia-south1/builds/75357442-c93c-4deb-8428-97b0454b58a5"},{"name":"SERVICE","message":"Creating Cloud Run service","state":"IN_PROGRESS","resource":"projects/eshwesareestudio/locations/asia-south1/services/reconcilecheckoutorders","resourceUri":"https://console.cloud.google.com/run/detail/asia-south1/reconcilecheckoutorders?project=eshwesareestudio"}],"sourceToken":"Cldwcm9qZWN0cy8xMDY4ODQxNTg2ODQvbG9jYXRpb25zL2FzaWEtc291dGgxL2J1aWxkcy83NTM1NzQ0Mi1jOTNjLTRkZWItODQyOC05N2IwNDU0YjU4YTUSc2FzaWEtc291dGgxLWRvY2tlci5wa2cuZGV2L2VzaHdlc2FyZWVzdHVkaW8vZ2NmLWFydGlmYWN0cy9lc2h3ZXNhcmVlc3R1ZGlvX19hc2lhLS1zb3V0aDFfX2NoZWNrb3V0X3N0YXR1czp2ZXJzaW9uXzEY3Kmrlo4DIkhwcm9qZWN0cy9lc2h3ZXNhcmVlc3R1ZGlvL2xvY2F0aW9ucy9hc2lhLXNvdXRoMS9mdW5jdGlvbnMvY2hlY2tvdXRTdGF0dXMqCwj/9ZXVBhDYr64pMghub2RlanMyMjp2CiNnY3IuaW8vZ2FlLXJ1bnRpbWVzL25vZGVqczIyOnN0YWJsZRJPYXNpYS1zb3V0aDEtZG9ja2VyLnBrZy5kZXYvc2VydmVybGVzcy1ydW50aW1lcy9nb29nbGUtMjItZnVsbC9ydW50aW1lcy9ub2RlanMyMkAB","operationType":"CREATE_FUNCTION","buildName":"projects/106884158684/locations/asia-south1/builds/75357442-c93c-4deb-8428-97b0454b58a5"},"done":false}
[2026-09-12T16:17:11.185Z] Got source token Cldwcm9qZWN0cy8xMDY4ODQxNTg2ODQvbG9jYXRpb25zL2FzaWEtc291dGgxL2J1aWxkcy83NTM1NzQ0Mi1jOTNjLTRkZWItODQyOC05N2IwNDU0YjU4YTUSc2FzaWEtc291dGgxLWRvY2tlci5wa2cuZGV2L2VzaHdlc2FyZWVzdHVkaW8vZ2NmLWFydGlmYWN0cy9lc2h3ZXNhcmVlc3R1ZGlvX19hc2lhLS1zb3V0aDFfX2NoZWNrb3V0X3N0YXR1czp2ZXJzaW9uXzEY3Kmrlo4DIkhwcm9qZWN0cy9lc2h3ZXNhcmVlc3R1ZGlvL2xvY2F0aW9ucy9hc2lhLXNvdXRoMS9mdW5jdGlvbnMvY2hlY2tvdXRTdGF0dXMqCwj/9ZXVBhDYr64pMghub2RlanMyMjp2CiNnY3IuaW8vZ2FlLXJ1bnRpbWVzL25vZGVqczIyOnN0YWJsZRJPYXNpYS1zb3V0aDEtZG9ja2VyLnBrZy5kZXYvc2VydmVybGVzcy1ydW50aW1lcy9nb29nbGUtMjItZnVsbC9ydW50aW1lcy9ub2RlanMyMkAB for region asia-south1
[2026-09-12T16:17:11.243Z] <<< [apiv2][status] GET https://cloudfunctions.googleapis.com/v2/projects/eshwesareestudio/locations/asia-south1/operations/operation-1789229827628-65b4b884c1cc7-1b731484-004b8cab 200
[2026-09-12T16:17:11.243Z] <<< [apiv2][body] GET https://cloudfunctions.googleapis.com/v2/projects/eshwesareestudio/locations/asia-south1/operations/operation-1789229827628-65b4b884c1cc7-1b731484-004b8cab {"name":"projects/eshwesareestudio/locations/asia-south1/operations/operation-1789229827628-65b4b884c1cc7-1b731484-004b8cab","metadata":{"@type":"type.googleapis.com/google.cloud.functions.v2.OperationMetadata","createTime":"2026-09-12T16:17:08.486504506Z","target":"projects/eshwesareestudio/locations/asia-south1/functions/ownerOrderAction","verb":"create","cancelRequested":false,"apiVersion":"v2","requestResource":{"@type":"type.googleapis.com/google.cloud.functions.v2.Function","name":"projects/eshwesareestudio/locations/asia-south1/functions/ownerOrderAction","buildConfig":{"runtime":"nodejs22","entryPoint":"ownerOrderAction","source":{"storageSource":{"bucket":"gcf-v2-sources-106884158684-asia-south1","object":"ownerOrderAction/function-source.zip","generation":"1789229827843962"}},"environmentVariables":{"GOOGLE_NODE_RUN_SCRIPTS":""},"sourceToken":"Cldwcm9qZWN0cy8xMDY4ODQxNTg2ODQvbG9jYXRpb25zL2FzaWEtc291dGgxL2J1aWxkcy83NTM1NzQ0Mi1jOTNjLTRkZWItODQyOC05N2IwNDU0YjU4YTUSc2FzaWEtc291dGgxLWRvY2tlci5wa2cuZGV2L2VzaHdlc2FyZWVzdHVkaW8vZ2NmLWFydGlmYWN0cy9lc2h3ZXNhcmVlc3R1ZGlvX19hc2lhLS1zb3V0aDFfX2NoZWNrb3V0X3N0YXR1czp2ZXJzaW9uXzEY3Kmrlo4DIkhwcm9qZWN0cy9lc2h3ZXNhcmVlc3R1ZGlvL2xvY2F0aW9ucy9hc2lhLXNvdXRoMS9mdW5jdGlvbnMvY2hlY2tvdXRTdGF0dXMqCwj/9ZXVBhDYr64pMghub2RlanMyMjp2CiNnY3IuaW8vZ2FlLXJ1bnRpbWVzL25vZGVqczIyOnN0YWJsZRJPYXNpYS1zb3V0aDEtZG9ja2VyLnBrZy5kZXYvc2VydmVybGVzcy1ydW50aW1lcy9nb29nbGUtMjItZnVsbC9ydW50aW1lcy9ub2RlanMyMkAB","serviceAccount":"projects/eshwesareestudio/serviceAccounts/106884158684-compute@developer.gserviceaccount.com","automaticUpdatePolicy":{}},"serviceConfig":{"service":"projects/eshwesareestudio/locations/asia-south1/services/ownerorderaction","timeoutSeconds":60,"environmentVariables":{"FIREBASE_CONFIG":"{\"projectId\":\"eshwesareestudio\",\"storageBucket\":\"eshwesareestudio.firebasestorage.app\"}","GCLOUD_PROJECT":"eshwesareestudio","EVENTARC_CLOUD_EVENT_SOURCE":"projects/eshwesareestudio/locations/asia-south1/services/ownerOrderAction","FUNCTION_REGION":"asia-south1","FUNCTION_TARGET":"ownerOrderAction","LOG_EXECUTION_ID":"true","FUNCTION_SIGNATURE_TYPE":"http"},"ingressSettings":"ALLOW_ALL","serviceAccountEmail":"106884158684-compute@developer.gserviceaccount.com","availableMemory":"256Mi","secretEnvironmentVariables":[{"key":"RAZORPAY_KEY_ID","projectId":"eshwesareestudio","secret":"RAZORPAY_KEY_ID","version":"4"},{"key":"RAZORPAY_KEY_SECRET","projectId":"eshwesareestudio","secret":"RAZORPAY_KEY_SECRET","version":"4"}],"maxInstanceRequestConcurrency":80,"availableCpu":"1"},"labels":{"deployment-tool":"cli-firebase","firebase-functions-hash":"6ab8702ef0dc9af6c6deca4fc5ae944d33e11395"},"environment":"GEN_2"},"stages":[{"name":"BUILD","message":"Reusing build","state":"COMPLETE","resource":"projects/106884158684/locations/asia-south1/builds/75357442-c93c-4deb-8428-97b0454b58a5"},{"name":"SERVICE","message":"Creating Cloud Run service","state":"IN_PROGRESS","resource":"projects/eshwesareestudio/locations/asia-south1/services/ownerorderaction","resourceUri":"https://console.cloud.google.com/run/detail/asia-south1/ownerorderaction?project=eshwesareestudio"}],"sourceToken":"Cldwcm9qZWN0cy8xMDY4ODQxNTg2ODQvbG9jYXRpb25zL2FzaWEtc291dGgxL2J1aWxkcy83NTM1NzQ0Mi1jOTNjLTRkZWItODQyOC05N2IwNDU0YjU4YTUSc2FzaWEtc291dGgxLWRvY2tlci5wa2cuZGV2L2VzaHdlc2FyZWVzdHVkaW8vZ2NmLWFydGlmYWN0cy9lc2h3ZXNhcmVlc3R1ZGlvX19hc2lhLS1zb3V0aDFfX2NoZWNrb3V0X3N0YXR1czp2ZXJzaW9uXzEY3Kmrlo4DIkhwcm9qZWN0cy9lc2h3ZXNhcmVlc3R1ZGlvL2xvY2F0aW9ucy9hc2lhLXNvdXRoMS9mdW5jdGlvbnMvY2hlY2tvdXRTdGF0dXMqCwj/9ZXVBhDYr64pMghub2RlanMyMjp2CiNnY3IuaW8vZ2FlLXJ1bnRpbWVzL25vZGVqczIyOnN0YWJsZRJPYXNpYS1zb3V0aDEtZG9ja2VyLnBrZy5kZXYvc2VydmVybGVzcy1ydW50aW1lcy9nb29nbGUtMjItZnVsbC9ydW50aW1lcy9ub2RlanMyMkAB","operationType":"CREATE_FUNCTION","buildName":"projects/106884158684/locations/asia-south1/builds/75357442-c93c-4deb-8428-97b0454b58a5"},"done":false}
[2026-09-12T16:17:11.243Z] Got source token Cldwcm9qZWN0cy8xMDY4ODQxNTg2ODQvbG9jYXRpb25zL2FzaWEtc291dGgxL2J1aWxkcy83NTM1NzQ0Mi1jOTNjLTRkZWItODQyOC05N2IwNDU0YjU4YTUSc2FzaWEtc291dGgxLWRvY2tlci5wa2cuZGV2L2VzaHdlc2FyZWVzdHVkaW8vZ2NmLWFydGlmYWN0cy9lc2h3ZXNhcmVlc3R1ZGlvX19hc2lhLS1zb3V0aDFfX2NoZWNrb3V0X3N0YXR1czp2ZXJzaW9uXzEY3Kmrlo4DIkhwcm9qZWN0cy9lc2h3ZXNhcmVlc3R1ZGlvL2xvY2F0aW9ucy9hc2lhLXNvdXRoMS9mdW5jdGlvbnMvY2hlY2tvdXRTdGF0dXMqCwj/9ZXVBhDYr64pMghub2RlanMyMjp2CiNnY3IuaW8vZ2FlLXJ1bnRpbWVzL25vZGVqczIyOnN0YWJsZRJPYXNpYS1zb3V0aDEtZG9ja2VyLnBrZy5kZXYvc2VydmVybGVzcy1ydW50aW1lcy9nb29nbGUtMjItZnVsbC9ydW50aW1lcy9ub2RlanMyMkAB for region asia-south1
[2026-09-12T16:17:11.337Z] [create-default-asia-south1-ownerProductAction] Retrying task index 0
[2026-09-12T16:17:11.337Z] Checked if tokens are valid: true, expires at: 1789232947367
[2026-09-12T16:17:11.337Z] Checked if tokens are valid: true, expires at: 1789232947367
[2026-09-12T16:17:11.337Z] >>> [apiv2][query] GET https://cloudfunctions.googleapis.com/v2/projects/eshwesareestudio/locations/asia-south1/operations/operation-1789229827629-65b4b884c231b-5a1e7120-cfff2b97 [none]
[2026-09-12T16:17:11.354Z] <<< [apiv2][status] GET https://cloudfunctions.googleapis.com/v2/projects/eshwesareestudio/locations/asia-south1/operations/operation-1789229827360-65b4b88480615-744c0c11-8030325e 200
[2026-09-12T16:17:11.354Z] <<< [apiv2][body] GET https://cloudfunctions.googleapis.com/v2/projects/eshwesareestudio/locations/asia-south1/operations/operation-1789229827360-65b4b88480615-744c0c11-8030325e {"name":"projects/eshwesareestudio/locations/asia-south1/operations/operation-1789229827360-65b4b88480615-744c0c11-8030325e","metadata":{"@type":"type.googleapis.com/google.cloud.functions.v2.OperationMetadata","createTime":"2026-09-12T16:17:08.754679820Z","target":"projects/eshwesareestudio/locations/asia-south1/functions/createRazorpayOrder","verb":"update","cancelRequested":false,"apiVersion":"v2","requestResource":{"@type":"type.googleapis.com/google.cloud.functions.v2.Function","name":"projects/eshwesareestudio/locations/asia-south1/functions/createRazorpayOrder","buildConfig":{"runtime":"nodejs22","entryPoint":"createRazorpayOrder","source":{"storageSource":{"bucket":"gcf-v2-sources-106884158684-asia-south1","object":"createRazorpayOrder/function-source.zip","generation":"1789229828710047"}},"environmentVariables":{"GOOGLE_NODE_RUN_SCRIPTS":""},"dockerRepository":"projects/eshwesareestudio/locations/asia-south1/repositories/gcf-artifacts","sourceProvenance":{"resolvedStorageSource":{"bucket":"gcf-v2-sources-106884158684-asia-south1","object":"createRazorpayOrder/function-source.zip","generation":"1789037073855850"}},"dockerRegistry":"ARTIFACT_REGISTRY","sourceToken":"Cldwcm9qZWN0cy8xMDY4ODQxNTg2ODQvbG9jYXRpb25zL2FzaWEtc291dGgxL2J1aWxkcy83NTM1NzQ0Mi1jOTNjLTRkZWItODQyOC05N2IwNDU0YjU4YTUSc2FzaWEtc291dGgxLWRvY2tlci5wa2cuZGV2L2VzaHdlc2FyZWVzdHVkaW8vZ2NmLWFydGlmYWN0cy9lc2h3ZXNhcmVlc3R1ZGlvX19hc2lhLS1zb3V0aDFfX2NoZWNrb3V0X3N0YXR1czp2ZXJzaW9uXzEY3Kmrlo4DIkhwcm9qZWN0cy9lc2h3ZXNhcmVlc3R1ZGlvL2xvY2F0aW9ucy9hc2lhLXNvdXRoMS9mdW5jdGlvbnMvY2hlY2tvdXRTdGF0dXMqCwj/9ZXVBhDYr64pMghub2RlanMyMjp2CiNnY3IuaW8vZ2FlLXJ1bnRpbWVzL25vZGVqczIyOnN0YWJsZRJPYXNpYS1zb3V0aDEtZG9ja2VyLnBrZy5kZXYvc2VydmVybGVzcy1ydW50aW1lcy9nb29nbGUtMjItZnVsbC9ydW50aW1lcy9ub2RlanMyMkAB","serviceAccount":"projects/eshwesareestudio/serviceAccounts/106884158684-compute@developer.gserviceaccount.com","automaticUpdatePolicy":{}},"serviceConfig":{"service":"projects/eshwesareestudio/locations/asia-south1/services/createrazorpayorder","timeoutSeconds":60,"environmentVariables":{"FIREBASE_CONFIG":"{\"projectId\":\"eshwesareestudio\",\"storageBucket\":\"eshwesareestudio.firebasestorage.app\"}","GCLOUD_PROJECT":"eshwesareestudio","EVENTARC_CLOUD_EVENT_SOURCE":"projects/eshwesareestudio/locations/asia-south1/services/createRazorpayOrder","FUNCTION_REGION":"asia-south1","FUNCTION_TARGET":"createRazorpayOrder","LOG_EXECUTION_ID":"true","FUNCTION_SIGNATURE_TYPE":"http"},"ingressSettings":"ALLOW_ALL","uri":"https://createrazorpayorder-n7x6wk6maa-el.a.run.app","serviceAccountEmail":"106884158684-compute@developer.gserviceaccount.com","availableMemory":"256Mi","allTrafficOnLatestRevision":true,"secretEnvironmentVariables":[{"key":"RAZORPAY_KEY_ID","projectId":"eshwesareestudio","secret":"RAZORPAY_KEY_ID","version":"4"},{"key":"RAZORPAY_KEY_SECRET","projectId":"eshwesareestudio","secret":"RAZORPAY_KEY_SECRET","version":"4"}],"revision":"createrazorpayorder-00017-naf","maxInstanceRequestConcurrency":80,"availableCpu":"1"},"state":"ACTIVE","labels":{"deployment-tool":"cli-firebase","firebase-functions-hash":"6ab8702ef0dc9af6c6deca4fc5ae944d33e11395"},"environment":"GEN_2","url":"https://asia-south1-eshwesareestudio.cloudfunctions.net/createRazorpayOrder","satisfiesPzs":true,"satisfiesPzi":true},"stages":[{"name":"BUILD","message":"Reusing build","state":"COMPLETE","resource":"projects/106884158684/locations/asia-south1/builds/75357442-c93c-4deb-8428-97b0454b58a5"},{"name":"SERVICE","message":"Updating Cloud Run service","state":"IN_PROGRESS","resource":"projects/eshwesareestudio/locations/asia-south1/services/createrazorpayorder","resourceUri":"https://console.cloud.google.com/run/detail/asia-south1/createrazorpayorder?project=eshwesareestudio","stateMessages":[{"severity":"INFO","type":"CloudRunServiceNewRevisionTrafficInfo","message":"A new revision will be deployed serving with 100% traffic."}]}],"sourceToken":"Cldwcm9qZWN0cy8xMDY4ODQxNTg2ODQvbG9jYXRpb25zL2FzaWEtc291dGgxL2J1aWxkcy83NTM1NzQ0Mi1jOTNjLTRkZWItODQyOC05N2IwNDU0YjU4YTUSc2FzaWEtc291dGgxLWRvY2tlci5wa2cuZGV2L2VzaHdlc2FyZWVzdHVkaW8vZ2NmLWFydGlmYWN0cy9lc2h3ZXNhcmVlc3R1ZGlvX19hc2lhLS1zb3V0aDFfX2NoZWNrb3V0X3N0YXR1czp2ZXJzaW9uXzEY3Kmrlo4DIkhwcm9qZWN0cy9lc2h3ZXNhcmVlc3R1ZGlvL2xvY2F0aW9ucy9hc2lhLXNvdXRoMS9mdW5jdGlvbnMvY2hlY2tvdXRTdGF0dXMqCwj/9ZXVBhDYr64pMghub2RlanMyMjp2CiNnY3IuaW8vZ2FlLXJ1bnRpbWVzL25vZGVqczIyOnN0YWJsZRJPYXNpYS1zb3V0aDEtZG9ja2VyLnBrZy5kZXYvc2VydmVybGVzcy1ydW50aW1lcy9nb29nbGUtMjItZnVsbC9ydW50aW1lcy9ub2RlanMyMkAB","operationType":"UPDATE_FUNCTION","buildName":"projects/106884158684/locations/asia-south1/builds/75357442-c93c-4deb-8428-97b0454b58a5"},"done":false}
[2026-09-12T16:17:11.354Z] Got source token Cldwcm9qZWN0cy8xMDY4ODQxNTg2ODQvbG9jYXRpb25zL2FzaWEtc291dGgxL2J1aWxkcy83NTM1NzQ0Mi1jOTNjLTRkZWItODQyOC05N2IwNDU0YjU4YTUSc2FzaWEtc291dGgxLWRvY2tlci5wa2cuZGV2L2VzaHdlc2FyZWVzdHVkaW8vZ2NmLWFydGlmYWN0cy9lc2h3ZXNhcmVlc3R1ZGlvX19hc2lhLS1zb3V0aDFfX2NoZWNrb3V0X3N0YXR1czp2ZXJzaW9uXzEY3Kmrlo4DIkhwcm9qZWN0cy9lc2h3ZXNhcmVlc3R1ZGlvL2xvY2F0aW9ucy9hc2lhLXNvdXRoMS9mdW5jdGlvbnMvY2hlY2tvdXRTdGF0dXMqCwj/9ZXVBhDYr64pMghub2RlanMyMjp2CiNnY3IuaW8vZ2FlLXJ1bnRpbWVzL25vZGVqczIyOnN0YWJsZRJPYXNpYS1zb3V0aDEtZG9ja2VyLnBrZy5kZXYvc2VydmVybGVzcy1ydW50aW1lcy9nb29nbGUtMjItZnVsbC9ydW50aW1lcy9ub2RlanMyMkAB for region asia-south1
[2026-09-12T16:17:11.422Z] [update-default-asia-south1-verifyCustomerOtp] Retrying task index 0
[2026-09-12T16:17:11.423Z] Checked if tokens are valid: true, expires at: 1789232947367
[2026-09-12T16:17:11.423Z] Checked if tokens are valid: true, expires at: 1789232947367
[2026-09-12T16:17:11.423Z] >>> [apiv2][query] GET https://cloudfunctions.googleapis.com/v2/projects/eshwesareestudio/locations/asia-south1/operations/operation-1789229827625-65b4b884c126c-d1b6aef9-e001c9e2 [none]
[2026-09-12T16:17:11.535Z] [update-default-asia-south1-razorpayAppCallback] Retrying task index 0
[2026-09-12T16:17:11.536Z] Checked if tokens are valid: true, expires at: 1789232947367
[2026-09-12T16:17:11.536Z] Checked if tokens are valid: true, expires at: 1789232947367
[2026-09-12T16:17:11.536Z] >>> [apiv2][query] GET https://cloudfunctions.googleapis.com/v2/projects/eshwesareestudio/locations/asia-south1/operations/operation-1789229827712-65b4b884d66d1-78676f56-a702d825 [none]
[2026-09-12T16:17:11.555Z] <<< [apiv2][status] GET https://cloudfunctions.googleapis.com/v2/projects/eshwesareestudio/locations/asia-south1/operations/operation-1789229827623-65b4b884c0add-cb02fdd4-5553ac80 200
[2026-09-12T16:17:11.556Z] <<< [apiv2][body] GET https://cloudfunctions.googleapis.com/v2/projects/eshwesareestudio/locations/asia-south1/operations/operation-1789229827623-65b4b884c0add-cb02fdd4-5553ac80 {"name":"projects/eshwesareestudio/locations/asia-south1/operations/operation-1789229827623-65b4b884c0add-cb02fdd4-5553ac80","metadata":{"@type":"type.googleapis.com/google.cloud.functions.v2.OperationMetadata","createTime":"2026-09-12T16:17:08.962904737Z","target":"projects/eshwesareestudio/locations/asia-south1/functions/verifyRazorpayPayment","verb":"update","cancelRequested":false,"apiVersion":"v2","requestResource":{"@type":"type.googleapis.com/google.cloud.functions.v2.Function","name":"projects/eshwesareestudio/locations/asia-south1/functions/verifyRazorpayPayment","buildConfig":{"runtime":"nodejs22","entryPoint":"verifyRazorpayPayment","source":{"storageSource":{"bucket":"gcf-v2-sources-106884158684-asia-south1","object":"verifyRazorpayPayment/function-source.zip","generation":"1789229828924241"}},"environmentVariables":{"GOOGLE_NODE_RUN_SCRIPTS":""},"dockerRepository":"projects/eshwesareestudio/locations/asia-south1/repositories/gcf-artifacts","sourceProvenance":{"resolvedStorageSource":{"bucket":"gcf-v2-sources-106884158684-asia-south1","object":"verifyRazorpayPayment/function-source.zip","generation":"1789037073431061"}},"dockerRegistry":"ARTIFACT_REGISTRY","sourceToken":"Cldwcm9qZWN0cy8xMDY4ODQxNTg2ODQvbG9jYXRpb25zL2FzaWEtc291dGgxL2J1aWxkcy83NTM1NzQ0Mi1jOTNjLTRkZWItODQyOC05N2IwNDU0YjU4YTUSc2FzaWEtc291dGgxLWRvY2tlci5wa2cuZGV2L2VzaHdlc2FyZWVzdHVkaW8vZ2NmLWFydGlmYWN0cy9lc2h3ZXNhcmVlc3R1ZGlvX19hc2lhLS1zb3V0aDFfX2NoZWNrb3V0X3N0YXR1czp2ZXJzaW9uXzEY3Kmrlo4DIkhwcm9qZWN0cy9lc2h3ZXNhcmVlc3R1ZGlvL2xvY2F0aW9ucy9hc2lhLXNvdXRoMS9mdW5jdGlvbnMvY2hlY2tvdXRTdGF0dXMqCwj/9ZXVBhDYr64pMghub2RlanMyMjp2CiNnY3IuaW8vZ2FlLXJ1bnRpbWVzL25vZGVqczIyOnN0YWJsZRJPYXNpYS1zb3V0aDEtZG9ja2VyLnBrZy5kZXYvc2VydmVybGVzcy1ydW50aW1lcy9nb29nbGUtMjItZnVsbC9ydW50aW1lcy9ub2RlanMyMkAB","serviceAccount":"projects/eshwesareestudio/serviceAccounts/106884158684-compute@developer.gserviceaccount.com","automaticUpdatePolicy":{}},"serviceConfig":{"service":"projects/eshwesareestudio/locations/asia-south1/services/verifyrazorpaypayment","timeoutSeconds":60,"environmentVariables":{"FIREBASE_CONFIG":"{\"projectId\":\"eshwesareestudio\",\"storageBucket\":\"eshwesareestudio.firebasestorage.app\"}","GCLOUD_PROJECT":"eshwesareestudio","EVENTARC_CLOUD_EVENT_SOURCE":"projects/eshwesareestudio/locations/asia-south1/services/verifyRazorpayPayment","FUNCTION_REGION":"asia-south1","FUNCTION_TARGET":"verifyRazorpayPayment","LOG_EXECUTION_ID":"true","FUNCTION_SIGNATURE_TYPE":"http"},"ingressSettings":"ALLOW_ALL","uri":"https://verifyrazorpaypayment-n7x6wk6maa-el.a.run.app","serviceAccountEmail":"106884158684-compute@developer.gserviceaccount.com","availableMemory":"256Mi","allTrafficOnLatestRevision":true,"secretEnvironmentVariables":[{"key":"RAZORPAY_KEY_SECRET","projectId":"eshwesareestudio","secret":"RAZORPAY_KEY_SECRET","version":"4"},{"key":"RAZORPAY_KEY_ID","projectId":"eshwesareestudio","secret":"RAZORPAY_KEY_ID","version":"4"}],"revision":"verifyrazorpaypayment-00017-sef","maxInstanceRequestConcurrency":80,"availableCpu":"1"},"state":"ACTIVE","labels":{"deployment-tool":"cli-firebase","firebase-functions-hash":"7a9b9a7115660114738002785d5b32cccf95d19e"},"environment":"GEN_2","url":"https://asia-south1-eshwesareestudio.cloudfunctions.net/verifyRazorpayPayment","satisfiesPzs":true,"satisfiesPzi":true},"stages":[{"name":"BUILD","message":"Reusing build","state":"COMPLETE","resource":"projects/106884158684/locations/asia-south1/builds/75357442-c93c-4deb-8428-97b0454b58a5"},{"name":"SERVICE","message":"Updating Cloud Run service","state":"IN_PROGRESS","resource":"projects/eshwesareestudio/locations/asia-south1/services/verifyrazorpaypayment","resourceUri":"https://console.cloud.google.com/run/detail/asia-south1/verifyrazorpaypayment?project=eshwesareestudio","stateMessages":[{"severity":"INFO","type":"CloudRunServiceNewRevisionTrafficInfo","message":"A new revision will be deployed serving with 100% traffic."}]}],"sourceToken":"Cldwcm9qZWN0cy8xMDY4ODQxNTg2ODQvbG9jYXRpb25zL2FzaWEtc291dGgxL2J1aWxkcy83NTM1NzQ0Mi1jOTNjLTRkZWItODQyOC05N2IwNDU0YjU4YTUSc2FzaWEtc291dGgxLWRvY2tlci5wa2cuZGV2L2VzaHdlc2FyZWVzdHVkaW8vZ2NmLWFydGlmYWN0cy9lc2h3ZXNhcmVlc3R1ZGlvX19hc2lhLS1zb3V0aDFfX2NoZWNrb3V0X3N0YXR1czp2ZXJzaW9uXzEY3Kmrlo4DIkhwcm9qZWN0cy9lc2h3ZXNhcmVlc3R1ZGlvL2xvY2F0aW9ucy9hc2lhLXNvdXRoMS9mdW5jdGlvbnMvY2hlY2tvdXRTdGF0dXMqCwj/9ZXVBhDYr64pMghub2RlanMyMjp2CiNnY3IuaW8vZ2FlLXJ1bnRpbWVzL25vZGVqczIyOnN0YWJsZRJPYXNpYS1zb3V0aDEtZG9ja2VyLnBrZy5kZXYvc2VydmVybGVzcy1ydW50aW1lcy9nb29nbGUtMjItZnVsbC9ydW50aW1lcy9ub2RlanMyMkAB","operationType":"UPDATE_FUNCTION","buildName":"projects/106884158684/locations/asia-south1/builds/75357442-c93c-4deb-8428-97b0454b58a5"},"done":false}
[2026-09-12T16:17:11.556Z] Got source token Cldwcm9qZWN0cy8xMDY4ODQxNTg2ODQvbG9jYXRpb25zL2FzaWEtc291dGgxL2J1aWxkcy83NTM1NzQ0Mi1jOTNjLTRkZWItODQyOC05N2IwNDU0YjU4YTUSc2FzaWEtc291dGgxLWRvY2tlci5wa2cuZGV2L2VzaHdlc2FyZWVzdHVkaW8vZ2NmLWFydGlmYWN0cy9lc2h3ZXNhcmVlc3R1ZGlvX19hc2lhLS1zb3V0aDFfX2NoZWNrb3V0X3N0YXR1czp2ZXJzaW9uXzEY3Kmrlo4DIkhwcm9qZWN0cy9lc2h3ZXNhcmVlc3R1ZGlvL2xvY2F0aW9ucy9hc2lhLXNvdXRoMS9mdW5jdGlvbnMvY2hlY2tvdXRTdGF0dXMqCwj/9ZXVBhDYr64pMghub2RlanMyMjp2CiNnY3IuaW8vZ2FlLXJ1bnRpbWVzL25vZGVqczIyOnN0YWJsZRJPYXNpYS1zb3V0aDEtZG9ja2VyLnBrZy5kZXYvc2VydmVybGVzcy1ydW50aW1lcy9nb29nbGUtMjItZnVsbC9ydW50aW1lcy9ub2RlanMyMkAB for region asia-south1
[2026-09-12T16:17:11.607Z] <<< [apiv2][status] GET https://cloudfunctions.googleapis.com/v2/projects/eshwesareestudio/locations/asia-south1/operations/operation-1789229827625-65b4b884c126c-d1b6aef9-e001c9e2 200
[2026-09-12T16:17:11.608Z] <<< [apiv2][body] GET https://cloudfunctions.googleapis.com/v2/projects/eshwesareestudio/locations/asia-south1/operations/operation-1789229827625-65b4b884c126c-d1b6aef9-e001c9e2 {"name":"projects/eshwesareestudio/locations/asia-south1/operations/operation-1789229827625-65b4b884c126c-d1b6aef9-e001c9e2","metadata":{"@type":"type.googleapis.com/google.cloud.functions.v2.OperationMetadata","createTime":"2026-09-12T16:17:08.970950892Z","target":"projects/eshwesareestudio/locations/asia-south1/functions/verifyCustomerOtp","verb":"update","cancelRequested":false,"apiVersion":"v2","requestResource":{"@type":"type.googleapis.com/google.cloud.functions.v2.Function","name":"projects/eshwesareestudio/locations/asia-south1/functions/verifyCustomerOtp","buildConfig":{"runtime":"nodejs22","entryPoint":"verifyCustomerOtp","source":{"storageSource":{"bucket":"gcf-v2-sources-106884158684-asia-south1","object":"verifyCustomerOtp/function-source.zip","generation":"1789229828925425"}},"environmentVariables":{"GOOGLE_NODE_RUN_SCRIPTS":""},"dockerRepository":"projects/eshwesareestudio/locations/asia-south1/repositories/gcf-artifacts","sourceProvenance":{"resolvedStorageSource":{"bucket":"gcf-v2-sources-106884158684-asia-south1","object":"verifyCustomerOtp/function-source.zip","generation":"1789037073995711"}},"dockerRegistry":"ARTIFACT_REGISTRY","sourceToken":"Cldwcm9qZWN0cy8xMDY4ODQxNTg2ODQvbG9jYXRpb25zL2FzaWEtc291dGgxL2J1aWxkcy83NTM1NzQ0Mi1jOTNjLTRkZWItODQyOC05N2IwNDU0YjU4YTUSc2FzaWEtc291dGgxLWRvY2tlci5wa2cuZGV2L2VzaHdlc2FyZWVzdHVkaW8vZ2NmLWFydGlmYWN0cy9lc2h3ZXNhcmVlc3R1ZGlvX19hc2lhLS1zb3V0aDFfX2NoZWNrb3V0X3N0YXR1czp2ZXJzaW9uXzEY3Kmrlo4DIkhwcm9qZWN0cy9lc2h3ZXNhcmVlc3R1ZGlvL2xvY2F0aW9ucy9hc2lhLXNvdXRoMS9mdW5jdGlvbnMvY2hlY2tvdXRTdGF0dXMqCwj/9ZXVBhDYr64pMghub2RlanMyMjp2CiNnY3IuaW8vZ2FlLXJ1bnRpbWVzL25vZGVqczIyOnN0YWJsZRJPYXNpYS1zb3V0aDEtZG9ja2VyLnBrZy5kZXYvc2VydmVybGVzcy1ydW50aW1lcy9nb29nbGUtMjItZnVsbC9ydW50aW1lcy9ub2RlanMyMkAB","serviceAccount":"projects/eshwesareestudio/serviceAccounts/106884158684-compute@developer.gserviceaccount.com","automaticUpdatePolicy":{}},"serviceConfig":{"service":"projects/eshwesareestudio/locations/asia-south1/services/verifycustomerotp","timeoutSeconds":60,"environmentVariables":{"FIREBASE_CONFIG":"{\"projectId\":\"eshwesareestudio\",\"storageBucket\":\"eshwesareestudio.firebasestorage.app\"}","GCLOUD_PROJECT":"eshwesareestudio","EVENTARC_CLOUD_EVENT_SOURCE":"projects/eshwesareestudio/locations/asia-south1/services/verifyCustomerOtp","FUNCTION_REGION":"asia-south1","FUNCTION_TARGET":"verifyCustomerOtp","LOG_EXECUTION_ID":"true","FUNCTION_SIGNATURE_TYPE":"http"},"ingressSettings":"ALLOW_ALL","uri":"https://verifycustomerotp-n7x6wk6maa-el.a.run.app","serviceAccountEmail":"106884158684-compute@developer.gserviceaccount.com","availableMemory":"256Mi","allTrafficOnLatestRevision":true,"secretEnvironmentVariables":[{"key":"MSG91_AUTH_KEY","projectId":"eshwesareestudio","secret":"MSG91_AUTH_KEY","version":"1"}],"revision":"verifycustomerotp-00005-vey","maxInstanceRequestConcurrency":80,"availableCpu":"1"},"state":"ACTIVE","labels":{"deployment-tool":"cli-firebase","firebase-functions-hash":"dfb918a5ef846c88c82e4c100a033f23358f588c"},"environment":"GEN_2","url":"https://asia-south1-eshwesareestudio.cloudfunctions.net/verifyCustomerOtp","satisfiesPzs":true,"satisfiesPzi":true},"stages":[{"name":"BUILD","message":"Reusing build","state":"COMPLETE","resource":"projects/106884158684/locations/asia-south1/builds/75357442-c93c-4deb-8428-97b0454b58a5"},{"name":"SERVICE","message":"Updating Cloud Run service","state":"IN_PROGRESS","resource":"projects/eshwesareestudio/locations/asia-south1/services/verifycustomerotp","resourceUri":"https://console.cloud.google.com/run/detail/asia-south1/verifycustomerotp?project=eshwesareestudio","stateMessages":[{"severity":"INFO","type":"CloudRunServiceNewRevisionTrafficInfo","message":"A new revision will be deployed serving with 100% traffic."}]}],"sourceToken":"Cldwcm9qZWN0cy8xMDY4ODQxNTg2ODQvbG9jYXRpb25zL2FzaWEtc291dGgxL2J1aWxkcy83NTM1NzQ0Mi1jOTNjLTRkZWItODQyOC05N2IwNDU0YjU4YTUSc2FzaWEtc291dGgxLWRvY2tlci5wa2cuZGV2L2VzaHdlc2FyZWVzdHVkaW8vZ2NmLWFydGlmYWN0cy9lc2h3ZXNhcmVlc3R1ZGlvX19hc2lhLS1zb3V0aDFfX2NoZWNrb3V0X3N0YXR1czp2ZXJzaW9uXzEY3Kmrlo4DIkhwcm9qZWN0cy9lc2h3ZXNhcmVlc3R1ZGlvL2xvY2F0aW9ucy9hc2lhLXNvdXRoMS9mdW5jdGlvbnMvY2hlY2tvdXRTdGF0dXMqCwj/9ZXVBhDYr64pMghub2RlanMyMjp2CiNnY3IuaW8vZ2FlLXJ1bnRpbWVzL25vZGVqczIyOnN0YWJsZRJPYXNpYS1zb3V0aDEtZG9ja2VyLnBrZy5kZXYvc2VydmVybGVzcy1ydW50aW1lcy9nb29nbGUtMjItZnVsbC9ydW50aW1lcy9ub2RlanMyMkAB","operationType":"UPDATE_FUNCTION","buildName":"projects/106884158684/locations/asia-south1/builds/75357442-c93c-4deb-8428-97b0454b58a5"},"done":false}
[2026-09-12T16:17:11.608Z] Got source token Cldwcm9qZWN0cy8xMDY4ODQxNTg2ODQvbG9jYXRpb25zL2FzaWEtc291dGgxL2J1aWxkcy83NTM1NzQ0Mi1jOTNjLTRkZWItODQyOC05N2IwNDU0YjU4YTUSc2FzaWEtc291dGgxLWRvY2tlci5wa2cuZGV2L2VzaHdlc2FyZWVzdHVkaW8vZ2NmLWFydGlmYWN0cy9lc2h3ZXNhcmVlc3R1ZGlvX19hc2lhLS1zb3V0aDFfX2NoZWNrb3V0X3N0YXR1czp2ZXJzaW9uXzEY3Kmrlo4DIkhwcm9qZWN0cy9lc2h3ZXNhcmVlc3R1ZGlvL2xvY2F0aW9ucy9hc2lhLXNvdXRoMS9mdW5jdGlvbnMvY2hlY2tvdXRTdGF0dXMqCwj/9ZXVBhDYr64pMghub2RlanMyMjp2CiNnY3IuaW8vZ2FlLXJ1bnRpbWVzL25vZGVqczIyOnN0YWJsZRJPYXNpYS1zb3V0aDEtZG9ja2VyLnBrZy5kZXYvc2VydmVybGVzcy1ydW50aW1lcy9nb29nbGUtMjItZnVsbC9ydW50aW1lcy9ub2RlanMyMkAB for region asia-south1
[2026-09-12T16:17:11.611Z] [update-default-asia-south1-sendCustomerOtp] Retrying task index 0
[2026-09-12T16:17:11.612Z] Checked if tokens are valid: true, expires at: 1789232947367
[2026-09-12T16:17:11.613Z] Checked if tokens are valid: true, expires at: 1789232947367
[2026-09-12T16:17:11.613Z] >>> [apiv2][query] GET https://cloudfunctions.googleapis.com/v2/projects/eshwesareestudio/locations/asia-south1/operations/operation-1789229827626-65b4b884c17e5-97d52ade-6a0718ae [none]
[2026-09-12T16:17:11.631Z] [update-default-asia-south1-razorpayWebhook] Retrying task index 0
[2026-09-12T16:17:11.631Z] Checked if tokens are valid: true, expires at: 1789232947367
[2026-09-12T16:17:11.631Z] Checked if tokens are valid: true, expires at: 1789232947367
[2026-09-12T16:17:11.631Z] >>> [apiv2][query] GET https://cloudfunctions.googleapis.com/v2/projects/eshwesareestudio/locations/asia-south1/operations/operation-1789229827682-65b4b884cef92-fe6a0883-66dd5f41 [none]
[2026-09-12T16:17:11.682Z] <<< [apiv2][status] GET https://cloudfunctions.googleapis.com/v2/projects/eshwesareestudio/locations/asia-south1/operations/operation-1789229827712-65b4b884d66d1-78676f56-a702d825 200
[2026-09-12T16:17:11.682Z] <<< [apiv2][body] GET https://cloudfunctions.googleapis.com/v2/projects/eshwesareestudio/locations/asia-south1/operations/operation-1789229827712-65b4b884d66d1-78676f56-a702d825 {"name":"projects/eshwesareestudio/locations/asia-south1/operations/operation-1789229827712-65b4b884d66d1-78676f56-a702d825","metadata":{"@type":"type.googleapis.com/google.cloud.functions.v2.OperationMetadata","createTime":"2026-09-12T16:17:09.056725386Z","target":"projects/eshwesareestudio/locations/asia-south1/functions/razorpayAppCallback","verb":"update","cancelRequested":false,"apiVersion":"v2","requestResource":{"@type":"type.googleapis.com/google.cloud.functions.v2.Function","name":"projects/eshwesareestudio/locations/asia-south1/functions/razorpayAppCallback","buildConfig":{"runtime":"nodejs22","entryPoint":"razorpayAppCallback","source":{"storageSource":{"bucket":"gcf-v2-sources-106884158684-asia-south1","object":"razorpayAppCallback/function-source.zip","generation":"1789229829013283"}},"environmentVariables":{"GOOGLE_NODE_RUN_SCRIPTS":""},"dockerRepository":"projects/eshwesareestudio/locations/asia-south1/repositories/gcf-artifacts","sourceProvenance":{"resolvedStorageSource":{"bucket":"gcf-v2-sources-106884158684-asia-south1","object":"razorpayAppCallback/function-source.zip","generation":"1789037073984830"}},"dockerRegistry":"ARTIFACT_REGISTRY","sourceToken":"Cldwcm9qZWN0cy8xMDY4ODQxNTg2ODQvbG9jYXRpb25zL2FzaWEtc291dGgxL2J1aWxkcy83NTM1NzQ0Mi1jOTNjLTRkZWItODQyOC05N2IwNDU0YjU4YTUSc2FzaWEtc291dGgxLWRvY2tlci5wa2cuZGV2L2VzaHdlc2FyZWVzdHVkaW8vZ2NmLWFydGlmYWN0cy9lc2h3ZXNhcmVlc3R1ZGlvX19hc2lhLS1zb3V0aDFfX2NoZWNrb3V0X3N0YXR1czp2ZXJzaW9uXzEY3Kmrlo4DIkhwcm9qZWN0cy9lc2h3ZXNhcmVlc3R1ZGlvL2xvY2F0aW9ucy9hc2lhLXNvdXRoMS9mdW5jdGlvbnMvY2hlY2tvdXRTdGF0dXMqCwj/9ZXVBhDYr64pMghub2RlanMyMjp2CiNnY3IuaW8vZ2FlLXJ1bnRpbWVzL25vZGVqczIyOnN0YWJsZRJPYXNpYS1zb3V0aDEtZG9ja2VyLnBrZy5kZXYvc2VydmVybGVzcy1ydW50aW1lcy9nb29nbGUtMjItZnVsbC9ydW50aW1lcy9ub2RlanMyMkAB","serviceAccount":"projects/eshwesareestudio/serviceAccounts/106884158684-compute@developer.gserviceaccount.com","automaticUpdatePolicy":{}},"serviceConfig":{"service":"projects/eshwesareestudio/locations/asia-south1/services/razorpayappcallback","timeoutSeconds":60,"environmentVariables":{"FIREBASE_CONFIG":"{\"projectId\":\"eshwesareestudio\",\"storageBucket\":\"eshwesareestudio.firebasestorage.app\"}","GCLOUD_PROJECT":"eshwesareestudio","EVENTARC_CLOUD_EVENT_SOURCE":"projects/eshwesareestudio/locations/asia-south1/services/razorpayAppCallback","FUNCTION_REGION":"asia-south1","FUNCTION_TARGET":"razorpayAppCallback","LOG_EXECUTION_ID":"true","FUNCTION_SIGNATURE_TYPE":"http"},"ingressSettings":"ALLOW_ALL","uri":"https://razorpayappcallback-n7x6wk6maa-el.a.run.app","serviceAccountEmail":"106884158684-compute@developer.gserviceaccount.com","availableMemory":"256Mi","allTrafficOnLatestRevision":true,"secretEnvironmentVariables":[{"key":"RAZORPAY_KEY_SECRET","projectId":"eshwesareestudio","secret":"RAZORPAY_KEY_SECRET","version":"4"},{"key":"RAZORPAY_KEY_ID","projectId":"eshwesareestudio","secret":"RAZORPAY_KEY_ID","version":"4"}],"revision":"razorpayappcallback-00008-deg","maxInstanceRequestConcurrency":80,"availableCpu":"1"},"state":"ACTIVE","labels":{"deployment-tool":"cli-firebase","firebase-functions-hash":"7a9b9a7115660114738002785d5b32cccf95d19e"},"environment":"GEN_2","url":"https://asia-south1-eshwesareestudio.cloudfunctions.net/razorpayAppCallback","satisfiesPzs":true,"satisfiesPzi":true},"stages":[{"name":"BUILD","message":"Reusing build","state":"COMPLETE","resource":"projects/106884158684/locations/asia-south1/builds/75357442-c93c-4deb-8428-97b0454b58a5"},{"name":"SERVICE","message":"Updating Cloud Run service","state":"IN_PROGRESS","resource":"projects/eshwesareestudio/locations/asia-south1/services/razorpayappcallback","resourceUri":"https://console.cloud.google.com/run/detail/asia-south1/razorpayappcallback?project=eshwesareestudio","stateMessages":[{"severity":"INFO","type":"CloudRunServiceNewRevisionTrafficInfo","message":"A new revision will be deployed serving with 100% traffic."}]}],"sourceToken":"Cldwcm9qZWN0cy8xMDY4ODQxNTg2ODQvbG9jYXRpb25zL2FzaWEtc291dGgxL2J1aWxkcy83NTM1NzQ0Mi1jOTNjLTRkZWItODQyOC05N2IwNDU0YjU4YTUSc2FzaWEtc291dGgxLWRvY2tlci5wa2cuZGV2L2VzaHdlc2FyZWVzdHVkaW8vZ2NmLWFydGlmYWN0cy9lc2h3ZXNhcmVlc3R1ZGlvX19hc2lhLS1zb3V0aDFfX2NoZWNrb3V0X3N0YXR1czp2ZXJzaW9uXzEY3Kmrlo4DIkhwcm9qZWN0cy9lc2h3ZXNhcmVlc3R1ZGlvL2xvY2F0aW9ucy9hc2lhLXNvdXRoMS9mdW5jdGlvbnMvY2hlY2tvdXRTdGF0dXMqCwj/9ZXVBhDYr64pMghub2RlanMyMjp2CiNnY3IuaW8vZ2FlLXJ1bnRpbWVzL25vZGVqczIyOnN0YWJsZRJPYXNpYS1zb3V0aDEtZG9ja2VyLnBrZy5kZXYvc2VydmVybGVzcy1ydW50aW1lcy9nb29nbGUtMjItZnVsbC9ydW50aW1lcy9ub2RlanMyMkAB","operationType":"UPDATE_FUNCTION","buildName":"projects/106884158684/locations/asia-south1/builds/75357442-c93c-4deb-8428-97b0454b58a5"},"done":false}
[2026-09-12T16:17:11.682Z] Got source token Cldwcm9qZWN0cy8xMDY4ODQxNTg2ODQvbG9jYXRpb25zL2FzaWEtc291dGgxL2J1aWxkcy83NTM1NzQ0Mi1jOTNjLTRkZWItODQyOC05N2IwNDU0YjU4YTUSc2FzaWEtc291dGgxLWRvY2tlci5wa2cuZGV2L2VzaHdlc2FyZWVzdHVkaW8vZ2NmLWFydGlmYWN0cy9lc2h3ZXNhcmVlc3R1ZGlvX19hc2lhLS1zb3V0aDFfX2NoZWNrb3V0X3N0YXR1czp2ZXJzaW9uXzEY3Kmrlo4DIkhwcm9qZWN0cy9lc2h3ZXNhcmVlc3R1ZGlvL2xvY2F0aW9ucy9hc2lhLXNvdXRoMS9mdW5jdGlvbnMvY2hlY2tvdXRTdGF0dXMqCwj/9ZXVBhDYr64pMghub2RlanMyMjp2CiNnY3IuaW8vZ2FlLXJ1bnRpbWVzL25vZGVqczIyOnN0YWJsZRJPYXNpYS1zb3V0aDEtZG9ja2VyLnBrZy5kZXYvc2VydmVybGVzcy1ydW50aW1lcy9nb29nbGUtMjItZnVsbC9ydW50aW1lcy9ub2RlanMyMkAB for region asia-south1
[2026-09-12T16:17:11.696Z] [update-default-asia-south1-sendContactEmailNotification] Retrying task index 0
[2026-09-12T16:17:11.698Z] Checked if tokens are valid: true, expires at: 1789232947367
[2026-09-12T16:17:11.698Z] Checked if tokens are valid: true, expires at: 1789232947367
[2026-09-12T16:17:11.698Z] >>> [apiv2][query] GET https://cloudfunctions.googleapis.com/v2/projects/eshwesareestudio/locations/asia-south1/operations/operation-1789229827625-65b4b884c10b1-8bd4c1a9-bdd42450 [none]
[2026-09-12T16:17:11.782Z] <<< [apiv2][status] GET https://cloudfunctions.googleapis.com/v2/projects/eshwesareestudio/locations/asia-south1/operations/operation-1789229827629-65b4b884c231b-5a1e7120-cfff2b97 200
[2026-09-12T16:17:11.782Z] <<< [apiv2][body] GET https://cloudfunctions.googleapis.com/v2/projects/eshwesareestudio/locations/asia-south1/operations/operation-1789229827629-65b4b884c231b-5a1e7120-cfff2b97 {"name":"projects/eshwesareestudio/locations/asia-south1/operations/operation-1789229827629-65b4b884c231b-5a1e7120-cfff2b97","metadata":{"@type":"type.googleapis.com/google.cloud.functions.v2.OperationMetadata","createTime":"2026-09-12T16:17:08.916902978Z","target":"projects/eshwesareestudio/locations/asia-south1/functions/ownerProductAction","verb":"create","cancelRequested":false,"apiVersion":"v2","requestResource":{"@type":"type.googleapis.com/google.cloud.functions.v2.Function","name":"projects/eshwesareestudio/locations/asia-south1/functions/ownerProductAction","buildConfig":{"runtime":"nodejs22","entryPoint":"ownerProductAction","source":{"storageSource":{"bucket":"gcf-v2-sources-106884158684-asia-south1","object":"ownerProductAction/function-source.zip","generation":"1789229827833546"}},"environmentVariables":{"GOOGLE_NODE_RUN_SCRIPTS":""},"sourceToken":"Cldwcm9qZWN0cy8xMDY4ODQxNTg2ODQvbG9jYXRpb25zL2FzaWEtc291dGgxL2J1aWxkcy83NTM1NzQ0Mi1jOTNjLTRkZWItODQyOC05N2IwNDU0YjU4YTUSc2FzaWEtc291dGgxLWRvY2tlci5wa2cuZGV2L2VzaHdlc2FyZWVzdHVkaW8vZ2NmLWFydGlmYWN0cy9lc2h3ZXNhcmVlc3R1ZGlvX19hc2lhLS1zb3V0aDFfX2NoZWNrb3V0X3N0YXR1czp2ZXJzaW9uXzEY3Kmrlo4DIkhwcm9qZWN0cy9lc2h3ZXNhcmVlc3R1ZGlvL2xvY2F0aW9ucy9hc2lhLXNvdXRoMS9mdW5jdGlvbnMvY2hlY2tvdXRTdGF0dXMqCwj/9ZXVBhDYr64pMghub2RlanMyMjp2CiNnY3IuaW8vZ2FlLXJ1bnRpbWVzL25vZGVqczIyOnN0YWJsZRJPYXNpYS1zb3V0aDEtZG9ja2VyLnBrZy5kZXYvc2VydmVybGVzcy1ydW50aW1lcy9nb29nbGUtMjItZnVsbC9ydW50aW1lcy9ub2RlanMyMkAB","serviceAccount":"projects/eshwesareestudio/serviceAccounts/106884158684-compute@developer.gserviceaccount.com","automaticUpdatePolicy":{}},"serviceConfig":{"service":"projects/eshwesareestudio/locations/asia-south1/services/ownerproductaction","timeoutSeconds":60,"environmentVariables":{"FIREBASE_CONFIG":"{\"projectId\":\"eshwesareestudio\",\"storageBucket\":\"eshwesareestudio.firebasestorage.app\"}","GCLOUD_PROJECT":"eshwesareestudio","EVENTARC_CLOUD_EVENT_SOURCE":"projects/eshwesareestudio/locations/asia-south1/services/ownerProductAction","FUNCTION_REGION":"asia-south1","FUNCTION_TARGET":"ownerProductAction","LOG_EXECUTION_ID":"true","FUNCTION_SIGNATURE_TYPE":"http"},"ingressSettings":"ALLOW_ALL","serviceAccountEmail":"106884158684-compute@developer.gserviceaccount.com","availableMemory":"256Mi","maxInstanceRequestConcurrency":80,"availableCpu":"1"},"labels":{"deployment-tool":"cli-firebase","firebase-functions-hash":"dfb918a5ef846c88c82e4c100a033f23358f588c"},"environment":"GEN_2"},"stages":[{"name":"BUILD","message":"Reusing build","state":"COMPLETE","resource":"projects/106884158684/locations/asia-south1/builds/75357442-c93c-4deb-8428-97b0454b58a5"},{"name":"SERVICE","message":"Creating Cloud Run service","state":"IN_PROGRESS","resource":"projects/eshwesareestudio/locations/asia-south1/services/ownerproductaction","resourceUri":"https://console.cloud.google.com/run/detail/asia-south1/ownerproductaction?project=eshwesareestudio"}],"sourceToken":"Cldwcm9qZWN0cy8xMDY4ODQxNTg2ODQvbG9jYXRpb25zL2FzaWEtc291dGgxL2J1aWxkcy83NTM1NzQ0Mi1jOTNjLTRkZWItODQyOC05N2IwNDU0YjU4YTUSc2FzaWEtc291dGgxLWRvY2tlci5wa2cuZGV2L2VzaHdlc2FyZWVzdHVkaW8vZ2NmLWFydGlmYWN0cy9lc2h3ZXNhcmVlc3R1ZGlvX19hc2lhLS1zb3V0aDFfX2NoZWNrb3V0X3N0YXR1czp2ZXJzaW9uXzEY3Kmrlo4DIkhwcm9qZWN0cy9lc2h3ZXNhcmVlc3R1ZGlvL2xvY2F0aW9ucy9hc2lhLXNvdXRoMS9mdW5jdGlvbnMvY2hlY2tvdXRTdGF0dXMqCwj/9ZXVBhDYr64pMghub2RlanMyMjp2CiNnY3IuaW8vZ2FlLXJ1bnRpbWVzL25vZGVqczIyOnN0YWJsZRJPYXNpYS1zb3V0aDEtZG9ja2VyLnBrZy5kZXYvc2VydmVybGVzcy1ydW50aW1lcy9nb29nbGUtMjItZnVsbC9ydW50aW1lcy9ub2RlanMyMkAB","operationType":"CREATE_FUNCTION","buildName":"projects/106884158684/locations/asia-south1/builds/75357442-c93c-4deb-8428-97b0454b58a5"},"done":false}
[2026-09-12T16:17:11.782Z] Got source token Cldwcm9qZWN0cy8xMDY4ODQxNTg2ODQvbG9jYXRpb25zL2FzaWEtc291dGgxL2J1aWxkcy83NTM1NzQ0Mi1jOTNjLTRkZWItODQyOC05N2IwNDU0YjU4YTUSc2FzaWEtc291dGgxLWRvY2tlci5wa2cuZGV2L2VzaHdlc2FyZWVzdHVkaW8vZ2NmLWFydGlmYWN0cy9lc2h3ZXNhcmVlc3R1ZGlvX19hc2lhLS1zb3V0aDFfX2NoZWNrb3V0X3N0YXR1czp2ZXJzaW9uXzEY3Kmrlo4DIkhwcm9qZWN0cy9lc2h3ZXNhcmVlc3R1ZGlvL2xvY2F0aW9ucy9hc2lhLXNvdXRoMS9mdW5jdGlvbnMvY2hlY2tvdXRTdGF0dXMqCwj/9ZXVBhDYr64pMghub2RlanMyMjp2CiNnY3IuaW8vZ2FlLXJ1bnRpbWVzL25vZGVqczIyOnN0YWJsZRJPYXNpYS1zb3V0aDEtZG9ja2VyLnBrZy5kZXYvc2VydmVybGVzcy1ydW50aW1lcy9nb29nbGUtMjItZnVsbC9ydW50aW1lcy9ub2RlanMyMkAB for region asia-south1
[2026-09-12T16:17:12.069Z] <<< [apiv2][status] GET https://cloudfunctions.googleapis.com/v2/projects/eshwesareestudio/locations/asia-south1/operations/operation-1789229827626-65b4b884c17e5-97d52ade-6a0718ae 200
[2026-09-12T16:17:12.069Z] <<< [apiv2][body] GET https://cloudfunctions.googleapis.com/v2/projects/eshwesareestudio/locations/asia-south1/operations/operation-1789229827626-65b4b884c17e5-97d52ade-6a0718ae {"name":"projects/eshwesareestudio/locations/asia-south1/operations/operation-1789229827626-65b4b884c17e5-97d52ade-6a0718ae","metadata":{"@type":"type.googleapis.com/google.cloud.functions.v2.OperationMetadata","createTime":"2026-09-12T16:17:09.188888610Z","target":"projects/eshwesareestudio/locations/asia-south1/functions/sendCustomerOtp","verb":"update","cancelRequested":false,"apiVersion":"v2","requestResource":{"@type":"type.googleapis.com/google.cloud.functions.v2.Function","name":"projects/eshwesareestudio/locations/asia-south1/functions/sendCustomerOtp","buildConfig":{"runtime":"nodejs22","entryPoint":"sendCustomerOtp","source":{"storageSource":{"bucket":"gcf-v2-sources-106884158684-asia-south1","object":"sendCustomerOtp/function-source.zip","generation":"1789229829146571"}},"environmentVariables":{"GOOGLE_NODE_RUN_SCRIPTS":""},"dockerRepository":"projects/eshwesareestudio/locations/asia-south1/repositories/gcf-artifacts","sourceProvenance":{"resolvedStorageSource":{"bucket":"gcf-v2-sources-106884158684-asia-south1","object":"sendCustomerOtp/function-source.zip","generation":"1789046773389124"}},"dockerRegistry":"ARTIFACT_REGISTRY","sourceToken":"Cldwcm9qZWN0cy8xMDY4ODQxNTg2ODQvbG9jYXRpb25zL2FzaWEtc291dGgxL2J1aWxkcy83NTM1NzQ0Mi1jOTNjLTRkZWItODQyOC05N2IwNDU0YjU4YTUSc2FzaWEtc291dGgxLWRvY2tlci5wa2cuZGV2L2VzaHdlc2FyZWVzdHVkaW8vZ2NmLWFydGlmYWN0cy9lc2h3ZXNhcmVlc3R1ZGlvX19hc2lhLS1zb3V0aDFfX2NoZWNrb3V0X3N0YXR1czp2ZXJzaW9uXzEY3Kmrlo4DIkhwcm9qZWN0cy9lc2h3ZXNhcmVlc3R1ZGlvL2xvY2F0aW9ucy9hc2lhLXNvdXRoMS9mdW5jdGlvbnMvY2hlY2tvdXRTdGF0dXMqCwj/9ZXVBhDYr64pMghub2RlanMyMjp2CiNnY3IuaW8vZ2FlLXJ1bnRpbWVzL25vZGVqczIyOnN0YWJsZRJPYXNpYS1zb3V0aDEtZG9ja2VyLnBrZy5kZXYvc2VydmVybGVzcy1ydW50aW1lcy9nb29nbGUtMjItZnVsbC9ydW50aW1lcy9ub2RlanMyMkAB","serviceAccount":"projects/eshwesareestudio/serviceAccounts/106884158684-compute@developer.gserviceaccount.com","automaticUpdatePolicy":{}},"serviceConfig":{"service":"projects/eshwesareestudio/locations/asia-south1/services/sendcustomerotp","timeoutSeconds":60,"environmentVariables":{"FIREBASE_CONFIG":"{\"projectId\":\"eshwesareestudio\",\"storageBucket\":\"eshwesareestudio.firebasestorage.app\"}","GCLOUD_PROJECT":"eshwesareestudio","EVENTARC_CLOUD_EVENT_SOURCE":"projects/eshwesareestudio/locations/asia-south1/services/sendCustomerOtp","FUNCTION_REGION":"asia-south1","FUNCTION_TARGET":"sendCustomerOtp","LOG_EXECUTION_ID":"true","FUNCTION_SIGNATURE_TYPE":"http"},"ingressSettings":"ALLOW_ALL","uri":"https://sendcustomerotp-n7x6wk6maa-el.a.run.app","serviceAccountEmail":"106884158684-compute@developer.gserviceaccount.com","availableMemory":"256Mi","allTrafficOnLatestRevision":true,"secretEnvironmentVariables":[{"key":"MSG91_AUTH_KEY","projectId":"eshwesareestudio","secret":"MSG91_AUTH_KEY","version":"1"},{"key":"MSG91_OTP_TEMPLATE_ID","projectId":"eshwesareestudio","secret":"MSG91_OTP_TEMPLATE_ID","version":"2"}],"revision":"sendcustomerotp-00006-bel","maxInstanceRequestConcurrency":80,"availableCpu":"1"},"state":"ACTIVE","labels":{"deployment-tool":"cli-firebase","firebase-functions-hash":"bce7731a43ae1fae479c1e6fc4c1759214a42bce"},"environment":"GEN_2","url":"https://asia-south1-eshwesareestudio.cloudfunctions.net/sendCustomerOtp","satisfiesPzs":true,"satisfiesPzi":true},"stages":[{"name":"BUILD","message":"Reusing build","state":"COMPLETE","resource":"projects/106884158684/locations/asia-south1/builds/75357442-c93c-4deb-8428-97b0454b58a5"},{"name":"SERVICE","message":"Updating Cloud Run service","state":"IN_PROGRESS","resource":"projects/eshwesareestudio/locations/asia-south1/services/sendcustomerotp","resourceUri":"https://console.cloud.google.com/run/detail/asia-south1/sendcustomerotp?project=eshwesareestudio","stateMessages":[{"severity":"INFO","type":"CloudRunServiceNewRevisionTrafficInfo","message":"A new revision will be deployed serving with 100% traffic."}]}],"sourceToken":"Cldwcm9qZWN0cy8xMDY4ODQxNTg2ODQvbG9jYXRpb25zL2FzaWEtc291dGgxL2J1aWxkcy83NTM1NzQ0Mi1jOTNjLTRkZWItODQyOC05N2IwNDU0YjU4YTUSc2FzaWEtc291dGgxLWRvY2tlci5wa2cuZGV2L2VzaHdlc2FyZWVzdHVkaW8vZ2NmLWFydGlmYWN0cy9lc2h3ZXNhcmVlc3R1ZGlvX19hc2lhLS1zb3V0aDFfX2NoZWNrb3V0X3N0YXR1czp2ZXJzaW9uXzEY3Kmrlo4DIkhwcm9qZWN0cy9lc2h3ZXNhcmVlc3R1ZGlvL2xvY2F0aW9ucy9hc2lhLXNvdXRoMS9mdW5jdGlvbnMvY2hlY2tvdXRTdGF0dXMqCwj/9ZXVBhDYr64pMghub2RlanMyMjp2CiNnY3IuaW8vZ2FlLXJ1bnRpbWVzL25vZGVqczIyOnN0YWJsZRJPYXNpYS1zb3V0aDEtZG9ja2VyLnBrZy5kZXYvc2VydmVybGVzcy1ydW50aW1lcy9nb29nbGUtMjItZnVsbC9ydW50aW1lcy9ub2RlanMyMkAB","operationType":"UPDATE_FUNCTION","buildName":"projects/106884158684/locations/asia-south1/builds/75357442-c93c-4deb-8428-97b0454b58a5"},"done":false}
[2026-09-12T16:17:12.069Z] Got source token Cldwcm9qZWN0cy8xMDY4ODQxNTg2ODQvbG9jYXRpb25zL2FzaWEtc291dGgxL2J1aWxkcy83NTM1NzQ0Mi1jOTNjLTRkZWItODQyOC05N2IwNDU0YjU4YTUSc2FzaWEtc291dGgxLWRvY2tlci5wa2cuZGV2L2VzaHdlc2FyZWVzdHVkaW8vZ2NmLWFydGlmYWN0cy9lc2h3ZXNhcmVlc3R1ZGlvX19hc2lhLS1zb3V0aDFfX2NoZWNrb3V0X3N0YXR1czp2ZXJzaW9uXzEY3Kmrlo4DIkhwcm9qZWN0cy9lc2h3ZXNhcmVlc3R1ZGlvL2xvY2F0aW9ucy9hc2lhLXNvdXRoMS9mdW5jdGlvbnMvY2hlY2tvdXRTdGF0dXMqCwj/9ZXVBhDYr64pMghub2RlanMyMjp2CiNnY3IuaW8vZ2FlLXJ1bnRpbWVzL25vZGVqczIyOnN0YWJsZRJPYXNpYS1zb3V0aDEtZG9ja2VyLnBrZy5kZXYvc2VydmVybGVzcy1ydW50aW1lcy9nb29nbGUtMjItZnVsbC9ydW50aW1lcy9ub2RlanMyMkAB for region asia-south1
[2026-09-12T16:17:12.136Z] <<< [apiv2][status] GET https://cloudfunctions.googleapis.com/v2/projects/eshwesareestudio/locations/asia-south1/operations/operation-1789229827625-65b4b884c10b1-8bd4c1a9-bdd42450 200
[2026-09-12T16:17:12.136Z] <<< [apiv2][body] GET https://cloudfunctions.googleapis.com/v2/projects/eshwesareestudio/locations/asia-south1/operations/operation-1789229827625-65b4b884c10b1-8bd4c1a9-bdd42450 {"name":"projects/eshwesareestudio/locations/asia-south1/operations/operation-1789229827625-65b4b884c10b1-8bd4c1a9-bdd42450","metadata":{"@type":"type.googleapis.com/google.cloud.functions.v2.OperationMetadata","createTime":"2026-09-12T16:17:09.256731354Z","target":"projects/eshwesareestudio/locations/asia-south1/functions/sendContactEmailNotification","verb":"update","cancelRequested":false,"apiVersion":"v2","requestResource":{"@type":"type.googleapis.com/google.cloud.functions.v2.Function","name":"projects/eshwesareestudio/locations/asia-south1/functions/sendContactEmailNotification","buildConfig":{"runtime":"nodejs22","entryPoint":"sendContactEmailNotification","source":{"storageSource":{"bucket":"gcf-v2-sources-106884158684-asia-south1","object":"sendContactEmailNotification/function-source.zip","generation":"1789229829219353"}},"environmentVariables":{"GOOGLE_NODE_RUN_SCRIPTS":""},"dockerRepository":"projects/eshwesareestudio/locations/asia-south1/repositories/gcf-artifacts","sourceProvenance":{"resolvedStorageSource":{"bucket":"gcf-v2-sources-106884158684-asia-south1","object":"sendContactEmailNotification/function-source.zip","generation":"1788596247997556"}},"dockerRegistry":"ARTIFACT_REGISTRY","sourceToken":"Cldwcm9qZWN0cy8xMDY4ODQxNTg2ODQvbG9jYXRpb25zL2FzaWEtc291dGgxL2J1aWxkcy83NTM1NzQ0Mi1jOTNjLTRkZWItODQyOC05N2IwNDU0YjU4YTUSc2FzaWEtc291dGgxLWRvY2tlci5wa2cuZGV2L2VzaHdlc2FyZWVzdHVkaW8vZ2NmLWFydGlmYWN0cy9lc2h3ZXNhcmVlc3R1ZGlvX19hc2lhLS1zb3V0aDFfX2NoZWNrb3V0X3N0YXR1czp2ZXJzaW9uXzEY3Kmrlo4DIkhwcm9qZWN0cy9lc2h3ZXNhcmVlc3R1ZGlvL2xvY2F0aW9ucy9hc2lhLXNvdXRoMS9mdW5jdGlvbnMvY2hlY2tvdXRTdGF0dXMqCwj/9ZXVBhDYr64pMghub2RlanMyMjp2CiNnY3IuaW8vZ2FlLXJ1bnRpbWVzL25vZGVqczIyOnN0YWJsZRJPYXNpYS1zb3V0aDEtZG9ja2VyLnBrZy5kZXYvc2VydmVybGVzcy1ydW50aW1lcy9nb29nbGUtMjItZnVsbC9ydW50aW1lcy9ub2RlanMyMkAB","serviceAccount":"projects/eshwesareestudio/serviceAccounts/106884158684-compute@developer.gserviceaccount.com","automaticUpdatePolicy":{}},"serviceConfig":{"service":"projects/eshwesareestudio/locations/asia-south1/services/sendcontactemailnotification","timeoutSeconds":60,"environmentVariables":{"FIREBASE_CONFIG":"{\"projectId\":\"eshwesareestudio\",\"storageBucket\":\"eshwesareestudio.firebasestorage.app\"}","GCLOUD_PROJECT":"eshwesareestudio","EVENTARC_CLOUD_EVENT_SOURCE":"projects/eshwesareestudio/locations/asia-south1/services/sendContactEmailNotification","FUNCTION_REGION":"asia-south1","FUNCTION_SIGNATURE_TYPE":"cloudevent","FUNCTION_TARGET":"sendContactEmailNotification","LOG_EXECUTION_ID":"true"},"ingressSettings":"ALLOW_ALL","uri":"https://sendcontactemailnotification-n7x6wk6maa-el.a.run.app","serviceAccountEmail":"106884158684-compute@developer.gserviceaccount.com","availableMemory":"256Mi","allTrafficOnLatestRevision":true,"secretEnvironmentVariables":[{"key":"CONTACT_SMTP_PASSWORD","projectId":"eshwesareestudio","secret":"CONTACT_SMTP_PASSWORD","version":"1"}],"revision":"sendcontactemailnotification-00001-qal","maxInstanceRequestConcurrency":80,"availableCpu":"1"},"eventTrigger":{"trigger":"projects/eshwesareestudio/locations/nam5/triggers/sendcontactemailnotification-186952","triggerRegion":"nam5","eventType":"google.cloud.firestore.document.v1.created","eventFilters":[{"attribute":"database","value":"(default)"},{"attribute":"namespace","value":"(default)"},{"attribute":"document","value":"customerMessages/{messageId}","operator":"match-path-pattern"}],"pubsubTopic":"projects/eshwesareestudio/topics/eventarc-nam5-sendcontactemailnotification-186952-960","serviceAccountEmail":"106884158684-compute@developer.gserviceaccount.com","retryPolicy":"RETRY_POLICY_DO_NOT_RETRY"},"state":"ACTIVE","labels":{"deployment-tool":"cli-firebase","firebase-functions-hash":"029f533012d370aeb7006771c6739d48e1024cd1"},"environment":"GEN_2","url":"https://asia-south1-eshwesareestudio.cloudfunctions.net/sendContactEmailNotification","satisfiesPzs":true,"satisfiesPzi":true},"stages":[{"name":"BUILD","message":"Reusing build","state":"COMPLETE","resource":"projects/106884158684/locations/asia-south1/builds/75357442-c93c-4deb-8428-97b0454b58a5"},{"name":"SERVICE","message":"Updating Cloud Run service","state":"IN_PROGRESS","resource":"projects/eshwesareestudio/locations/asia-south1/services/sendcontactemailnotification","resourceUri":"https://console.cloud.google.com/run/detail/asia-south1/sendcontactemailnotification?project=eshwesareestudio","stateMessages":[{"severity":"INFO","type":"CloudRunServiceNewRevisionTrafficInfo","message":"A new revision will be deployed serving with 100% traffic."}]},{"name":"TRIGGER","state":"NOT_STARTED"}],"sourceToken":"Cldwcm9qZWN0cy8xMDY4ODQxNTg2ODQvbG9jYXRpb25zL2FzaWEtc291dGgxL2J1aWxkcy83NTM1NzQ0Mi1jOTNjLTRkZWItODQyOC05N2IwNDU0YjU4YTUSc2FzaWEtc291dGgxLWRvY2tlci5wa2cuZGV2L2VzaHdlc2FyZWVzdHVkaW8vZ2NmLWFydGlmYWN0cy9lc2h3ZXNhcmVlc3R1ZGlvX19hc2lhLS1zb3V0aDFfX2NoZWNrb3V0X3N0YXR1czp2ZXJzaW9uXzEY3Kmrlo4DIkhwcm9qZWN0cy9lc2h3ZXNhcmVlc3R1ZGlvL2xvY2F0aW9ucy9hc2lhLXNvdXRoMS9mdW5jdGlvbnMvY2hlY2tvdXRTdGF0dXMqCwj/9ZXVBhDYr64pMghub2RlanMyMjp2CiNnY3IuaW8vZ2FlLXJ1bnRpbWVzL25vZGVqczIyOnN0YWJsZRJPYXNpYS1zb3V0aDEtZG9ja2VyLnBrZy5kZXYvc2VydmVybGVzcy1ydW50aW1lcy9nb29nbGUtMjItZnVsbC9ydW50aW1lcy9ub2RlanMyMkAB","operationType":"UPDATE_FUNCTION","buildName":"projects/106884158684/locations/asia-south1/builds/75357442-c93c-4deb-8428-97b0454b58a5"},"done":false}
[2026-09-12T16:17:12.136Z] Got source token Cldwcm9qZWN0cy8xMDY4ODQxNTg2ODQvbG9jYXRpb25zL2FzaWEtc291dGgxL2J1aWxkcy83NTM1NzQ0Mi1jOTNjLTRkZWItODQyOC05N2IwNDU0YjU4YTUSc2FzaWEtc291dGgxLWRvY2tlci5wa2cuZGV2L2VzaHdlc2FyZWVzdHVkaW8vZ2NmLWFydGlmYWN0cy9lc2h3ZXNhcmVlc3R1ZGlvX19hc2lhLS1zb3V0aDFfX2NoZWNrb3V0X3N0YXR1czp2ZXJzaW9uXzEY3Kmrlo4DIkhwcm9qZWN0cy9lc2h3ZXNhcmVlc3R1ZGlvL2xvY2F0aW9ucy9hc2lhLXNvdXRoMS9mdW5jdGlvbnMvY2hlY2tvdXRTdGF0dXMqCwj/9ZXVBhDYr64pMghub2RlanMyMjp2CiNnY3IuaW8vZ2FlLXJ1bnRpbWVzL25vZGVqczIyOnN0YWJsZRJPYXNpYS1zb3V0aDEtZG9ja2VyLnBrZy5kZXYvc2VydmVybGVzcy1ydW50aW1lcy9nb29nbGUtMjItZnVsbC9ydW50aW1lcy9ub2RlanMyMkAB for region asia-south1
[2026-09-12T16:17:13.226Z] [create-default-asia-south1-reconcileCheckoutOrders] Retrying task index 0
[2026-09-12T16:17:13.227Z] Checked if tokens are valid: true, expires at: 1789232947367
[2026-09-12T16:17:13.227Z] Checked if tokens are valid: true, expires at: 1789232947367
[2026-09-12T16:17:13.227Z] >>> [apiv2][query] GET https://cloudfunctions.googleapis.com/v2/projects/eshwesareestudio/locations/asia-south1/operations/operation-1789229827714-65b4b884d6e08-6594bfeb-834d9d75 [none]
[2026-09-12T16:17:13.255Z] [create-default-asia-south1-ownerOrderAction] Retrying task index 0
[2026-09-12T16:17:13.257Z] Checked if tokens are valid: true, expires at: 1789232947367
[2026-09-12T16:17:13.257Z] Checked if tokens are valid: true, expires at: 1789232947367
[2026-09-12T16:17:13.258Z] >>> [apiv2][query] GET https://cloudfunctions.googleapis.com/v2/projects/eshwesareestudio/locations/asia-south1/operations/operation-1789229827628-65b4b884c1cc7-1b731484-004b8cab [none]
[2026-09-12T16:17:13.356Z] [update-default-asia-south1-createRazorpayOrder] Retrying task index 0
[2026-09-12T16:17:13.360Z] Checked if tokens are valid: true, expires at: 1789232947367
[2026-09-12T16:17:13.360Z] Checked if tokens are valid: true, expires at: 1789232947367
[2026-09-12T16:17:13.361Z] >>> [apiv2][query] GET https://cloudfunctions.googleapis.com/v2/projects/eshwesareestudio/locations/asia-south1/operations/operation-1789229827360-65b4b88480615-744c0c11-8030325e [none]
[2026-09-12T16:17:13.495Z] <<< [apiv2][status] GET https://cloudfunctions.googleapis.com/v2/projects/eshwesareestudio/locations/asia-south1/operations/operation-1789229827360-65b4b88480615-744c0c11-8030325e 200
[2026-09-12T16:17:13.495Z] <<< [apiv2][body] GET https://cloudfunctions.googleapis.com/v2/projects/eshwesareestudio/locations/asia-south1/operations/operation-1789229827360-65b4b88480615-744c0c11-8030325e {"name":"projects/eshwesareestudio/locations/asia-south1/operations/operation-1789229827360-65b4b88480615-744c0c11-8030325e","metadata":{"@type":"type.googleapis.com/google.cloud.functions.v2.OperationMetadata","createTime":"2026-09-12T16:17:08.754679820Z","target":"projects/eshwesareestudio/locations/asia-south1/functions/createRazorpayOrder","verb":"update","cancelRequested":false,"apiVersion":"v2","requestResource":{"@type":"type.googleapis.com/google.cloud.functions.v2.Function","name":"projects/eshwesareestudio/locations/asia-south1/functions/createRazorpayOrder","buildConfig":{"runtime":"nodejs22","entryPoint":"createRazorpayOrder","source":{"storageSource":{"bucket":"gcf-v2-sources-106884158684-asia-south1","object":"createRazorpayOrder/function-source.zip","generation":"1789229828710047"}},"environmentVariables":{"GOOGLE_NODE_RUN_SCRIPTS":""},"dockerRepository":"projects/eshwesareestudio/locations/asia-south1/repositories/gcf-artifacts","sourceProvenance":{"resolvedStorageSource":{"bucket":"gcf-v2-sources-106884158684-asia-south1","object":"createRazorpayOrder/function-source.zip","generation":"1789037073855850"}},"dockerRegistry":"ARTIFACT_REGISTRY","sourceToken":"Cldwcm9qZWN0cy8xMDY4ODQxNTg2ODQvbG9jYXRpb25zL2FzaWEtc291dGgxL2J1aWxkcy83NTM1NzQ0Mi1jOTNjLTRkZWItODQyOC05N2IwNDU0YjU4YTUSc2FzaWEtc291dGgxLWRvY2tlci5wa2cuZGV2L2VzaHdlc2FyZWVzdHVkaW8vZ2NmLWFydGlmYWN0cy9lc2h3ZXNhcmVlc3R1ZGlvX19hc2lhLS1zb3V0aDFfX2NoZWNrb3V0X3N0YXR1czp2ZXJzaW9uXzEY3Kmrlo4DIkhwcm9qZWN0cy9lc2h3ZXNhcmVlc3R1ZGlvL2xvY2F0aW9ucy9hc2lhLXNvdXRoMS9mdW5jdGlvbnMvY2hlY2tvdXRTdGF0dXMqCwj/9ZXVBhDYr64pMghub2RlanMyMjp2CiNnY3IuaW8vZ2FlLXJ1bnRpbWVzL25vZGVqczIyOnN0YWJsZRJPYXNpYS1zb3V0aDEtZG9ja2VyLnBrZy5kZXYvc2VydmVybGVzcy1ydW50aW1lcy9nb29nbGUtMjItZnVsbC9ydW50aW1lcy9ub2RlanMyMkAB","serviceAccount":"projects/eshwesareestudio/serviceAccounts/106884158684-compute@developer.gserviceaccount.com","automaticUpdatePolicy":{}},"serviceConfig":{"service":"projects/eshwesareestudio/locations/asia-south1/services/createrazorpayorder","timeoutSeconds":60,"environmentVariables":{"FIREBASE_CONFIG":"{\"projectId\":\"eshwesareestudio\",\"storageBucket\":\"eshwesareestudio.firebasestorage.app\"}","GCLOUD_PROJECT":"eshwesareestudio","EVENTARC_CLOUD_EVENT_SOURCE":"projects/eshwesareestudio/locations/asia-south1/services/createRazorpayOrder","FUNCTION_REGION":"asia-south1","FUNCTION_TARGET":"createRazorpayOrder","LOG_EXECUTION_ID":"true","FUNCTION_SIGNATURE_TYPE":"http"},"ingressSettings":"ALLOW_ALL","uri":"https://createrazorpayorder-n7x6wk6maa-el.a.run.app","serviceAccountEmail":"106884158684-compute@developer.gserviceaccount.com","availableMemory":"256Mi","allTrafficOnLatestRevision":true,"secretEnvironmentVariables":[{"key":"RAZORPAY_KEY_ID","projectId":"eshwesareestudio","secret":"RAZORPAY_KEY_ID","version":"4"},{"key":"RAZORPAY_KEY_SECRET","projectId":"eshwesareestudio","secret":"RAZORPAY_KEY_SECRET","version":"4"}],"revision":"createrazorpayorder-00017-naf","maxInstanceRequestConcurrency":80,"availableCpu":"1"},"state":"ACTIVE","labels":{"deployment-tool":"cli-firebase","firebase-functions-hash":"6ab8702ef0dc9af6c6deca4fc5ae944d33e11395"},"environment":"GEN_2","url":"https://asia-south1-eshwesareestudio.cloudfunctions.net/createRazorpayOrder","satisfiesPzs":true,"satisfiesPzi":true},"stages":[{"name":"BUILD","message":"Reusing build","state":"COMPLETE","resource":"projects/106884158684/locations/asia-south1/builds/75357442-c93c-4deb-8428-97b0454b58a5"},{"name":"SERVICE","message":"Updating Cloud Run service","state":"IN_PROGRESS","resource":"projects/eshwesareestudio/locations/asia-south1/services/createrazorpayorder","resourceUri":"https://console.cloud.google.com/run/detail/asia-south1/createrazorpayorder?project=eshwesareestudio","stateMessages":[{"severity":"INFO","type":"CloudRunServiceNewRevisionTrafficInfo","message":"A new revision will be deployed serving with 100% traffic."}]}],"sourceToken":"Cldwcm9qZWN0cy8xMDY4ODQxNTg2ODQvbG9jYXRpb25zL2FzaWEtc291dGgxL2J1aWxkcy83NTM1NzQ0Mi1jOTNjLTRkZWItODQyOC05N2IwNDU0YjU4YTUSc2FzaWEtc291dGgxLWRvY2tlci5wa2cuZGV2L2VzaHdlc2FyZWVzdHVkaW8vZ2NmLWFydGlmYWN0cy9lc2h3ZXNhcmVlc3R1ZGlvX19hc2lhLS1zb3V0aDFfX2NoZWNrb3V0X3N0YXR1czp2ZXJzaW9uXzEY3Kmrlo4DIkhwcm9qZWN0cy9lc2h3ZXNhcmVlc3R1ZGlvL2xvY2F0aW9ucy9hc2lhLXNvdXRoMS9mdW5jdGlvbnMvY2hlY2tvdXRTdGF0dXMqCwj/9ZXVBhDYr64pMghub2RlanMyMjp2CiNnY3IuaW8vZ2FlLXJ1bnRpbWVzL25vZGVqczIyOnN0YWJsZRJPYXNpYS1zb3V0aDEtZG9ja2VyLnBrZy5kZXYvc2VydmVybGVzcy1ydW50aW1lcy9nb29nbGUtMjItZnVsbC9ydW50aW1lcy9ub2RlanMyMkAB","operationType":"UPDATE_FUNCTION","buildName":"projects/106884158684/locations/asia-south1/builds/75357442-c93c-4deb-8428-97b0454b58a5"},"done":false}
[2026-09-12T16:17:13.495Z] Got source token Cldwcm9qZWN0cy8xMDY4ODQxNTg2ODQvbG9jYXRpb25zL2FzaWEtc291dGgxL2J1aWxkcy83NTM1NzQ0Mi1jOTNjLTRkZWItODQyOC05N2IwNDU0YjU4YTUSc2FzaWEtc291dGgxLWRvY2tlci5wa2cuZGV2L2VzaHdlc2FyZWVzdHVkaW8vZ2NmLWFydGlmYWN0cy9lc2h3ZXNhcmVlc3R1ZGlvX19hc2lhLS1zb3V0aDFfX2NoZWNrb3V0X3N0YXR1czp2ZXJzaW9uXzEY3Kmrlo4DIkhwcm9qZWN0cy9lc2h3ZXNhcmVlc3R1ZGlvL2xvY2F0aW9ucy9hc2lhLXNvdXRoMS9mdW5jdGlvbnMvY2hlY2tvdXRTdGF0dXMqCwj/9ZXVBhDYr64pMghub2RlanMyMjp2CiNnY3IuaW8vZ2FlLXJ1bnRpbWVzL25vZGVqczIyOnN0YWJsZRJPYXNpYS1zb3V0aDEtZG9ja2VyLnBrZy5kZXYvc2VydmVybGVzcy1ydW50aW1lcy9nb29nbGUtMjItZnVsbC9ydW50aW1lcy9ub2RlanMyMkAB for region asia-south1
[2026-09-12T16:17:13.556Z] [update-default-asia-south1-verifyRazorpayPayment] Retrying task index 0
[2026-09-12T16:17:13.556Z] Checked if tokens are valid: true, expires at: 1789232947367
[2026-09-12T16:17:13.557Z] Checked if tokens are valid: true, expires at: 1789232947367
[2026-09-12T16:17:13.557Z] >>> [apiv2][query] GET https://cloudfunctions.googleapis.com/v2/projects/eshwesareestudio/locations/asia-south1/operations/operation-1789229827623-65b4b884c0add-cb02fdd4-5553ac80 [none]
[2026-09-12T16:17:13.609Z] [update-default-asia-south1-verifyCustomerOtp] Retrying task index 0
[2026-09-12T16:17:13.609Z] Checked if tokens are valid: true, expires at: 1789232947367
[2026-09-12T16:17:13.610Z] Checked if tokens are valid: true, expires at: 1789232947367
[2026-09-12T16:17:13.610Z] >>> [apiv2][query] GET https://cloudfunctions.googleapis.com/v2/projects/eshwesareestudio/locations/asia-south1/operations/operation-1789229827625-65b4b884c126c-d1b6aef9-e001c9e2 [none]
[2026-09-12T16:17:13.676Z] <<< [apiv2][status] GET https://cloudfunctions.googleapis.com/v2/projects/eshwesareestudio/locations/asia-south1/operations/operation-1789229827714-65b4b884d6e08-6594bfeb-834d9d75 200
[2026-09-12T16:17:13.676Z] <<< [apiv2][body] GET https://cloudfunctions.googleapis.com/v2/projects/eshwesareestudio/locations/asia-south1/operations/operation-1789229827714-65b4b884d6e08-6594bfeb-834d9d75 {"name":"projects/eshwesareestudio/locations/asia-south1/operations/operation-1789229827714-65b4b884d6e08-6594bfeb-834d9d75","metadata":{"@type":"type.googleapis.com/google.cloud.functions.v2.OperationMetadata","createTime":"2026-09-12T16:17:08.575108624Z","target":"projects/eshwesareestudio/locations/asia-south1/functions/reconcileCheckoutOrders","verb":"create","cancelRequested":false,"apiVersion":"v2","requestResource":{"@type":"type.googleapis.com/google.cloud.functions.v2.Function","name":"projects/eshwesareestudio/locations/asia-south1/functions/reconcileCheckoutOrders","buildConfig":{"runtime":"nodejs22","entryPoint":"reconcileCheckoutOrders","source":{"storageSource":{"bucket":"gcf-v2-sources-106884158684-asia-south1","object":"reconcileCheckoutOrders/function-source.zip","generation":"1789229827903230"}},"environmentVariables":{"GOOGLE_NODE_RUN_SCRIPTS":""},"sourceToken":"Cldwcm9qZWN0cy8xMDY4ODQxNTg2ODQvbG9jYXRpb25zL2FzaWEtc291dGgxL2J1aWxkcy83NTM1NzQ0Mi1jOTNjLTRkZWItODQyOC05N2IwNDU0YjU4YTUSc2FzaWEtc291dGgxLWRvY2tlci5wa2cuZGV2L2VzaHdlc2FyZWVzdHVkaW8vZ2NmLWFydGlmYWN0cy9lc2h3ZXNhcmVlc3R1ZGlvX19hc2lhLS1zb3V0aDFfX2NoZWNrb3V0X3N0YXR1czp2ZXJzaW9uXzEY3Kmrlo4DIkhwcm9qZWN0cy9lc2h3ZXNhcmVlc3R1ZGlvL2xvY2F0aW9ucy9hc2lhLXNvdXRoMS9mdW5jdGlvbnMvY2hlY2tvdXRTdGF0dXMqCwj/9ZXVBhDYr64pMghub2RlanMyMjp2CiNnY3IuaW8vZ2FlLXJ1bnRpbWVzL25vZGVqczIyOnN0YWJsZRJPYXNpYS1zb3V0aDEtZG9ja2VyLnBrZy5kZXYvc2VydmVybGVzcy1ydW50aW1lcy9nb29nbGUtMjItZnVsbC9ydW50aW1lcy9ub2RlanMyMkAB","serviceAccount":"projects/eshwesareestudio/serviceAccounts/106884158684-compute@developer.gserviceaccount.com","automaticUpdatePolicy":{}},"serviceConfig":{"service":"projects/eshwesareestudio/locations/asia-south1/services/reconcilecheckoutorders","timeoutSeconds":60,"environmentVariables":{"FIREBASE_CONFIG":"{\"projectId\":\"eshwesareestudio\",\"storageBucket\":\"eshwesareestudio.firebasestorage.app\"}","GCLOUD_PROJECT":"eshwesareestudio","EVENTARC_CLOUD_EVENT_SOURCE":"projects/eshwesareestudio/locations/asia-south1/services/reconcileCheckoutOrders","FUNCTION_REGION":"asia-south1","FUNCTION_TARGET":"reconcileCheckoutOrders","LOG_EXECUTION_ID":"true","FUNCTION_SIGNATURE_TYPE":"http"},"ingressSettings":"ALLOW_ALL","serviceAccountEmail":"106884158684-compute@developer.gserviceaccount.com","availableMemory":"256Mi","secretEnvironmentVariables":[{"key":"RAZORPAY_KEY_ID","projectId":"eshwesareestudio","secret":"RAZORPAY_KEY_ID","version":"4"},{"key":"RAZORPAY_KEY_SECRET","projectId":"eshwesareestudio","secret":"RAZORPAY_KEY_SECRET","version":"4"}],"maxInstanceRequestConcurrency":80,"availableCpu":"1"},"labels":{"deployment-tool":"cli-firebase","deployment-scheduled":"true","firebase-functions-hash":"6ab8702ef0dc9af6c6deca4fc5ae944d33e11395"},"environment":"GEN_2"},"stages":[{"name":"BUILD","message":"Reusing build","state":"COMPLETE","resource":"projects/106884158684/locations/asia-south1/builds/75357442-c93c-4deb-8428-97b0454b58a5"},{"name":"SERVICE","message":"Creating Cloud Run service","state":"IN_PROGRESS","resource":"projects/eshwesareestudio/locations/asia-south1/services/reconcilecheckoutorders","resourceUri":"https://console.cloud.google.com/run/detail/asia-south1/reconcilecheckoutorders?project=eshwesareestudio"}],"sourceToken":"Cldwcm9qZWN0cy8xMDY4ODQxNTg2ODQvbG9jYXRpb25zL2FzaWEtc291dGgxL2J1aWxkcy83NTM1NzQ0Mi1jOTNjLTRkZWItODQyOC05N2IwNDU0YjU4YTUSc2FzaWEtc291dGgxLWRvY2tlci5wa2cuZGV2L2VzaHdlc2FyZWVzdHVkaW8vZ2NmLWFydGlmYWN0cy9lc2h3ZXNhcmVlc3R1ZGlvX19hc2lhLS1zb3V0aDFfX2NoZWNrb3V0X3N0YXR1czp2ZXJzaW9uXzEY3Kmrlo4DIkhwcm9qZWN0cy9lc2h3ZXNhcmVlc3R1ZGlvL2xvY2F0aW9ucy9hc2lhLXNvdXRoMS9mdW5jdGlvbnMvY2hlY2tvdXRTdGF0dXMqCwj/9ZXVBhDYr64pMghub2RlanMyMjp2CiNnY3IuaW8vZ2FlLXJ1bnRpbWVzL25vZGVqczIyOnN0YWJsZRJPYXNpYS1zb3V0aDEtZG9ja2VyLnBrZy5kZXYvc2VydmVybGVzcy1ydW50aW1lcy9nb29nbGUtMjItZnVsbC9ydW50aW1lcy9ub2RlanMyMkAB","operationType":"CREATE_FUNCTION","buildName":"projects/106884158684/locations/asia-south1/builds/75357442-c93c-4deb-8428-97b0454b58a5"},"done":false}
[2026-09-12T16:17:13.677Z] Got source token Cldwcm9qZWN0cy8xMDY4ODQxNTg2ODQvbG9jYXRpb25zL2FzaWEtc291dGgxL2J1aWxkcy83NTM1NzQ0Mi1jOTNjLTRkZWItODQyOC05N2IwNDU0YjU4YTUSc2FzaWEtc291dGgxLWRvY2tlci5wa2cuZGV2L2VzaHdlc2FyZWVzdHVkaW8vZ2NmLWFydGlmYWN0cy9lc2h3ZXNhcmVlc3R1ZGlvX19hc2lhLS1zb3V0aDFfX2NoZWNrb3V0X3N0YXR1czp2ZXJzaW9uXzEY3Kmrlo4DIkhwcm9qZWN0cy9lc2h3ZXNhcmVlc3R1ZGlvL2xvY2F0aW9ucy9hc2lhLXNvdXRoMS9mdW5jdGlvbnMvY2hlY2tvdXRTdGF0dXMqCwj/9ZXVBhDYr64pMghub2RlanMyMjp2CiNnY3IuaW8vZ2FlLXJ1bnRpbWVzL25vZGVqczIyOnN0YWJsZRJPYXNpYS1zb3V0aDEtZG9ja2VyLnBrZy5kZXYvc2VydmVybGVzcy1ydW50aW1lcy9nb29nbGUtMjItZnVsbC9ydW50aW1lcy9ub2RlanMyMkAB for region asia-south1
[2026-09-12T16:17:13.684Z] [update-default-asia-south1-razorpayAppCallback] Retrying task index 0
[2026-09-12T16:17:13.685Z] Checked if tokens are valid: true, expires at: 1789232947367
[2026-09-12T16:17:13.685Z] Checked if tokens are valid: true, expires at: 1789232947367
[2026-09-12T16:17:13.685Z] >>> [apiv2][query] GET https://cloudfunctions.googleapis.com/v2/projects/eshwesareestudio/locations/asia-south1/operations/operation-1789229827712-65b4b884d66d1-78676f56-a702d825 [none]
[2026-09-12T16:17:13.725Z] <<< [apiv2][status] GET https://cloudfunctions.googleapis.com/v2/projects/eshwesareestudio/locations/asia-south1/operations/operation-1789229827628-65b4b884c1cc7-1b731484-004b8cab 200
[2026-09-12T16:17:13.725Z] <<< [apiv2][body] GET https://cloudfunctions.googleapis.com/v2/projects/eshwesareestudio/locations/asia-south1/operations/operation-1789229827628-65b4b884c1cc7-1b731484-004b8cab {"name":"projects/eshwesareestudio/locations/asia-south1/operations/operation-1789229827628-65b4b884c1cc7-1b731484-004b8cab","metadata":{"@type":"type.googleapis.com/google.cloud.functions.v2.OperationMetadata","createTime":"2026-09-12T16:17:08.486504506Z","target":"projects/eshwesareestudio/locations/asia-south1/functions/ownerOrderAction","verb":"create","cancelRequested":false,"apiVersion":"v2","requestResource":{"@type":"type.googleapis.com/google.cloud.functions.v2.Function","name":"projects/eshwesareestudio/locations/asia-south1/functions/ownerOrderAction","buildConfig":{"runtime":"nodejs22","entryPoint":"ownerOrderAction","source":{"storageSource":{"bucket":"gcf-v2-sources-106884158684-asia-south1","object":"ownerOrderAction/function-source.zip","generation":"1789229827843962"}},"environmentVariables":{"GOOGLE_NODE_RUN_SCRIPTS":""},"sourceToken":"Cldwcm9qZWN0cy8xMDY4ODQxNTg2ODQvbG9jYXRpb25zL2FzaWEtc291dGgxL2J1aWxkcy83NTM1NzQ0Mi1jOTNjLTRkZWItODQyOC05N2IwNDU0YjU4YTUSc2FzaWEtc291dGgxLWRvY2tlci5wa2cuZGV2L2VzaHdlc2FyZWVzdHVkaW8vZ2NmLWFydGlmYWN0cy9lc2h3ZXNhcmVlc3R1ZGlvX19hc2lhLS1zb3V0aDFfX2NoZWNrb3V0X3N0YXR1czp2ZXJzaW9uXzEY3Kmrlo4DIkhwcm9qZWN0cy9lc2h3ZXNhcmVlc3R1ZGlvL2xvY2F0aW9ucy9hc2lhLXNvdXRoMS9mdW5jdGlvbnMvY2hlY2tvdXRTdGF0dXMqCwj/9ZXVBhDYr64pMghub2RlanMyMjp2CiNnY3IuaW8vZ2FlLXJ1bnRpbWVzL25vZGVqczIyOnN0YWJsZRJPYXNpYS1zb3V0aDEtZG9ja2VyLnBrZy5kZXYvc2VydmVybGVzcy1ydW50aW1lcy9nb29nbGUtMjItZnVsbC9ydW50aW1lcy9ub2RlanMyMkAB","serviceAccount":"projects/eshwesareestudio/serviceAccounts/106884158684-compute@developer.gserviceaccount.com","automaticUpdatePolicy":{}},"serviceConfig":{"service":"projects/eshwesareestudio/locations/asia-south1/services/ownerorderaction","timeoutSeconds":60,"environmentVariables":{"FIREBASE_CONFIG":"{\"projectId\":\"eshwesareestudio\",\"storageBucket\":\"eshwesareestudio.firebasestorage.app\"}","GCLOUD_PROJECT":"eshwesareestudio","EVENTARC_CLOUD_EVENT_SOURCE":"projects/eshwesareestudio/locations/asia-south1/services/ownerOrderAction","FUNCTION_REGION":"asia-south1","FUNCTION_TARGET":"ownerOrderAction","LOG_EXECUTION_ID":"true","FUNCTION_SIGNATURE_TYPE":"http"},"ingressSettings":"ALLOW_ALL","serviceAccountEmail":"106884158684-compute@developer.gserviceaccount.com","availableMemory":"256Mi","secretEnvironmentVariables":[{"key":"RAZORPAY_KEY_ID","projectId":"eshwesareestudio","secret":"RAZORPAY_KEY_ID","version":"4"},{"key":"RAZORPAY_KEY_SECRET","projectId":"eshwesareestudio","secret":"RAZORPAY_KEY_SECRET","version":"4"}],"maxInstanceRequestConcurrency":80,"availableCpu":"1"},"labels":{"deployment-tool":"cli-firebase","firebase-functions-hash":"6ab8702ef0dc9af6c6deca4fc5ae944d33e11395"},"environment":"GEN_2"},"stages":[{"name":"BUILD","message":"Reusing build","state":"COMPLETE","resource":"projects/106884158684/locations/asia-south1/builds/75357442-c93c-4deb-8428-97b0454b58a5"},{"name":"SERVICE","message":"Creating Cloud Run service","state":"IN_PROGRESS","resource":"projects/eshwesareestudio/locations/asia-south1/services/ownerorderaction","resourceUri":"https://console.cloud.google.com/run/detail/asia-south1/ownerorderaction?project=eshwesareestudio"}],"sourceToken":"Cldwcm9qZWN0cy8xMDY4ODQxNTg2ODQvbG9jYXRpb25zL2FzaWEtc291dGgxL2J1aWxkcy83NTM1NzQ0Mi1jOTNjLTRkZWItODQyOC05N2IwNDU0YjU4YTUSc2FzaWEtc291dGgxLWRvY2tlci5wa2cuZGV2L2VzaHdlc2FyZWVzdHVkaW8vZ2NmLWFydGlmYWN0cy9lc2h3ZXNhcmVlc3R1ZGlvX19hc2lhLS1zb3V0aDFfX2NoZWNrb3V0X3N0YXR1czp2ZXJzaW9uXzEY3Kmrlo4DIkhwcm9qZWN0cy9lc2h3ZXNhcmVlc3R1ZGlvL2xvY2F0aW9ucy9hc2lhLXNvdXRoMS9mdW5jdGlvbnMvY2hlY2tvdXRTdGF0dXMqCwj/9ZXVBhDYr64pMghub2RlanMyMjp2CiNnY3IuaW8vZ2FlLXJ1bnRpbWVzL25vZGVqczIyOnN0YWJsZRJPYXNpYS1zb3V0aDEtZG9ja2VyLnBrZy5kZXYvc2VydmVybGVzcy1ydW50aW1lcy9nb29nbGUtMjItZnVsbC9ydW50aW1lcy9ub2RlanMyMkAB","operationType":"CREATE_FUNCTION","buildName":"projects/106884158684/locations/asia-south1/builds/75357442-c93c-4deb-8428-97b0454b58a5"},"done":false}
[2026-09-12T16:17:13.725Z] Got source token Cldwcm9qZWN0cy8xMDY4ODQxNTg2ODQvbG9jYXRpb25zL2FzaWEtc291dGgxL2J1aWxkcy83NTM1NzQ0Mi1jOTNjLTRkZWItODQyOC05N2IwNDU0YjU4YTUSc2FzaWEtc291dGgxLWRvY2tlci5wa2cuZGV2L2VzaHdlc2FyZWVzdHVkaW8vZ2NmLWFydGlmYWN0cy9lc2h3ZXNhcmVlc3R1ZGlvX19hc2lhLS1zb3V0aDFfX2NoZWNrb3V0X3N0YXR1czp2ZXJzaW9uXzEY3Kmrlo4DIkhwcm9qZWN0cy9lc2h3ZXNhcmVlc3R1ZGlvL2xvY2F0aW9ucy9hc2lhLXNvdXRoMS9mdW5jdGlvbnMvY2hlY2tvdXRTdGF0dXMqCwj/9ZXVBhDYr64pMghub2RlanMyMjp2CiNnY3IuaW8vZ2FlLXJ1bnRpbWVzL25vZGVqczIyOnN0YWJsZRJPYXNpYS1zb3V0aDEtZG9ja2VyLnBrZy5kZXYvc2VydmVybGVzcy1ydW50aW1lcy9nb29nbGUtMjItZnVsbC9ydW50aW1lcy9ub2RlanMyMkAB for region asia-south1
[2026-09-12T16:17:13.784Z] [create-default-asia-south1-ownerProductAction] Retrying task index 0
[2026-09-12T16:17:13.785Z] Checked if tokens are valid: true, expires at: 1789232947367
[2026-09-12T16:17:13.785Z] Checked if tokens are valid: true, expires at: 1789232947367
[2026-09-12T16:17:13.785Z] >>> [apiv2][query] GET https://cloudfunctions.googleapis.com/v2/projects/eshwesareestudio/locations/asia-south1/operations/operation-1789229827629-65b4b884c231b-5a1e7120-cfff2b97 [none]
[2026-09-12T16:17:13.848Z] <<< [apiv2][status] GET https://cloudfunctions.googleapis.com/v2/projects/eshwesareestudio/locations/asia-south1/operations/operation-1789229827682-65b4b884cef92-fe6a0883-66dd5f41 200
[2026-09-12T16:17:13.849Z] <<< [apiv2][body] GET https://cloudfunctions.googleapis.com/v2/projects/eshwesareestudio/locations/asia-south1/operations/operation-1789229827682-65b4b884cef92-fe6a0883-66dd5f41 {"name":"projects/eshwesareestudio/locations/asia-south1/operations/operation-1789229827682-65b4b884cef92-fe6a0883-66dd5f41","metadata":{"@type":"type.googleapis.com/google.cloud.functions.v2.OperationMetadata","createTime":"2026-09-12T16:17:09.085558917Z","target":"projects/eshwesareestudio/locations/asia-south1/functions/razorpayWebhook","verb":"update","cancelRequested":false,"apiVersion":"v2","requestResource":{"@type":"type.googleapis.com/google.cloud.functions.v2.Function","name":"projects/eshwesareestudio/locations/asia-south1/functions/razorpayWebhook","buildConfig":{"runtime":"nodejs22","entryPoint":"razorpayWebhook","source":{"storageSource":{"bucket":"gcf-v2-sources-106884158684-asia-south1","object":"razorpayWebhook/function-source.zip","generation":"1789229829044706"}},"environmentVariables":{"GOOGLE_NODE_RUN_SCRIPTS":""},"dockerRepository":"projects/eshwesareestudio/locations/asia-south1/repositories/gcf-artifacts","sourceProvenance":{"resolvedStorageSource":{"bucket":"gcf-v2-sources-106884158684-asia-south1","object":"razorpayWebhook/function-source.zip","generation":"1789037073466889"}},"dockerRegistry":"ARTIFACT_REGISTRY","sourceToken":"Cldwcm9qZWN0cy8xMDY4ODQxNTg2ODQvbG9jYXRpb25zL2FzaWEtc291dGgxL2J1aWxkcy83NTM1NzQ0Mi1jOTNjLTRkZWItODQyOC05N2IwNDU0YjU4YTUSc2FzaWEtc291dGgxLWRvY2tlci5wa2cuZGV2L2VzaHdlc2FyZWVzdHVkaW8vZ2NmLWFydGlmYWN0cy9lc2h3ZXNhcmVlc3R1ZGlvX19hc2lhLS1zb3V0aDFfX2NoZWNrb3V0X3N0YXR1czp2ZXJzaW9uXzEY3Kmrlo4DIkhwcm9qZWN0cy9lc2h3ZXNhcmVlc3R1ZGlvL2xvY2F0aW9ucy9hc2lhLXNvdXRoMS9mdW5jdGlvbnMvY2hlY2tvdXRTdGF0dXMqCwj/9ZXVBhDYr64pMghub2RlanMyMjp2CiNnY3IuaW8vZ2FlLXJ1bnRpbWVzL25vZGVqczIyOnN0YWJsZRJPYXNpYS1zb3V0aDEtZG9ja2VyLnBrZy5kZXYvc2VydmVybGVzcy1ydW50aW1lcy9nb29nbGUtMjItZnVsbC9ydW50aW1lcy9ub2RlanMyMkAB","serviceAccount":"projects/eshwesareestudio/serviceAccounts/106884158684-compute@developer.gserviceaccount.com","automaticUpdatePolicy":{}},"serviceConfig":{"service":"projects/eshwesareestudio/locations/asia-south1/services/razorpaywebhook","timeoutSeconds":60,"environmentVariables":{"FIREBASE_CONFIG":"{\"projectId\":\"eshwesareestudio\",\"storageBucket\":\"eshwesareestudio.firebasestorage.app\"}","GCLOUD_PROJECT":"eshwesareestudio","EVENTARC_CLOUD_EVENT_SOURCE":"projects/eshwesareestudio/locations/asia-south1/services/razorpayWebhook","FUNCTION_REGION":"asia-south1","FUNCTION_TARGET":"razorpayWebhook","LOG_EXECUTION_ID":"true","FUNCTION_SIGNATURE_TYPE":"http"},"ingressSettings":"ALLOW_ALL","uri":"https://razorpaywebhook-n7x6wk6maa-el.a.run.app","serviceAccountEmail":"106884158684-compute@developer.gserviceaccount.com","availableMemory":"256Mi","allTrafficOnLatestRevision":true,"secretEnvironmentVariables":[{"key":"RAZORPAY_WEBHOOK_SECRET","projectId":"eshwesareestudio","secret":"RAZORPAY_WEBHOOK_SECRET","version":"2"},{"key":"RAZORPAY_KEY_ID","projectId":"eshwesareestudio","secret":"RAZORPAY_KEY_ID","version":"4"},{"key":"RAZORPAY_KEY_SECRET","projectId":"eshwesareestudio","secret":"RAZORPAY_KEY_SECRET","version":"4"}],"revision":"razorpaywebhook-00015-lum","maxInstanceRequestConcurrency":80,"availableCpu":"1"},"state":"ACTIVE","labels":{"deployment-tool":"cli-firebase","firebase-functions-hash":"c109d28cd0095e75b9624121c2323575d524b77c"},"environment":"GEN_2","url":"https://asia-south1-eshwesareestudio.cloudfunctions.net/razorpayWebhook","satisfiesPzs":true,"satisfiesPzi":true},"stages":[{"name":"BUILD","message":"Reusing build","state":"COMPLETE","resource":"projects/106884158684/locations/asia-south1/builds/75357442-c93c-4deb-8428-97b0454b58a5"},{"name":"SERVICE","message":"Updating Cloud Run service","state":"IN_PROGRESS","resource":"projects/eshwesareestudio/locations/asia-south1/services/razorpaywebhook","resourceUri":"https://console.cloud.google.com/run/detail/asia-south1/razorpaywebhook?project=eshwesareestudio","stateMessages":[{"severity":"INFO","type":"CloudRunServiceNewRevisionTrafficInfo","message":"A new revision will be deployed serving with 100% traffic."}]}],"sourceToken":"Cldwcm9qZWN0cy8xMDY4ODQxNTg2ODQvbG9jYXRpb25zL2FzaWEtc291dGgxL2J1aWxkcy83NTM1NzQ0Mi1jOTNjLTRkZWItODQyOC05N2IwNDU0YjU4YTUSc2FzaWEtc291dGgxLWRvY2tlci5wa2cuZGV2L2VzaHdlc2FyZWVzdHVkaW8vZ2NmLWFydGlmYWN0cy9lc2h3ZXNhcmVlc3R1ZGlvX19hc2lhLS1zb3V0aDFfX2NoZWNrb3V0X3N0YXR1czp2ZXJzaW9uXzEY3Kmrlo4DIkhwcm9qZWN0cy9lc2h3ZXNhcmVlc3R1ZGlvL2xvY2F0aW9ucy9hc2lhLXNvdXRoMS9mdW5jdGlvbnMvY2hlY2tvdXRTdGF0dXMqCwj/9ZXVBhDYr64pMghub2RlanMyMjp2CiNnY3IuaW8vZ2FlLXJ1bnRpbWVzL25vZGVqczIyOnN0YWJsZRJPYXNpYS1zb3V0aDEtZG9ja2VyLnBrZy5kZXYvc2VydmVybGVzcy1ydW50aW1lcy9nb29nbGUtMjItZnVsbC9ydW50aW1lcy9ub2RlanMyMkAB","operationType":"UPDATE_FUNCTION","buildName":"projects/106884158684/locations/asia-south1/builds/75357442-c93c-4deb-8428-97b0454b58a5"},"done":false}
[2026-09-12T16:17:13.849Z] Got source token Cldwcm9qZWN0cy8xMDY4ODQxNTg2ODQvbG9jYXRpb25zL2FzaWEtc291dGgxL2J1aWxkcy83NTM1NzQ0Mi1jOTNjLTRkZWItODQyOC05N2IwNDU0YjU4YTUSc2FzaWEtc291dGgxLWRvY2tlci5wa2cuZGV2L2VzaHdlc2FyZWVzdHVkaW8vZ2NmLWFydGlmYWN0cy9lc2h3ZXNhcmVlc3R1ZGlvX19hc2lhLS1zb3V0aDFfX2NoZWNrb3V0X3N0YXR1czp2ZXJzaW9uXzEY3Kmrlo4DIkhwcm9qZWN0cy9lc2h3ZXNhcmVlc3R1ZGlvL2xvY2F0aW9ucy9hc2lhLXNvdXRoMS9mdW5jdGlvbnMvY2hlY2tvdXRTdGF0dXMqCwj/9ZXVBhDYr64pMghub2RlanMyMjp2CiNnY3IuaW8vZ2FlLXJ1bnRpbWVzL25vZGVqczIyOnN0YWJsZRJPYXNpYS1zb3V0aDEtZG9ja2VyLnBrZy5kZXYvc2VydmVybGVzcy1ydW50aW1lcy9nb29nbGUtMjItZnVsbC9ydW50aW1lcy9ub2RlanMyMkAB for region asia-south1
[2026-09-12T16:17:14.034Z] <<< [apiv2][status] GET https://cloudfunctions.googleapis.com/v2/projects/eshwesareestudio/locations/asia-south1/operations/operation-1789229827623-65b4b884c0add-cb02fdd4-5553ac80 200
[2026-09-12T16:17:14.034Z] <<< [apiv2][body] GET https://cloudfunctions.googleapis.com/v2/projects/eshwesareestudio/locations/asia-south1/operations/operation-1789229827623-65b4b884c0add-cb02fdd4-5553ac80 {"name":"projects/eshwesareestudio/locations/asia-south1/operations/operation-1789229827623-65b4b884c0add-cb02fdd4-5553ac80","metadata":{"@type":"type.googleapis.com/google.cloud.functions.v2.OperationMetadata","createTime":"2026-09-12T16:17:08.962904737Z","target":"projects/eshwesareestudio/locations/asia-south1/functions/verifyRazorpayPayment","verb":"update","cancelRequested":false,"apiVersion":"v2","requestResource":{"@type":"type.googleapis.com/google.cloud.functions.v2.Function","name":"projects/eshwesareestudio/locations/asia-south1/functions/verifyRazorpayPayment","buildConfig":{"runtime":"nodejs22","entryPoint":"verifyRazorpayPayment","source":{"storageSource":{"bucket":"gcf-v2-sources-106884158684-asia-south1","object":"verifyRazorpayPayment/function-source.zip","generation":"1789229828924241"}},"environmentVariables":{"GOOGLE_NODE_RUN_SCRIPTS":""},"dockerRepository":"projects/eshwesareestudio/locations/asia-south1/repositories/gcf-artifacts","sourceProvenance":{"resolvedStorageSource":{"bucket":"gcf-v2-sources-106884158684-asia-south1","object":"verifyRazorpayPayment/function-source.zip","generation":"1789037073431061"}},"dockerRegistry":"ARTIFACT_REGISTRY","sourceToken":"Cldwcm9qZWN0cy8xMDY4ODQxNTg2ODQvbG9jYXRpb25zL2FzaWEtc291dGgxL2J1aWxkcy83NTM1NzQ0Mi1jOTNjLTRkZWItODQyOC05N2IwNDU0YjU4YTUSc2FzaWEtc291dGgxLWRvY2tlci5wa2cuZGV2L2VzaHdlc2FyZWVzdHVkaW8vZ2NmLWFydGlmYWN0cy9lc2h3ZXNhcmVlc3R1ZGlvX19hc2lhLS1zb3V0aDFfX2NoZWNrb3V0X3N0YXR1czp2ZXJzaW9uXzEY3Kmrlo4DIkhwcm9qZWN0cy9lc2h3ZXNhcmVlc3R1ZGlvL2xvY2F0aW9ucy9hc2lhLXNvdXRoMS9mdW5jdGlvbnMvY2hlY2tvdXRTdGF0dXMqCwj/9ZXVBhDYr64pMghub2RlanMyMjp2CiNnY3IuaW8vZ2FlLXJ1bnRpbWVzL25vZGVqczIyOnN0YWJsZRJPYXNpYS1zb3V0aDEtZG9ja2VyLnBrZy5kZXYvc2VydmVybGVzcy1ydW50aW1lcy9nb29nbGUtMjItZnVsbC9ydW50aW1lcy9ub2RlanMyMkAB","serviceAccount":"projects/eshwesareestudio/serviceAccounts/106884158684-compute@developer.gserviceaccount.com","automaticUpdatePolicy":{}},"serviceConfig":{"service":"projects/eshwesareestudio/locations/asia-south1/services/verifyrazorpaypayment","timeoutSeconds":60,"environmentVariables":{"FIREBASE_CONFIG":"{\"projectId\":\"eshwesareestudio\",\"storageBucket\":\"eshwesareestudio.firebasestorage.app\"}","GCLOUD_PROJECT":"eshwesareestudio","EVENTARC_CLOUD_EVENT_SOURCE":"projects/eshwesareestudio/locations/asia-south1/services/verifyRazorpayPayment","FUNCTION_REGION":"asia-south1","FUNCTION_TARGET":"verifyRazorpayPayment","LOG_EXECUTION_ID":"true","FUNCTION_SIGNATURE_TYPE":"http"},"ingressSettings":"ALLOW_ALL","uri":"https://verifyrazorpaypayment-n7x6wk6maa-el.a.run.app","serviceAccountEmail":"106884158684-compute@developer.gserviceaccount.com","availableMemory":"256Mi","allTrafficOnLatestRevision":true,"secretEnvironmentVariables":[{"key":"RAZORPAY_KEY_SECRET","projectId":"eshwesareestudio","secret":"RAZORPAY_KEY_SECRET","version":"4"},{"key":"RAZORPAY_KEY_ID","projectId":"eshwesareestudio","secret":"RAZORPAY_KEY_ID","version":"4"}],"revision":"verifyrazorpaypayment-00017-sef","maxInstanceRequestConcurrency":80,"availableCpu":"1"},"state":"ACTIVE","labels":{"deployment-tool":"cli-firebase","firebase-functions-hash":"7a9b9a7115660114738002785d5b32cccf95d19e"},"environment":"GEN_2","url":"https://asia-south1-eshwesareestudio.cloudfunctions.net/verifyRazorpayPayment","satisfiesPzs":true,"satisfiesPzi":true},"stages":[{"name":"BUILD","message":"Reusing build","state":"COMPLETE","resource":"projects/106884158684/locations/asia-south1/builds/75357442-c93c-4deb-8428-97b0454b58a5"},{"name":"SERVICE","message":"Updating Cloud Run service","state":"IN_PROGRESS","resource":"projects/eshwesareestudio/locations/asia-south1/services/verifyrazorpaypayment","resourceUri":"https://console.cloud.google.com/run/detail/asia-south1/verifyrazorpaypayment?project=eshwesareestudio","stateMessages":[{"severity":"INFO","type":"CloudRunServiceNewRevisionTrafficInfo","message":"A new revision will be deployed serving with 100% traffic."}]}],"sourceToken":"Cldwcm9qZWN0cy8xMDY4ODQxNTg2ODQvbG9jYXRpb25zL2FzaWEtc291dGgxL2J1aWxkcy83NTM1NzQ0Mi1jOTNjLTRkZWItODQyOC05N2IwNDU0YjU4YTUSc2FzaWEtc291dGgxLWRvY2tlci5wa2cuZGV2L2VzaHdlc2FyZWVzdHVkaW8vZ2NmLWFydGlmYWN0cy9lc2h3ZXNhcmVlc3R1ZGlvX19hc2lhLS1zb3V0aDFfX2NoZWNrb3V0X3N0YXR1czp2ZXJzaW9uXzEY3Kmrlo4DIkhwcm9qZWN0cy9lc2h3ZXNhcmVlc3R1ZGlvL2xvY2F0aW9ucy9hc2lhLXNvdXRoMS9mdW5jdGlvbnMvY2hlY2tvdXRTdGF0dXMqCwj/9ZXVBhDYr64pMghub2RlanMyMjp2CiNnY3IuaW8vZ2FlLXJ1bnRpbWVzL25vZGVqczIyOnN0YWJsZRJPYXNpYS1zb3V0aDEtZG9ja2VyLnBrZy5kZXYvc2VydmVybGVzcy1ydW50aW1lcy9nb29nbGUtMjItZnVsbC9ydW50aW1lcy9ub2RlanMyMkAB","operationType":"UPDATE_FUNCTION","buildName":"projects/106884158684/locations/asia-south1/builds/75357442-c93c-4deb-8428-97b0454b58a5"},"done":false}
[2026-09-12T16:17:14.034Z] Got source token Cldwcm9qZWN0cy8xMDY4ODQxNTg2ODQvbG9jYXRpb25zL2FzaWEtc291dGgxL2J1aWxkcy83NTM1NzQ0Mi1jOTNjLTRkZWItODQyOC05N2IwNDU0YjU4YTUSc2FzaWEtc291dGgxLWRvY2tlci5wa2cuZGV2L2VzaHdlc2FyZWVzdHVkaW8vZ2NmLWFydGlmYWN0cy9lc2h3ZXNhcmVlc3R1ZGlvX19hc2lhLS1zb3V0aDFfX2NoZWNrb3V0X3N0YXR1czp2ZXJzaW9uXzEY3Kmrlo4DIkhwcm9qZWN0cy9lc2h3ZXNhcmVlc3R1ZGlvL2xvY2F0aW9ucy9hc2lhLXNvdXRoMS9mdW5jdGlvbnMvY2hlY2tvdXRTdGF0dXMqCwj/9ZXVBhDYr64pMghub2RlanMyMjp2CiNnY3IuaW8vZ2FlLXJ1bnRpbWVzL25vZGVqczIyOnN0YWJsZRJPYXNpYS1zb3V0aDEtZG9ja2VyLnBrZy5kZXYvc2VydmVybGVzcy1ydW50aW1lcy9nb29nbGUtMjItZnVsbC9ydW50aW1lcy9ub2RlanMyMkAB for region asia-south1
[2026-09-12T16:17:14.070Z] [update-default-asia-south1-sendCustomerOtp] Retrying task index 0
[2026-09-12T16:17:14.071Z] Checked if tokens are valid: true, expires at: 1789232947367
[2026-09-12T16:17:14.071Z] Checked if tokens are valid: true, expires at: 1789232947367
[2026-09-12T16:17:14.071Z] >>> [apiv2][query] GET https://cloudfunctions.googleapis.com/v2/projects/eshwesareestudio/locations/asia-south1/operations/operation-1789229827626-65b4b884c17e5-97d52ade-6a0718ae [none]
[2026-09-12T16:17:14.076Z] <<< [apiv2][status] GET https://cloudfunctions.googleapis.com/v2/projects/eshwesareestudio/locations/asia-south1/operations/operation-1789229827625-65b4b884c126c-d1b6aef9-e001c9e2 200
[2026-09-12T16:17:14.077Z] <<< [apiv2][body] GET https://cloudfunctions.googleapis.com/v2/projects/eshwesareestudio/locations/asia-south1/operations/operation-1789229827625-65b4b884c126c-d1b6aef9-e001c9e2 {"name":"projects/eshwesareestudio/locations/asia-south1/operations/operation-1789229827625-65b4b884c126c-d1b6aef9-e001c9e2","metadata":{"@type":"type.googleapis.com/google.cloud.functions.v2.OperationMetadata","createTime":"2026-09-12T16:17:08.970950892Z","target":"projects/eshwesareestudio/locations/asia-south1/functions/verifyCustomerOtp","verb":"update","cancelRequested":false,"apiVersion":"v2","requestResource":{"@type":"type.googleapis.com/google.cloud.functions.v2.Function","name":"projects/eshwesareestudio/locations/asia-south1/functions/verifyCustomerOtp","buildConfig":{"runtime":"nodejs22","entryPoint":"verifyCustomerOtp","source":{"storageSource":{"bucket":"gcf-v2-sources-106884158684-asia-south1","object":"verifyCustomerOtp/function-source.zip","generation":"1789229828925425"}},"environmentVariables":{"GOOGLE_NODE_RUN_SCRIPTS":""},"dockerRepository":"projects/eshwesareestudio/locations/asia-south1/repositories/gcf-artifacts","sourceProvenance":{"resolvedStorageSource":{"bucket":"gcf-v2-sources-106884158684-asia-south1","object":"verifyCustomerOtp/function-source.zip","generation":"1789037073995711"}},"dockerRegistry":"ARTIFACT_REGISTRY","sourceToken":"Cldwcm9qZWN0cy8xMDY4ODQxNTg2ODQvbG9jYXRpb25zL2FzaWEtc291dGgxL2J1aWxkcy83NTM1NzQ0Mi1jOTNjLTRkZWItODQyOC05N2IwNDU0YjU4YTUSc2FzaWEtc291dGgxLWRvY2tlci5wa2cuZGV2L2VzaHdlc2FyZWVzdHVkaW8vZ2NmLWFydGlmYWN0cy9lc2h3ZXNhcmVlc3R1ZGlvX19hc2lhLS1zb3V0aDFfX2NoZWNrb3V0X3N0YXR1czp2ZXJzaW9uXzEY3Kmrlo4DIkhwcm9qZWN0cy9lc2h3ZXNhcmVlc3R1ZGlvL2xvY2F0aW9ucy9hc2lhLXNvdXRoMS9mdW5jdGlvbnMvY2hlY2tvdXRTdGF0dXMqCwj/9ZXVBhDYr64pMghub2RlanMyMjp2CiNnY3IuaW8vZ2FlLXJ1bnRpbWVzL25vZGVqczIyOnN0YWJsZRJPYXNpYS1zb3V0aDEtZG9ja2VyLnBrZy5kZXYvc2VydmVybGVzcy1ydW50aW1lcy9nb29nbGUtMjItZnVsbC9ydW50aW1lcy9ub2RlanMyMkAB","serviceAccount":"projects/eshwesareestudio/serviceAccounts/106884158684-compute@developer.gserviceaccount.com","automaticUpdatePolicy":{}},"serviceConfig":{"service":"projects/eshwesareestudio/locations/asia-south1/services/verifycustomerotp","timeoutSeconds":60,"environmentVariables":{"FIREBASE_CONFIG":"{\"projectId\":\"eshwesareestudio\",\"storageBucket\":\"eshwesareestudio.firebasestorage.app\"}","GCLOUD_PROJECT":"eshwesareestudio","EVENTARC_CLOUD_EVENT_SOURCE":"projects/eshwesareestudio/locations/asia-south1/services/verifyCustomerOtp","FUNCTION_REGION":"asia-south1","FUNCTION_TARGET":"verifyCustomerOtp","LOG_EXECUTION_ID":"true","FUNCTION_SIGNATURE_TYPE":"http"},"ingressSettings":"ALLOW_ALL","uri":"https://verifycustomerotp-n7x6wk6maa-el.a.run.app","serviceAccountEmail":"106884158684-compute@developer.gserviceaccount.com","availableMemory":"256Mi","allTrafficOnLatestRevision":true,"secretEnvironmentVariables":[{"key":"MSG91_AUTH_KEY","projectId":"eshwesareestudio","secret":"MSG91_AUTH_KEY","version":"1"}],"revision":"verifycustomerotp-00005-vey","maxInstanceRequestConcurrency":80,"availableCpu":"1"},"state":"ACTIVE","labels":{"deployment-tool":"cli-firebase","firebase-functions-hash":"dfb918a5ef846c88c82e4c100a033f23358f588c"},"environment":"GEN_2","url":"https://asia-south1-eshwesareestudio.cloudfunctions.net/verifyCustomerOtp","satisfiesPzs":true,"satisfiesPzi":true},"stages":[{"name":"BUILD","message":"Reusing build","state":"COMPLETE","resource":"projects/106884158684/locations/asia-south1/builds/75357442-c93c-4deb-8428-97b0454b58a5"},{"name":"SERVICE","message":"Updating Cloud Run service","state":"IN_PROGRESS","resource":"projects/eshwesareestudio/locations/asia-south1/services/verifycustomerotp","resourceUri":"https://console.cloud.google.com/run/detail/asia-south1/verifycustomerotp?project=eshwesareestudio","stateMessages":[{"severity":"INFO","type":"CloudRunServiceNewRevisionTrafficInfo","message":"A new revision will be deployed serving with 100% traffic."}]}],"sourceToken":"Cldwcm9qZWN0cy8xMDY4ODQxNTg2ODQvbG9jYXRpb25zL2FzaWEtc291dGgxL2J1aWxkcy83NTM1NzQ0Mi1jOTNjLTRkZWItODQyOC05N2IwNDU0YjU4YTUSc2FzaWEtc291dGgxLWRvY2tlci5wa2cuZGV2L2VzaHdlc2FyZWVzdHVkaW8vZ2NmLWFydGlmYWN0cy9lc2h3ZXNhcmVlc3R1ZGlvX19hc2lhLS1zb3V0aDFfX2NoZWNrb3V0X3N0YXR1czp2ZXJzaW9uXzEY3Kmrlo4DIkhwcm9qZWN0cy9lc2h3ZXNhcmVlc3R1ZGlvL2xvY2F0aW9ucy9hc2lhLXNvdXRoMS9mdW5jdGlvbnMvY2hlY2tvdXRTdGF0dXMqCwj/9ZXVBhDYr64pMghub2RlanMyMjp2CiNnY3IuaW8vZ2FlLXJ1bnRpbWVzL25vZGVqczIyOnN0YWJsZRJPYXNpYS1zb3V0aDEtZG9ja2VyLnBrZy5kZXYvc2VydmVybGVzcy1ydW50aW1lcy9nb29nbGUtMjItZnVsbC9ydW50aW1lcy9ub2RlanMyMkAB","operationType":"UPDATE_FUNCTION","buildName":"projects/106884158684/locations/asia-south1/builds/75357442-c93c-4deb-8428-97b0454b58a5"},"done":false}
[2026-09-12T16:17:14.077Z] Got source token Cldwcm9qZWN0cy8xMDY4ODQxNTg2ODQvbG9jYXRpb25zL2FzaWEtc291dGgxL2J1aWxkcy83NTM1NzQ0Mi1jOTNjLTRkZWItODQyOC05N2IwNDU0YjU4YTUSc2FzaWEtc291dGgxLWRvY2tlci5wa2cuZGV2L2VzaHdlc2FyZWVzdHVkaW8vZ2NmLWFydGlmYWN0cy9lc2h3ZXNhcmVlc3R1ZGlvX19hc2lhLS1zb3V0aDFfX2NoZWNrb3V0X3N0YXR1czp2ZXJzaW9uXzEY3Kmrlo4DIkhwcm9qZWN0cy9lc2h3ZXNhcmVlc3R1ZGlvL2xvY2F0aW9ucy9hc2lhLXNvdXRoMS9mdW5jdGlvbnMvY2hlY2tvdXRTdGF0dXMqCwj/9ZXVBhDYr64pMghub2RlanMyMjp2CiNnY3IuaW8vZ2FlLXJ1bnRpbWVzL25vZGVqczIyOnN0YWJsZRJPYXNpYS1zb3V0aDEtZG9ja2VyLnBrZy5kZXYvc2VydmVybGVzcy1ydW50aW1lcy9nb29nbGUtMjItZnVsbC9ydW50aW1lcy9ub2RlanMyMkAB for region asia-south1
[2026-09-12T16:17:14.138Z] [update-default-asia-south1-sendContactEmailNotification] Retrying task index 0
[2026-09-12T16:17:14.139Z] Checked if tokens are valid: true, expires at: 1789232947367
[2026-09-12T16:17:14.139Z] Checked if tokens are valid: true, expires at: 1789232947367
[2026-09-12T16:17:14.140Z] >>> [apiv2][query] GET https://cloudfunctions.googleapis.com/v2/projects/eshwesareestudio/locations/asia-south1/operations/operation-1789229827625-65b4b884c10b1-8bd4c1a9-bdd42450 [none]
[2026-09-12T16:17:14.326Z] <<< [apiv2][status] GET https://cloudfunctions.googleapis.com/v2/projects/eshwesareestudio/locations/asia-south1/operations/operation-1789229827629-65b4b884c231b-5a1e7120-cfff2b97 200
[2026-09-12T16:17:14.326Z] <<< [apiv2][body] GET https://cloudfunctions.googleapis.com/v2/projects/eshwesareestudio/locations/asia-south1/operations/operation-1789229827629-65b4b884c231b-5a1e7120-cfff2b97 {"name":"projects/eshwesareestudio/locations/asia-south1/operations/operation-1789229827629-65b4b884c231b-5a1e7120-cfff2b97","metadata":{"@type":"type.googleapis.com/google.cloud.functions.v2.OperationMetadata","createTime":"2026-09-12T16:17:08.916902978Z","target":"projects/eshwesareestudio/locations/asia-south1/functions/ownerProductAction","verb":"create","cancelRequested":false,"apiVersion":"v2","requestResource":{"@type":"type.googleapis.com/google.cloud.functions.v2.Function","name":"projects/eshwesareestudio/locations/asia-south1/functions/ownerProductAction","buildConfig":{"runtime":"nodejs22","entryPoint":"ownerProductAction","source":{"storageSource":{"bucket":"gcf-v2-sources-106884158684-asia-south1","object":"ownerProductAction/function-source.zip","generation":"1789229827833546"}},"environmentVariables":{"GOOGLE_NODE_RUN_SCRIPTS":""},"sourceToken":"Cldwcm9qZWN0cy8xMDY4ODQxNTg2ODQvbG9jYXRpb25zL2FzaWEtc291dGgxL2J1aWxkcy83NTM1NzQ0Mi1jOTNjLTRkZWItODQyOC05N2IwNDU0YjU4YTUSc2FzaWEtc291dGgxLWRvY2tlci5wa2cuZGV2L2VzaHdlc2FyZWVzdHVkaW8vZ2NmLWFydGlmYWN0cy9lc2h3ZXNhcmVlc3R1ZGlvX19hc2lhLS1zb3V0aDFfX2NoZWNrb3V0X3N0YXR1czp2ZXJzaW9uXzEY3Kmrlo4DIkhwcm9qZWN0cy9lc2h3ZXNhcmVlc3R1ZGlvL2xvY2F0aW9ucy9hc2lhLXNvdXRoMS9mdW5jdGlvbnMvY2hlY2tvdXRTdGF0dXMqCwj/9ZXVBhDYr64pMghub2RlanMyMjp2CiNnY3IuaW8vZ2FlLXJ1bnRpbWVzL25vZGVqczIyOnN0YWJsZRJPYXNpYS1zb3V0aDEtZG9ja2VyLnBrZy5kZXYvc2VydmVybGVzcy1ydW50aW1lcy9nb29nbGUtMjItZnVsbC9ydW50aW1lcy9ub2RlanMyMkAB","serviceAccount":"projects/eshwesareestudio/serviceAccounts/106884158684-compute@developer.gserviceaccount.com","automaticUpdatePolicy":{}},"serviceConfig":{"service":"projects/eshwesareestudio/locations/asia-south1/services/ownerproductaction","timeoutSeconds":60,"environmentVariables":{"FIREBASE_CONFIG":"{\"projectId\":\"eshwesareestudio\",\"storageBucket\":\"eshwesareestudio.firebasestorage.app\"}","GCLOUD_PROJECT":"eshwesareestudio","EVENTARC_CLOUD_EVENT_SOURCE":"projects/eshwesareestudio/locations/asia-south1/services/ownerProductAction","FUNCTION_REGION":"asia-south1","FUNCTION_TARGET":"ownerProductAction","LOG_EXECUTION_ID":"true","FUNCTION_SIGNATURE_TYPE":"http"},"ingressSettings":"ALLOW_ALL","serviceAccountEmail":"106884158684-compute@developer.gserviceaccount.com","availableMemory":"256Mi","maxInstanceRequestConcurrency":80,"availableCpu":"1"},"labels":{"deployment-tool":"cli-firebase","firebase-functions-hash":"dfb918a5ef846c88c82e4c100a033f23358f588c"},"environment":"GEN_2"},"stages":[{"name":"BUILD","message":"Reusing build","state":"COMPLETE","resource":"projects/106884158684/locations/asia-south1/builds/75357442-c93c-4deb-8428-97b0454b58a5"},{"name":"SERVICE","message":"Creating Cloud Run service","state":"IN_PROGRESS","resource":"projects/eshwesareestudio/locations/asia-south1/services/ownerproductaction","resourceUri":"https://console.cloud.google.com/run/detail/asia-south1/ownerproductaction?project=eshwesareestudio"}],"sourceToken":"Cldwcm9qZWN0cy8xMDY4ODQxNTg2ODQvbG9jYXRpb25zL2FzaWEtc291dGgxL2J1aWxkcy83NTM1NzQ0Mi1jOTNjLTRkZWItODQyOC05N2IwNDU0YjU4YTUSc2FzaWEtc291dGgxLWRvY2tlci5wa2cuZGV2L2VzaHdlc2FyZWVzdHVkaW8vZ2NmLWFydGlmYWN0cy9lc2h3ZXNhcmVlc3R1ZGlvX19hc2lhLS1zb3V0aDFfX2NoZWNrb3V0X3N0YXR1czp2ZXJzaW9uXzEY3Kmrlo4DIkhwcm9qZWN0cy9lc2h3ZXNhcmVlc3R1ZGlvL2xvY2F0aW9ucy9hc2lhLXNvdXRoMS9mdW5jdGlvbnMvY2hlY2tvdXRTdGF0dXMqCwj/9ZXVBhDYr64pMghub2RlanMyMjp2CiNnY3IuaW8vZ2FlLXJ1bnRpbWVzL25vZGVqczIyOnN0YWJsZRJPYXNpYS1zb3V0aDEtZG9ja2VyLnBrZy5kZXYvc2VydmVybGVzcy1ydW50aW1lcy9nb29nbGUtMjItZnVsbC9ydW50aW1lcy9ub2RlanMyMkAB","operationType":"CREATE_FUNCTION","buildName":"projects/106884158684/locations/asia-south1/builds/75357442-c93c-4deb-8428-97b0454b58a5"},"done":false}
[2026-09-12T16:17:14.326Z] Got source token Cldwcm9qZWN0cy8xMDY4ODQxNTg2ODQvbG9jYXRpb25zL2FzaWEtc291dGgxL2J1aWxkcy83NTM1NzQ0Mi1jOTNjLTRkZWItODQyOC05N2IwNDU0YjU4YTUSc2FzaWEtc291dGgxLWRvY2tlci5wa2cuZGV2L2VzaHdlc2FyZWVzdHVkaW8vZ2NmLWFydGlmYWN0cy9lc2h3ZXNhcmVlc3R1ZGlvX19hc2lhLS1zb3V0aDFfX2NoZWNrb3V0X3N0YXR1czp2ZXJzaW9uXzEY3Kmrlo4DIkhwcm9qZWN0cy9lc2h3ZXNhcmVlc3R1ZGlvL2xvY2F0aW9ucy9hc2lhLXNvdXRoMS9mdW5jdGlvbnMvY2hlY2tvdXRTdGF0dXMqCwj/9ZXVBhDYr64pMghub2RlanMyMjp2CiNnY3IuaW8vZ2FlLXJ1bnRpbWVzL25vZGVqczIyOnN0YWJsZRJPYXNpYS1zb3V0aDEtZG9ja2VyLnBrZy5kZXYvc2VydmVybGVzcy1ydW50aW1lcy9nb29nbGUtMjItZnVsbC9ydW50aW1lcy9ub2RlanMyMkAB for region asia-south1
[2026-09-12T16:17:14.329Z] <<< [apiv2][status] GET https://cloudfunctions.googleapis.com/v2/projects/eshwesareestudio/locations/asia-south1/operations/operation-1789229827712-65b4b884d66d1-78676f56-a702d825 200
[2026-09-12T16:17:14.329Z] <<< [apiv2][body] GET https://cloudfunctions.googleapis.com/v2/projects/eshwesareestudio/locations/asia-south1/operations/operation-1789229827712-65b4b884d66d1-78676f56-a702d825 {"name":"projects/eshwesareestudio/locations/asia-south1/operations/operation-1789229827712-65b4b884d66d1-78676f56-a702d825","metadata":{"@type":"type.googleapis.com/google.cloud.functions.v2.OperationMetadata","createTime":"2026-09-12T16:17:09.056725386Z","target":"projects/eshwesareestudio/locations/asia-south1/functions/razorpayAppCallback","verb":"update","cancelRequested":false,"apiVersion":"v2","requestResource":{"@type":"type.googleapis.com/google.cloud.functions.v2.Function","name":"projects/eshwesareestudio/locations/asia-south1/functions/razorpayAppCallback","buildConfig":{"runtime":"nodejs22","entryPoint":"razorpayAppCallback","source":{"storageSource":{"bucket":"gcf-v2-sources-106884158684-asia-south1","object":"razorpayAppCallback/function-source.zip","generation":"1789229829013283"}},"environmentVariables":{"GOOGLE_NODE_RUN_SCRIPTS":""},"dockerRepository":"projects/eshwesareestudio/locations/asia-south1/repositories/gcf-artifacts","sourceProvenance":{"resolvedStorageSource":{"bucket":"gcf-v2-sources-106884158684-asia-south1","object":"razorpayAppCallback/function-source.zip","generation":"1789037073984830"}},"dockerRegistry":"ARTIFACT_REGISTRY","sourceToken":"Cldwcm9qZWN0cy8xMDY4ODQxNTg2ODQvbG9jYXRpb25zL2FzaWEtc291dGgxL2J1aWxkcy83NTM1NzQ0Mi1jOTNjLTRkZWItODQyOC05N2IwNDU0YjU4YTUSc2FzaWEtc291dGgxLWRvY2tlci5wa2cuZGV2L2VzaHdlc2FyZWVzdHVkaW8vZ2NmLWFydGlmYWN0cy9lc2h3ZXNhcmVlc3R1ZGlvX19hc2lhLS1zb3V0aDFfX2NoZWNrb3V0X3N0YXR1czp2ZXJzaW9uXzEY3Kmrlo4DIkhwcm9qZWN0cy9lc2h3ZXNhcmVlc3R1ZGlvL2xvY2F0aW9ucy9hc2lhLXNvdXRoMS9mdW5jdGlvbnMvY2hlY2tvdXRTdGF0dXMqCwj/9ZXVBhDYr64pMghub2RlanMyMjp2CiNnY3IuaW8vZ2FlLXJ1bnRpbWVzL25vZGVqczIyOnN0YWJsZRJPYXNpYS1zb3V0aDEtZG9ja2VyLnBrZy5kZXYvc2VydmVybGVzcy1ydW50aW1lcy9nb29nbGUtMjItZnVsbC9ydW50aW1lcy9ub2RlanMyMkAB","serviceAccount":"projects/eshwesareestudio/serviceAccounts/106884158684-compute@developer.gserviceaccount.com","automaticUpdatePolicy":{}},"serviceConfig":{"service":"projects/eshwesareestudio/locations/asia-south1/services/razorpayappcallback","timeoutSeconds":60,"environmentVariables":{"FIREBASE_CONFIG":"{\"projectId\":\"eshwesareestudio\",\"storageBucket\":\"eshwesareestudio.firebasestorage.app\"}","GCLOUD_PROJECT":"eshwesareestudio","EVENTARC_CLOUD_EVENT_SOURCE":"projects/eshwesareestudio/locations/asia-south1/services/razorpayAppCallback","FUNCTION_REGION":"asia-south1","FUNCTION_TARGET":"razorpayAppCallback","LOG_EXECUTION_ID":"true","FUNCTION_SIGNATURE_TYPE":"http"},"ingressSettings":"ALLOW_ALL","uri":"https://razorpayappcallback-n7x6wk6maa-el.a.run.app","serviceAccountEmail":"106884158684-compute@developer.gserviceaccount.com","availableMemory":"256Mi","allTrafficOnLatestRevision":true,"secretEnvironmentVariables":[{"key":"RAZORPAY_KEY_SECRET","projectId":"eshwesareestudio","secret":"RAZORPAY_KEY_SECRET","version":"4"},{"key":"RAZORPAY_KEY_ID","projectId":"eshwesareestudio","secret":"RAZORPAY_KEY_ID","version":"4"}],"revision":"razorpayappcallback-00008-deg","maxInstanceRequestConcurrency":80,"availableCpu":"1"},"state":"ACTIVE","labels":{"deployment-tool":"cli-firebase","firebase-functions-hash":"7a9b9a7115660114738002785d5b32cccf95d19e"},"environment":"GEN_2","url":"https://asia-south1-eshwesareestudio.cloudfunctions.net/razorpayAppCallback","satisfiesPzs":true,"satisfiesPzi":true},"stages":[{"name":"BUILD","message":"Reusing build","state":"COMPLETE","resource":"projects/106884158684/locations/asia-south1/builds/75357442-c93c-4deb-8428-97b0454b58a5"},{"name":"SERVICE","message":"Updating Cloud Run service","state":"IN_PROGRESS","resource":"projects/eshwesareestudio/locations/asia-south1/services/razorpayappcallback","resourceUri":"https://console.cloud.google.com/run/detail/asia-south1/razorpayappcallback?project=eshwesareestudio","stateMessages":[{"severity":"INFO","type":"CloudRunServiceNewRevisionTrafficInfo","message":"A new revision will be deployed serving with 100% traffic."}]}],"sourceToken":"Cldwcm9qZWN0cy8xMDY4ODQxNTg2ODQvbG9jYXRpb25zL2FzaWEtc291dGgxL2J1aWxkcy83NTM1NzQ0Mi1jOTNjLTRkZWItODQyOC05N2IwNDU0YjU4YTUSc2FzaWEtc291dGgxLWRvY2tlci5wa2cuZGV2L2VzaHdlc2FyZWVzdHVkaW8vZ2NmLWFydGlmYWN0cy9lc2h3ZXNhcmVlc3R1ZGlvX19hc2lhLS1zb3V0aDFfX2NoZWNrb3V0X3N0YXR1czp2ZXJzaW9uXzEY3Kmrlo4DIkhwcm9qZWN0cy9lc2h3ZXNhcmVlc3R1ZGlvL2xvY2F0aW9ucy9hc2lhLXNvdXRoMS9mdW5jdGlvbnMvY2hlY2tvdXRTdGF0dXMqCwj/9ZXVBhDYr64pMghub2RlanMyMjp2CiNnY3IuaW8vZ2FlLXJ1bnRpbWVzL25vZGVqczIyOnN0YWJsZRJPYXNpYS1zb3V0aDEtZG9ja2VyLnBrZy5kZXYvc2VydmVybGVzcy1ydW50aW1lcy9nb29nbGUtMjItZnVsbC9ydW50aW1lcy9ub2RlanMyMkAB","operationType":"UPDATE_FUNCTION","buildName":"projects/106884158684/locations/asia-south1/builds/75357442-c93c-4deb-8428-97b0454b58a5"},"done":false}
[2026-09-12T16:17:14.329Z] Got source token Cldwcm9qZWN0cy8xMDY4ODQxNTg2ODQvbG9jYXRpb25zL2FzaWEtc291dGgxL2J1aWxkcy83NTM1NzQ0Mi1jOTNjLTRkZWItODQyOC05N2IwNDU0YjU4YTUSc2FzaWEtc291dGgxLWRvY2tlci5wa2cuZGV2L2VzaHdlc2FyZWVzdHVkaW8vZ2NmLWFydGlmYWN0cy9lc2h3ZXNhcmVlc3R1ZGlvX19hc2lhLS1zb3V0aDFfX2NoZWNrb3V0X3N0YXR1czp2ZXJzaW9uXzEY3Kmrlo4DIkhwcm9qZWN0cy9lc2h3ZXNhcmVlc3R1ZGlvL2xvY2F0aW9ucy9hc2lhLXNvdXRoMS9mdW5jdGlvbnMvY2hlY2tvdXRTdGF0dXMqCwj/9ZXVBhDYr64pMghub2RlanMyMjp2CiNnY3IuaW8vZ2FlLXJ1bnRpbWVzL25vZGVqczIyOnN0YWJsZRJPYXNpYS1zb3V0aDEtZG9ja2VyLnBrZy5kZXYvc2VydmVybGVzcy1ydW50aW1lcy9nb29nbGUtMjItZnVsbC9ydW50aW1lcy9ub2RlanMyMkAB for region asia-south1
[2026-09-12T16:17:14.566Z] <<< [apiv2][status] GET https://cloudfunctions.googleapis.com/v2/projects/eshwesareestudio/locations/asia-south1/operations/operation-1789229827626-65b4b884c17e5-97d52ade-6a0718ae 200
[2026-09-12T16:17:14.566Z] <<< [apiv2][body] GET https://cloudfunctions.googleapis.com/v2/projects/eshwesareestudio/locations/asia-south1/operations/operation-1789229827626-65b4b884c17e5-97d52ade-6a0718ae {"name":"projects/eshwesareestudio/locations/asia-south1/operations/operation-1789229827626-65b4b884c17e5-97d52ade-6a0718ae","metadata":{"@type":"type.googleapis.com/google.cloud.functions.v2.OperationMetadata","createTime":"2026-09-12T16:17:09.188888610Z","target":"projects/eshwesareestudio/locations/asia-south1/functions/sendCustomerOtp","verb":"update","cancelRequested":false,"apiVersion":"v2","requestResource":{"@type":"type.googleapis.com/google.cloud.functions.v2.Function","name":"projects/eshwesareestudio/locations/asia-south1/functions/sendCustomerOtp","buildConfig":{"runtime":"nodejs22","entryPoint":"sendCustomerOtp","source":{"storageSource":{"bucket":"gcf-v2-sources-106884158684-asia-south1","object":"sendCustomerOtp/function-source.zip","generation":"1789229829146571"}},"environmentVariables":{"GOOGLE_NODE_RUN_SCRIPTS":""},"dockerRepository":"projects/eshwesareestudio/locations/asia-south1/repositories/gcf-artifacts","sourceProvenance":{"resolvedStorageSource":{"bucket":"gcf-v2-sources-106884158684-asia-south1","object":"sendCustomerOtp/function-source.zip","generation":"1789046773389124"}},"dockerRegistry":"ARTIFACT_REGISTRY","sourceToken":"Cldwcm9qZWN0cy8xMDY4ODQxNTg2ODQvbG9jYXRpb25zL2FzaWEtc291dGgxL2J1aWxkcy83NTM1NzQ0Mi1jOTNjLTRkZWItODQyOC05N2IwNDU0YjU4YTUSc2FzaWEtc291dGgxLWRvY2tlci5wa2cuZGV2L2VzaHdlc2FyZWVzdHVkaW8vZ2NmLWFydGlmYWN0cy9lc2h3ZXNhcmVlc3R1ZGlvX19hc2lhLS1zb3V0aDFfX2NoZWNrb3V0X3N0YXR1czp2ZXJzaW9uXzEY3Kmrlo4DIkhwcm9qZWN0cy9lc2h3ZXNhcmVlc3R1ZGlvL2xvY2F0aW9ucy9hc2lhLXNvdXRoMS9mdW5jdGlvbnMvY2hlY2tvdXRTdGF0dXMqCwj/9ZXVBhDYr64pMghub2RlanMyMjp2CiNnY3IuaW8vZ2FlLXJ1bnRpbWVzL25vZGVqczIyOnN0YWJsZRJPYXNpYS1zb3V0aDEtZG9ja2VyLnBrZy5kZXYvc2VydmVybGVzcy1ydW50aW1lcy9nb29nbGUtMjItZnVsbC9ydW50aW1lcy9ub2RlanMyMkAB","serviceAccount":"projects/eshwesareestudio/serviceAccounts/106884158684-compute@developer.gserviceaccount.com","automaticUpdatePolicy":{}},"serviceConfig":{"service":"projects/eshwesareestudio/locations/asia-south1/services/sendcustomerotp","timeoutSeconds":60,"environmentVariables":{"FIREBASE_CONFIG":"{\"projectId\":\"eshwesareestudio\",\"storageBucket\":\"eshwesareestudio.firebasestorage.app\"}","GCLOUD_PROJECT":"eshwesareestudio","EVENTARC_CLOUD_EVENT_SOURCE":"projects/eshwesareestudio/locations/asia-south1/services/sendCustomerOtp","FUNCTION_REGION":"asia-south1","FUNCTION_TARGET":"sendCustomerOtp","LOG_EXECUTION_ID":"true","FUNCTION_SIGNATURE_TYPE":"http"},"ingressSettings":"ALLOW_ALL","uri":"https://sendcustomerotp-n7x6wk6maa-el.a.run.app","serviceAccountEmail":"106884158684-compute@developer.gserviceaccount.com","availableMemory":"256Mi","allTrafficOnLatestRevision":true,"secretEnvironmentVariables":[{"key":"MSG91_AUTH_KEY","projectId":"eshwesareestudio","secret":"MSG91_AUTH_KEY","version":"1"},{"key":"MSG91_OTP_TEMPLATE_ID","projectId":"eshwesareestudio","secret":"MSG91_OTP_TEMPLATE_ID","version":"2"}],"revision":"sendcustomerotp-00006-bel","maxInstanceRequestConcurrency":80,"availableCpu":"1"},"state":"ACTIVE","labels":{"deployment-tool":"cli-firebase","firebase-functions-hash":"bce7731a43ae1fae479c1e6fc4c1759214a42bce"},"environment":"GEN_2","url":"https://asia-south1-eshwesareestudio.cloudfunctions.net/sendCustomerOtp","satisfiesPzs":true,"satisfiesPzi":true},"stages":[{"name":"BUILD","message":"Reusing build","state":"COMPLETE","resource":"projects/106884158684/locations/asia-south1/builds/75357442-c93c-4deb-8428-97b0454b58a5"},{"name":"SERVICE","message":"Updating Cloud Run service","state":"IN_PROGRESS","resource":"projects/eshwesareestudio/locations/asia-south1/services/sendcustomerotp","resourceUri":"https://console.cloud.google.com/run/detail/asia-south1/sendcustomerotp?project=eshwesareestudio","stateMessages":[{"severity":"INFO","type":"CloudRunServiceNewRevisionTrafficInfo","message":"A new revision will be deployed serving with 100% traffic."}]}],"sourceToken":"Cldwcm9qZWN0cy8xMDY4ODQxNTg2ODQvbG9jYXRpb25zL2FzaWEtc291dGgxL2J1aWxkcy83NTM1NzQ0Mi1jOTNjLTRkZWItODQyOC05N2IwNDU0YjU4YTUSc2FzaWEtc291dGgxLWRvY2tlci5wa2cuZGV2L2VzaHdlc2FyZWVzdHVkaW8vZ2NmLWFydGlmYWN0cy9lc2h3ZXNhcmVlc3R1ZGlvX19hc2lhLS1zb3V0aDFfX2NoZWNrb3V0X3N0YXR1czp2ZXJzaW9uXzEY3Kmrlo4DIkhwcm9qZWN0cy9lc2h3ZXNhcmVlc3R1ZGlvL2xvY2F0aW9ucy9hc2lhLXNvdXRoMS9mdW5jdGlvbnMvY2hlY2tvdXRTdGF0dXMqCwj/9ZXVBhDYr64pMghub2RlanMyMjp2CiNnY3IuaW8vZ2FlLXJ1bnRpbWVzL25vZGVqczIyOnN0YWJsZRJPYXNpYS1zb3V0aDEtZG9ja2VyLnBrZy5kZXYvc2VydmVybGVzcy1ydW50aW1lcy9nb29nbGUtMjItZnVsbC9ydW50aW1lcy9ub2RlanMyMkAB","operationType":"UPDATE_FUNCTION","buildName":"projects/106884158684/locations/asia-south1/builds/75357442-c93c-4deb-8428-97b0454b58a5"},"done":false}
[2026-09-12T16:17:14.566Z] Got source token Cldwcm9qZWN0cy8xMDY4ODQxNTg2ODQvbG9jYXRpb25zL2FzaWEtc291dGgxL2J1aWxkcy83NTM1NzQ0Mi1jOTNjLTRkZWItODQyOC05N2IwNDU0YjU4YTUSc2FzaWEtc291dGgxLWRvY2tlci5wa2cuZGV2L2VzaHdlc2FyZWVzdHVkaW8vZ2NmLWFydGlmYWN0cy9lc2h3ZXNhcmVlc3R1ZGlvX19hc2lhLS1zb3V0aDFfX2NoZWNrb3V0X3N0YXR1czp2ZXJzaW9uXzEY3Kmrlo4DIkhwcm9qZWN0cy9lc2h3ZXNhcmVlc3R1ZGlvL2xvY2F0aW9ucy9hc2lhLXNvdXRoMS9mdW5jdGlvbnMvY2hlY2tvdXRTdGF0dXMqCwj/9ZXVBhDYr64pMghub2RlanMyMjp2CiNnY3IuaW8vZ2FlLXJ1bnRpbWVzL25vZGVqczIyOnN0YWJsZRJPYXNpYS1zb3V0aDEtZG9ja2VyLnBrZy5kZXYvc2VydmVybGVzcy1ydW50aW1lcy9nb29nbGUtMjItZnVsbC9ydW50aW1lcy9ub2RlanMyMkAB for region asia-south1
[2026-09-12T16:17:14.588Z] <<< [apiv2][status] GET https://cloudfunctions.googleapis.com/v2/projects/eshwesareestudio/locations/asia-south1/operations/operation-1789229827625-65b4b884c10b1-8bd4c1a9-bdd42450 200
[2026-09-12T16:17:14.588Z] <<< [apiv2][body] GET https://cloudfunctions.googleapis.com/v2/projects/eshwesareestudio/locations/asia-south1/operations/operation-1789229827625-65b4b884c10b1-8bd4c1a9-bdd42450 {"name":"projects/eshwesareestudio/locations/asia-south1/operations/operation-1789229827625-65b4b884c10b1-8bd4c1a9-bdd42450","metadata":{"@type":"type.googleapis.com/google.cloud.functions.v2.OperationMetadata","createTime":"2026-09-12T16:17:09.256731354Z","target":"projects/eshwesareestudio/locations/asia-south1/functions/sendContactEmailNotification","verb":"update","cancelRequested":false,"apiVersion":"v2","requestResource":{"@type":"type.googleapis.com/google.cloud.functions.v2.Function","name":"projects/eshwesareestudio/locations/asia-south1/functions/sendContactEmailNotification","buildConfig":{"runtime":"nodejs22","entryPoint":"sendContactEmailNotification","source":{"storageSource":{"bucket":"gcf-v2-sources-106884158684-asia-south1","object":"sendContactEmailNotification/function-source.zip","generation":"1789229829219353"}},"environmentVariables":{"GOOGLE_NODE_RUN_SCRIPTS":""},"dockerRepository":"projects/eshwesareestudio/locations/asia-south1/repositories/gcf-artifacts","sourceProvenance":{"resolvedStorageSource":{"bucket":"gcf-v2-sources-106884158684-asia-south1","object":"sendContactEmailNotification/function-source.zip","generation":"1788596247997556"}},"dockerRegistry":"ARTIFACT_REGISTRY","sourceToken":"Cldwcm9qZWN0cy8xMDY4ODQxNTg2ODQvbG9jYXRpb25zL2FzaWEtc291dGgxL2J1aWxkcy83NTM1NzQ0Mi1jOTNjLTRkZWItODQyOC05N2IwNDU0YjU4YTUSc2FzaWEtc291dGgxLWRvY2tlci5wa2cuZGV2L2VzaHdlc2FyZWVzdHVkaW8vZ2NmLWFydGlmYWN0cy9lc2h3ZXNhcmVlc3R1ZGlvX19hc2lhLS1zb3V0aDFfX2NoZWNrb3V0X3N0YXR1czp2ZXJzaW9uXzEY3Kmrlo4DIkhwcm9qZWN0cy9lc2h3ZXNhcmVlc3R1ZGlvL2xvY2F0aW9ucy9hc2lhLXNvdXRoMS9mdW5jdGlvbnMvY2hlY2tvdXRTdGF0dXMqCwj/9ZXVBhDYr64pMghub2RlanMyMjp2CiNnY3IuaW8vZ2FlLXJ1bnRpbWVzL25vZGVqczIyOnN0YWJsZRJPYXNpYS1zb3V0aDEtZG9ja2VyLnBrZy5kZXYvc2VydmVybGVzcy1ydW50aW1lcy9nb29nbGUtMjItZnVsbC9ydW50aW1lcy9ub2RlanMyMkAB","serviceAccount":"projects/eshwesareestudio/serviceAccounts/106884158684-compute@developer.gserviceaccount.com","automaticUpdatePolicy":{}},"serviceConfig":{"service":"projects/eshwesareestudio/locations/asia-south1/services/sendcontactemailnotification","timeoutSeconds":60,"environmentVariables":{"FIREBASE_CONFIG":"{\"projectId\":\"eshwesareestudio\",\"storageBucket\":\"eshwesareestudio.firebasestorage.app\"}","GCLOUD_PROJECT":"eshwesareestudio","EVENTARC_CLOUD_EVENT_SOURCE":"projects/eshwesareestudio/locations/asia-south1/services/sendContactEmailNotification","FUNCTION_REGION":"asia-south1","FUNCTION_SIGNATURE_TYPE":"cloudevent","FUNCTION_TARGET":"sendContactEmailNotification","LOG_EXECUTION_ID":"true"},"ingressSettings":"ALLOW_ALL","uri":"https://sendcontactemailnotification-n7x6wk6maa-el.a.run.app","serviceAccountEmail":"106884158684-compute@developer.gserviceaccount.com","availableMemory":"256Mi","allTrafficOnLatestRevision":true,"secretEnvironmentVariables":[{"key":"CONTACT_SMTP_PASSWORD","projectId":"eshwesareestudio","secret":"CONTACT_SMTP_PASSWORD","version":"1"}],"revision":"sendcontactemailnotification-00001-qal","maxInstanceRequestConcurrency":80,"availableCpu":"1"},"eventTrigger":{"trigger":"projects/eshwesareestudio/locations/nam5/triggers/sendcontactemailnotification-186952","triggerRegion":"nam5","eventType":"google.cloud.firestore.document.v1.created","eventFilters":[{"attribute":"database","value":"(default)"},{"attribute":"namespace","value":"(default)"},{"attribute":"document","value":"customerMessages/{messageId}","operator":"match-path-pattern"}],"pubsubTopic":"projects/eshwesareestudio/topics/eventarc-nam5-sendcontactemailnotification-186952-960","serviceAccountEmail":"106884158684-compute@developer.gserviceaccount.com","retryPolicy":"RETRY_POLICY_DO_NOT_RETRY"},"state":"ACTIVE","labels":{"deployment-tool":"cli-firebase","firebase-functions-hash":"029f533012d370aeb7006771c6739d48e1024cd1"},"environment":"GEN_2","url":"https://asia-south1-eshwesareestudio.cloudfunctions.net/sendContactEmailNotification","satisfiesPzs":true,"satisfiesPzi":true},"stages":[{"name":"BUILD","message":"Reusing build","state":"COMPLETE","resource":"projects/106884158684/locations/asia-south1/builds/75357442-c93c-4deb-8428-97b0454b58a5"},{"name":"SERVICE","message":"Updating Cloud Run service","state":"IN_PROGRESS","resource":"projects/eshwesareestudio/locations/asia-south1/services/sendcontactemailnotification","resourceUri":"https://console.cloud.google.com/run/detail/asia-south1/sendcontactemailnotification?project=eshwesareestudio","stateMessages":[{"severity":"INFO","type":"CloudRunServiceNewRevisionTrafficInfo","message":"A new revision will be deployed serving with 100% traffic."}]},{"name":"TRIGGER","state":"NOT_STARTED"}],"sourceToken":"Cldwcm9qZWN0cy8xMDY4ODQxNTg2ODQvbG9jYXRpb25zL2FzaWEtc291dGgxL2J1aWxkcy83NTM1NzQ0Mi1jOTNjLTRkZWItODQyOC05N2IwNDU0YjU4YTUSc2FzaWEtc291dGgxLWRvY2tlci5wa2cuZGV2L2VzaHdlc2FyZWVzdHVkaW8vZ2NmLWFydGlmYWN0cy9lc2h3ZXNhcmVlc3R1ZGlvX19hc2lhLS1zb3V0aDFfX2NoZWNrb3V0X3N0YXR1czp2ZXJzaW9uXzEY3Kmrlo4DIkhwcm9qZWN0cy9lc2h3ZXNhcmVlc3R1ZGlvL2xvY2F0aW9ucy9hc2lhLXNvdXRoMS9mdW5jdGlvbnMvY2hlY2tvdXRTdGF0dXMqCwj/9ZXVBhDYr64pMghub2RlanMyMjp2CiNnY3IuaW8vZ2FlLXJ1bnRpbWVzL25vZGVqczIyOnN0YWJsZRJPYXNpYS1zb3V0aDEtZG9ja2VyLnBrZy5kZXYvc2VydmVybGVzcy1ydW50aW1lcy9nb29nbGUtMjItZnVsbC9ydW50aW1lcy9ub2RlanMyMkAB","operationType":"UPDATE_FUNCTION","buildName":"projects/106884158684/locations/asia-south1/builds/75357442-c93c-4deb-8428-97b0454b58a5"},"done":false}
[2026-09-12T16:17:14.588Z] Got source token Cldwcm9qZWN0cy8xMDY4ODQxNTg2ODQvbG9jYXRpb25zL2FzaWEtc291dGgxL2J1aWxkcy83NTM1NzQ0Mi1jOTNjLTRkZWItODQyOC05N2IwNDU0YjU4YTUSc2FzaWEtc291dGgxLWRvY2tlci5wa2cuZGV2L2VzaHdlc2FyZWVzdHVkaW8vZ2NmLWFydGlmYWN0cy9lc2h3ZXNhcmVlc3R1ZGlvX19hc2lhLS1zb3V0aDFfX2NoZWNrb3V0X3N0YXR1czp2ZXJzaW9uXzEY3Kmrlo4DIkhwcm9qZWN0cy9lc2h3ZXNhcmVlc3R1ZGlvL2xvY2F0aW9ucy9hc2lhLXNvdXRoMS9mdW5jdGlvbnMvY2hlY2tvdXRTdGF0dXMqCwj/9ZXVBhDYr64pMghub2RlanMyMjp2CiNnY3IuaW8vZ2FlLXJ1bnRpbWVzL25vZGVqczIyOnN0YWJsZRJPYXNpYS1zb3V0aDEtZG9ja2VyLnBrZy5kZXYvc2VydmVybGVzcy1ydW50aW1lcy9nb29nbGUtMjItZnVsbC9ydW50aW1lcy9ub2RlanMyMkAB for region asia-south1
[2026-09-12T16:17:15.851Z] [update-default-asia-south1-razorpayWebhook] Retrying task index 0
[2026-09-12T16:17:15.851Z] Checked if tokens are valid: true, expires at: 1789232947367
[2026-09-12T16:17:15.851Z] Checked if tokens are valid: true, expires at: 1789232947367
[2026-09-12T16:17:15.851Z] >>> [apiv2][query] GET https://cloudfunctions.googleapis.com/v2/projects/eshwesareestudio/locations/asia-south1/operations/operation-1789229827682-65b4b884cef92-fe6a0883-66dd5f41 [none]
[2026-09-12T16:17:16.001Z] <<< [apiv2][status] GET https://cloudfunctions.googleapis.com/v2/projects/eshwesareestudio/locations/asia-south1/operations/operation-1789229827682-65b4b884cef92-fe6a0883-66dd5f41 200
[2026-09-12T16:17:16.001Z] <<< [apiv2][body] GET https://cloudfunctions.googleapis.com/v2/projects/eshwesareestudio/locations/asia-south1/operations/operation-1789229827682-65b4b884cef92-fe6a0883-66dd5f41 {"name":"projects/eshwesareestudio/locations/asia-south1/operations/operation-1789229827682-65b4b884cef92-fe6a0883-66dd5f41","metadata":{"@type":"type.googleapis.com/google.cloud.functions.v2.OperationMetadata","createTime":"2026-09-12T16:17:09.085558917Z","target":"projects/eshwesareestudio/locations/asia-south1/functions/razorpayWebhook","verb":"update","cancelRequested":false,"apiVersion":"v2","requestResource":{"@type":"type.googleapis.com/google.cloud.functions.v2.Function","name":"projects/eshwesareestudio/locations/asia-south1/functions/razorpayWebhook","buildConfig":{"runtime":"nodejs22","entryPoint":"razorpayWebhook","source":{"storageSource":{"bucket":"gcf-v2-sources-106884158684-asia-south1","object":"razorpayWebhook/function-source.zip","generation":"1789229829044706"}},"environmentVariables":{"GOOGLE_NODE_RUN_SCRIPTS":""},"dockerRepository":"projects/eshwesareestudio/locations/asia-south1/repositories/gcf-artifacts","sourceProvenance":{"resolvedStorageSource":{"bucket":"gcf-v2-sources-106884158684-asia-south1","object":"razorpayWebhook/function-source.zip","generation":"1789037073466889"}},"dockerRegistry":"ARTIFACT_REGISTRY","sourceToken":"Cldwcm9qZWN0cy8xMDY4ODQxNTg2ODQvbG9jYXRpb25zL2FzaWEtc291dGgxL2J1aWxkcy83NTM1NzQ0Mi1jOTNjLTRkZWItODQyOC05N2IwNDU0YjU4YTUSc2FzaWEtc291dGgxLWRvY2tlci5wa2cuZGV2L2VzaHdlc2FyZWVzdHVkaW8vZ2NmLWFydGlmYWN0cy9lc2h3ZXNhcmVlc3R1ZGlvX19hc2lhLS1zb3V0aDFfX2NoZWNrb3V0X3N0YXR1czp2ZXJzaW9uXzEY3Kmrlo4DIkhwcm9qZWN0cy9lc2h3ZXNhcmVlc3R1ZGlvL2xvY2F0aW9ucy9hc2lhLXNvdXRoMS9mdW5jdGlvbnMvY2hlY2tvdXRTdGF0dXMqCwj/9ZXVBhDYr64pMghub2RlanMyMjp2CiNnY3IuaW8vZ2FlLXJ1bnRpbWVzL25vZGVqczIyOnN0YWJsZRJPYXNpYS1zb3V0aDEtZG9ja2VyLnBrZy5kZXYvc2VydmVybGVzcy1ydW50aW1lcy9nb29nbGUtMjItZnVsbC9ydW50aW1lcy9ub2RlanMyMkAB","serviceAccount":"projects/eshwesareestudio/serviceAccounts/106884158684-compute@developer.gserviceaccount.com","automaticUpdatePolicy":{}},"serviceConfig":{"service":"projects/eshwesareestudio/locations/asia-south1/services/razorpaywebhook","timeoutSeconds":60,"environmentVariables":{"FIREBASE_CONFIG":"{\"projectId\":\"eshwesareestudio\",\"storageBucket\":\"eshwesareestudio.firebasestorage.app\"}","GCLOUD_PROJECT":"eshwesareestudio","EVENTARC_CLOUD_EVENT_SOURCE":"projects/eshwesareestudio/locations/asia-south1/services/razorpayWebhook","FUNCTION_REGION":"asia-south1","FUNCTION_TARGET":"razorpayWebhook","LOG_EXECUTION_ID":"true","FUNCTION_SIGNATURE_TYPE":"http"},"ingressSettings":"ALLOW_ALL","uri":"https://razorpaywebhook-n7x6wk6maa-el.a.run.app","serviceAccountEmail":"106884158684-compute@developer.gserviceaccount.com","availableMemory":"256Mi","allTrafficOnLatestRevision":true,"secretEnvironmentVariables":[{"key":"RAZORPAY_WEBHOOK_SECRET","projectId":"eshwesareestudio","secret":"RAZORPAY_WEBHOOK_SECRET","version":"2"},{"key":"RAZORPAY_KEY_ID","projectId":"eshwesareestudio","secret":"RAZORPAY_KEY_ID","version":"4"},{"key":"RAZORPAY_KEY_SECRET","projectId":"eshwesareestudio","secret":"RAZORPAY_KEY_SECRET","version":"4"}],"revision":"razorpaywebhook-00015-lum","maxInstanceRequestConcurrency":80,"availableCpu":"1"},"state":"ACTIVE","labels":{"deployment-tool":"cli-firebase","firebase-functions-hash":"c109d28cd0095e75b9624121c2323575d524b77c"},"environment":"GEN_2","url":"https://asia-south1-eshwesareestudio.cloudfunctions.net/razorpayWebhook","satisfiesPzs":true,"satisfiesPzi":true},"stages":[{"name":"BUILD","message":"Reusing build","state":"COMPLETE","resource":"projects/106884158684/locations/asia-south1/builds/75357442-c93c-4deb-8428-97b0454b58a5"},{"name":"SERVICE","message":"Updating Cloud Run service","state":"IN_PROGRESS","resource":"projects/eshwesareestudio/locations/asia-south1/services/razorpaywebhook","resourceUri":"https://console.cloud.google.com/run/detail/asia-south1/razorpaywebhook?project=eshwesareestudio","stateMessages":[{"severity":"INFO","type":"CloudRunServiceNewRevisionTrafficInfo","message":"A new revision will be deployed serving with 100% traffic."}]}],"sourceToken":"Cldwcm9qZWN0cy8xMDY4ODQxNTg2ODQvbG9jYXRpb25zL2FzaWEtc291dGgxL2J1aWxkcy83NTM1NzQ0Mi1jOTNjLTRkZWItODQyOC05N2IwNDU0YjU4YTUSc2FzaWEtc291dGgxLWRvY2tlci5wa2cuZGV2L2VzaHdlc2FyZWVzdHVkaW8vZ2NmLWFydGlmYWN0cy9lc2h3ZXNhcmVlc3R1ZGlvX19hc2lhLS1zb3V0aDFfX2NoZWNrb3V0X3N0YXR1czp2ZXJzaW9uXzEY3Kmrlo4DIkhwcm9qZWN0cy9lc2h3ZXNhcmVlc3R1ZGlvL2xvY2F0aW9ucy9hc2lhLXNvdXRoMS9mdW5jdGlvbnMvY2hlY2tvdXRTdGF0dXMqCwj/9ZXVBhDYr64pMghub2RlanMyMjp2CiNnY3IuaW8vZ2FlLXJ1bnRpbWVzL25vZGVqczIyOnN0YWJsZRJPYXNpYS1zb3V0aDEtZG9ja2VyLnBrZy5kZXYvc2VydmVybGVzcy1ydW50aW1lcy9nb29nbGUtMjItZnVsbC9ydW50aW1lcy9ub2RlanMyMkAB","operationType":"UPDATE_FUNCTION","buildName":"projects/106884158684/locations/asia-south1/builds/75357442-c93c-4deb-8428-97b0454b58a5"},"done":false}
[2026-09-12T16:17:16.001Z] Got source token Cldwcm9qZWN0cy8xMDY4ODQxNTg2ODQvbG9jYXRpb25zL2FzaWEtc291dGgxL2J1aWxkcy83NTM1NzQ0Mi1jOTNjLTRkZWItODQyOC05N2IwNDU0YjU4YTUSc2FzaWEtc291dGgxLWRvY2tlci5wa2cuZGV2L2VzaHdlc2FyZWVzdHVkaW8vZ2NmLWFydGlmYWN0cy9lc2h3ZXNhcmVlc3R1ZGlvX19hc2lhLS1zb3V0aDFfX2NoZWNrb3V0X3N0YXR1czp2ZXJzaW9uXzEY3Kmrlo4DIkhwcm9qZWN0cy9lc2h3ZXNhcmVlc3R1ZGlvL2xvY2F0aW9ucy9hc2lhLXNvdXRoMS9mdW5jdGlvbnMvY2hlY2tvdXRTdGF0dXMqCwj/9ZXVBhDYr64pMghub2RlanMyMjp2CiNnY3IuaW8vZ2FlLXJ1bnRpbWVzL25vZGVqczIyOnN0YWJsZRJPYXNpYS1zb3V0aDEtZG9ja2VyLnBrZy5kZXYvc2VydmVybGVzcy1ydW50aW1lcy9nb29nbGUtMjItZnVsbC9ydW50aW1lcy9ub2RlanMyMkAB for region asia-south1
[2026-09-12T16:17:17.057Z] [create-default-asia-south1-checkoutStatus] Retrying task index 0
[2026-09-12T16:17:17.058Z] Checked if tokens are valid: true, expires at: 1789232947367
[2026-09-12T16:17:17.058Z] Checked if tokens are valid: true, expires at: 1789232947367
[2026-09-12T16:17:17.058Z] >>> [apiv2][query] GET https://cloudfunctions.googleapis.com/v2/projects/eshwesareestudio/locations/asia-south1/operations/operation-1789229775001-65b4b85291870-9f137840-076e7852 [none]
[2026-09-12T16:17:17.498Z] [update-default-asia-south1-createRazorpayOrder] Retrying task index 0
[2026-09-12T16:17:17.499Z] Checked if tokens are valid: true, expires at: 1789232947367
[2026-09-12T16:17:17.499Z] Checked if tokens are valid: true, expires at: 1789232947367
[2026-09-12T16:17:17.499Z] >>> [apiv2][query] GET https://cloudfunctions.googleapis.com/v2/projects/eshwesareestudio/locations/asia-south1/operations/operation-1789229827360-65b4b88480615-744c0c11-8030325e [none]
[2026-09-12T16:17:17.508Z] <<< [apiv2][status] GET https://cloudfunctions.googleapis.com/v2/projects/eshwesareestudio/locations/asia-south1/operations/operation-1789229775001-65b4b85291870-9f137840-076e7852 200
[2026-09-12T16:17:17.508Z] <<< [apiv2][body] GET https://cloudfunctions.googleapis.com/v2/projects/eshwesareestudio/locations/asia-south1/operations/operation-1789229775001-65b4b85291870-9f137840-076e7852 {"name":"projects/eshwesareestudio/locations/asia-south1/operations/operation-1789229775001-65b4b85291870-9f137840-076e7852","metadata":{"@type":"type.googleapis.com/google.cloud.functions.v2.OperationMetadata","createTime":"2026-09-12T16:16:16.028176945Z","endTime":"2026-09-12T16:17:15.143555877Z","target":"projects/eshwesareestudio/locations/asia-south1/functions/checkoutStatus","verb":"create","cancelRequested":false,"apiVersion":"v2","requestResource":{"@type":"type.googleapis.com/google.cloud.functions.v2.Function","name":"projects/eshwesareestudio/locations/asia-south1/functions/checkoutStatus","buildConfig":{"runtime":"nodejs22","entryPoint":"checkoutStatus","source":{"storageSource":{"bucket":"gcf-v2-sources-106884158684-asia-south1","object":"checkoutStatus/function-source.zip","generation":"1789229775254039"}},"environmentVariables":{"GOOGLE_NODE_RUN_SCRIPTS":""},"serviceAccount":"projects/eshwesareestudio/serviceAccounts/106884158684-compute@developer.gserviceaccount.com","automaticUpdatePolicy":{}},"serviceConfig":{"service":"projects/eshwesareestudio/locations/asia-south1/services/checkoutstatus","timeoutSeconds":60,"environmentVariables":{"FIREBASE_CONFIG":"{\"projectId\":\"eshwesareestudio\",\"storageBucket\":\"eshwesareestudio.firebasestorage.app\"}","GCLOUD_PROJECT":"eshwesareestudio","EVENTARC_CLOUD_EVENT_SOURCE":"projects/eshwesareestudio/locations/asia-south1/services/checkoutStatus","FUNCTION_REGION":"asia-south1","FUNCTION_TARGET":"checkoutStatus","LOG_EXECUTION_ID":"true"},"ingressSettings":"ALLOW_ALL","serviceAccountEmail":"106884158684-compute@developer.gserviceaccount.com","availableMemory":"256Mi","secretEnvironmentVariables":[{"key":"RAZORPAY_KEY_ID","projectId":"eshwesareestudio","secret":"RAZORPAY_KEY_ID","version":"4"},{"key":"RAZORPAY_KEY_SECRET","projectId":"eshwesareestudio","secret":"RAZORPAY_KEY_SECRET","version":"4"}],"maxInstanceRequestConcurrency":80,"availableCpu":"1"},"labels":{"deployment-tool":"cli-firebase","firebase-functions-hash":"6ab8702ef0dc9af6c6deca4fc5ae944d33e11395"},"environment":"GEN_2"},"stages":[{"name":"BUILD","message":"Build finished","state":"COMPLETE","resource":"projects/106884158684/locations/asia-south1/builds/75357442-c93c-4deb-8428-97b0454b58a5","resourceUri":"https://console.cloud.google.com/cloud-build/builds;region=asia-south1/75357442-c93c-4deb-8428-97b0454b58a5?project=106884158684"},{"name":"SERVICE","message":"Creating Cloud Run service","state":"COMPLETE","resource":"projects/eshwesareestudio/locations/asia-south1/services/checkoutstatus","resourceUri":"https://console.cloud.google.com/run/detail/asia-south1/checkoutstatus?project=eshwesareestudio"}],"sourceToken":"Cldwcm9qZWN0cy8xMDY4ODQxNTg2ODQvbG9jYXRpb25zL2FzaWEtc291dGgxL2J1aWxkcy83NTM1NzQ0Mi1jOTNjLTRkZWItODQyOC05N2IwNDU0YjU4YTUSc2FzaWEtc291dGgxLWRvY2tlci5wa2cuZGV2L2VzaHdlc2FyZWVzdHVkaW8vZ2NmLWFydGlmYWN0cy9lc2h3ZXNhcmVlc3R1ZGlvX19hc2lhLS1zb3V0aDFfX2NoZWNrb3V0X3N0YXR1czp2ZXJzaW9uXzEY3Kmrlo4DIkhwcm9qZWN0cy9lc2h3ZXNhcmVlc3R1ZGlvL2xvY2F0aW9ucy9hc2lhLXNvdXRoMS9mdW5jdGlvbnMvY2hlY2tvdXRTdGF0dXMqCwj/9ZXVBhDYr64pMghub2RlanMyMjp2CiNnY3IuaW8vZ2FlLXJ1bnRpbWVzL25vZGVqczIyOnN0YWJsZRJPYXNpYS1zb3V0aDEtZG9ja2VyLnBrZy5kZXYvc2VydmVybGVzcy1ydW50aW1lcy9nb29nbGUtMjItZnVsbC9ydW50aW1lcy9ub2RlanMyMkAB","operationType":"CREATE_FUNCTION","buildName":"projects/106884158684/locations/asia-south1/builds/75357442-c93c-4deb-8428-97b0454b58a5"},"done":true,"response":{"@type":"type.googleapis.com/google.cloud.functions.v2.Function","name":"projects/eshwesareestudio/locations/asia-south1/functions/checkoutStatus","buildConfig":{"build":"projects/106884158684/locations/asia-south1/builds/75357442-c93c-4deb-8428-97b0454b58a5","runtime":"nodejs22","entryPoint":"checkoutStatus","source":{"storageSource":{"bucket":"gcf-v2-sources-106884158684-asia-south1","object":"checkoutStatus/function-source.zip","generation":"1789229775254039"}},"environmentVariables":{"GOOGLE_NODE_RUN_SCRIPTS":""},"dockerRepository":"projects/eshwesareestudio/locations/asia-south1/repositories/gcf-artifacts","sourceProvenance":{"resolvedStorageSource":{"bucket":"gcf-v2-sources-106884158684-asia-south1","object":"checkoutStatus/function-source.zip","generation":"1789229775254039"}},"dockerRegistry":"ARTIFACT_REGISTRY","serviceAccount":"projects/eshwesareestudio/serviceAccounts/106884158684-compute@developer.gserviceaccount.com","automaticUpdatePolicy":{}},"serviceConfig":{"service":"projects/eshwesareestudio/locations/asia-south1/services/checkoutstatus","timeoutSeconds":60,"environmentVariables":{"FIREBASE_CONFIG":"{\"projectId\":\"eshwesareestudio\",\"storageBucket\":\"eshwesareestudio.firebasestorage.app\"}","GCLOUD_PROJECT":"eshwesareestudio","EVENTARC_CLOUD_EVENT_SOURCE":"projects/eshwesareestudio/locations/asia-south1/services/checkoutStatus","FUNCTION_REGION":"asia-south1","FUNCTION_TARGET":"checkoutStatus","LOG_EXECUTION_ID":"true"},"ingressSettings":"ALLOW_ALL","uri":"https://checkoutstatus-n7x6wk6maa-el.a.run.app","serviceAccountEmail":"106884158684-compute@developer.gserviceaccount.com","availableMemory":"256Mi","allTrafficOnLatestRevision":true,"secretEnvironmentVariables":[{"key":"RAZORPAY_KEY_ID","projectId":"eshwesareestudio","secret":"RAZORPAY_KEY_ID","version":"4"},{"key":"RAZORPAY_KEY_SECRET","projectId":"eshwesareestudio","secret":"RAZORPAY_KEY_SECRET","version":"4"}],"revision":"checkoutstatus-00001-qud","maxInstanceRequestConcurrency":80,"availableCpu":"1"},"state":"ACTIVE","updateTime":"2026-09-12T16:16:16.024069033Z","labels":{"deployment-tool":"cli-firebase","firebase-functions-hash":"6ab8702ef0dc9af6c6deca4fc5ae944d33e11395"},"environment":"GEN_2","url":"https://asia-south1-eshwesareestudio.cloudfunctions.net/checkoutStatus","satisfiesPzs":true,"createTime":"2026-09-12T16:16:16.024069033Z","satisfiesPzi":true}}
[2026-09-12T16:17:17.508Z] Got source token Cldwcm9qZWN0cy8xMDY4ODQxNTg2ODQvbG9jYXRpb25zL2FzaWEtc291dGgxL2J1aWxkcy83NTM1NzQ0Mi1jOTNjLTRkZWItODQyOC05N2IwNDU0YjU4YTUSc2FzaWEtc291dGgxLWRvY2tlci5wa2cuZGV2L2VzaHdlc2FyZWVzdHVkaW8vZ2NmLWFydGlmYWN0cy9lc2h3ZXNhcmVlc3R1ZGlvX19hc2lhLS1zb3V0aDFfX2NoZWNrb3V0X3N0YXR1czp2ZXJzaW9uXzEY3Kmrlo4DIkhwcm9qZWN0cy9lc2h3ZXNhcmVlc3R1ZGlvL2xvY2F0aW9ucy9hc2lhLXNvdXRoMS9mdW5jdGlvbnMvY2hlY2tvdXRTdGF0dXMqCwj/9ZXVBhDYr64pMghub2RlanMyMjp2CiNnY3IuaW8vZ2FlLXJ1bnRpbWVzL25vZGVqczIyOnN0YWJsZRJPYXNpYS1zb3V0aDEtZG9ja2VyLnBrZy5kZXYvc2VydmVybGVzcy1ydW50aW1lcy9nb29nbGUtMjItZnVsbC9ydW50aW1lcy9ub2RlanMyMkAB for region asia-south1
[2026-09-12T16:17:17.509Z] Checked if tokens are valid: true, expires at: 1789232947367
[2026-09-12T16:17:17.510Z] Checked if tokens are valid: true, expires at: 1789232947367
[2026-09-12T16:17:17.510Z] >>> [apiv2][query] POST https://run.googleapis.com/v1/projects/eshwesareestudio/locations/asia-south1/services/checkoutstatus:setIamPolicy [none]
[2026-09-12T16:17:17.510Z] >>> [apiv2][body] POST https://run.googleapis.com/v1/projects/eshwesareestudio/locations/asia-south1/services/checkoutstatus:setIamPolicy {"policy":{"bindings":[{"role":"roles/run.invoker","members":["allUsers"]}],"etag":"","version":3},"updateMask":"bindings,etag,version"}
[2026-09-12T16:17:17.680Z] [create-default-asia-south1-reconcileCheckoutOrders] Retrying task index 0
[2026-09-12T16:17:17.680Z] Checked if tokens are valid: true, expires at: 1789232947367
[2026-09-12T16:17:17.680Z] Checked if tokens are valid: true, expires at: 1789232947367
[2026-09-12T16:17:17.680Z] >>> [apiv2][query] GET https://cloudfunctions.googleapis.com/v2/projects/eshwesareestudio/locations/asia-south1/operations/operation-1789229827714-65b4b884d6e08-6594bfeb-834d9d75 [none]
[2026-09-12T16:17:17.727Z] [create-default-asia-south1-ownerOrderAction] Retrying task index 0
[2026-09-12T16:17:17.727Z] Checked if tokens are valid: true, expires at: 1789232947367
[2026-09-12T16:17:17.727Z] Checked if tokens are valid: true, expires at: 1789232947367
[2026-09-12T16:17:17.727Z] >>> [apiv2][query] GET https://cloudfunctions.googleapis.com/v2/projects/eshwesareestudio/locations/asia-south1/operations/operation-1789229827628-65b4b884c1cc7-1b731484-004b8cab [none]
[2026-09-12T16:17:17.944Z] <<< [apiv2][status] GET https://cloudfunctions.googleapis.com/v2/projects/eshwesareestudio/locations/asia-south1/operations/operation-1789229827628-65b4b884c1cc7-1b731484-004b8cab 200
[2026-09-12T16:17:17.944Z] <<< [apiv2][body] GET https://cloudfunctions.googleapis.com/v2/projects/eshwesareestudio/locations/asia-south1/operations/operation-1789229827628-65b4b884c1cc7-1b731484-004b8cab {"name":"projects/eshwesareestudio/locations/asia-south1/operations/operation-1789229827628-65b4b884c1cc7-1b731484-004b8cab","metadata":{"@type":"type.googleapis.com/google.cloud.functions.v2.OperationMetadata","createTime":"2026-09-12T16:17:08.486504506Z","endTime":"2026-09-12T16:17:16.227419570Z","target":"projects/eshwesareestudio/locations/asia-south1/functions/ownerOrderAction","verb":"create","cancelRequested":false,"apiVersion":"v2","requestResource":{"@type":"type.googleapis.com/google.cloud.functions.v2.Function","name":"projects/eshwesareestudio/locations/asia-south1/functions/ownerOrderAction","buildConfig":{"runtime":"nodejs22","entryPoint":"ownerOrderAction","source":{"storageSource":{"bucket":"gcf-v2-sources-106884158684-asia-south1","object":"ownerOrderAction/function-source.zip","generation":"1789229827843962"}},"environmentVariables":{"GOOGLE_NODE_RUN_SCRIPTS":""},"sourceToken":"Cldwcm9qZWN0cy8xMDY4ODQxNTg2ODQvbG9jYXRpb25zL2FzaWEtc291dGgxL2J1aWxkcy83NTM1NzQ0Mi1jOTNjLTRkZWItODQyOC05N2IwNDU0YjU4YTUSc2FzaWEtc291dGgxLWRvY2tlci5wa2cuZGV2L2VzaHdlc2FyZWVzdHVkaW8vZ2NmLWFydGlmYWN0cy9lc2h3ZXNhcmVlc3R1ZGlvX19hc2lhLS1zb3V0aDFfX2NoZWNrb3V0X3N0YXR1czp2ZXJzaW9uXzEY3Kmrlo4DIkhwcm9qZWN0cy9lc2h3ZXNhcmVlc3R1ZGlvL2xvY2F0aW9ucy9hc2lhLXNvdXRoMS9mdW5jdGlvbnMvY2hlY2tvdXRTdGF0dXMqCwj/9ZXVBhDYr64pMghub2RlanMyMjp2CiNnY3IuaW8vZ2FlLXJ1bnRpbWVzL25vZGVqczIyOnN0YWJsZRJPYXNpYS1zb3V0aDEtZG9ja2VyLnBrZy5kZXYvc2VydmVybGVzcy1ydW50aW1lcy9nb29nbGUtMjItZnVsbC9ydW50aW1lcy9ub2RlanMyMkAB","serviceAccount":"projects/eshwesareestudio/serviceAccounts/106884158684-compute@developer.gserviceaccount.com","automaticUpdatePolicy":{}},"serviceConfig":{"service":"projects/eshwesareestudio/locations/asia-south1/services/ownerorderaction","timeoutSeconds":60,"environmentVariables":{"FIREBASE_CONFIG":"{\"projectId\":\"eshwesareestudio\",\"storageBucket\":\"eshwesareestudio.firebasestorage.app\"}","GCLOUD_PROJECT":"eshwesareestudio","EVENTARC_CLOUD_EVENT_SOURCE":"projects/eshwesareestudio/locations/asia-south1/services/ownerOrderAction","FUNCTION_REGION":"asia-south1","FUNCTION_TARGET":"ownerOrderAction","LOG_EXECUTION_ID":"true","FUNCTION_SIGNATURE_TYPE":"http"},"ingressSettings":"ALLOW_ALL","serviceAccountEmail":"106884158684-compute@developer.gserviceaccount.com","availableMemory":"256Mi","secretEnvironmentVariables":[{"key":"RAZORPAY_KEY_ID","projectId":"eshwesareestudio","secret":"RAZORPAY_KEY_ID","version":"4"},{"key":"RAZORPAY_KEY_SECRET","projectId":"eshwesareestudio","secret":"RAZORPAY_KEY_SECRET","version":"4"}],"maxInstanceRequestConcurrency":80,"availableCpu":"1"},"labels":{"deployment-tool":"cli-firebase","firebase-functions-hash":"6ab8702ef0dc9af6c6deca4fc5ae944d33e11395"},"environment":"GEN_2"},"stages":[{"name":"BUILD","message":"Reusing build","state":"COMPLETE","resource":"projects/106884158684/locations/asia-south1/builds/75357442-c93c-4deb-8428-97b0454b58a5"},{"name":"SERVICE","message":"Creating Cloud Run service","state":"COMPLETE","resource":"projects/eshwesareestudio/locations/asia-south1/services/ownerorderaction","resourceUri":"https://console.cloud.google.com/run/detail/asia-south1/ownerorderaction?project=eshwesareestudio"}],"sourceToken":"Cldwcm9qZWN0cy8xMDY4ODQxNTg2ODQvbG9jYXRpb25zL2FzaWEtc291dGgxL2J1aWxkcy83NTM1NzQ0Mi1jOTNjLTRkZWItODQyOC05N2IwNDU0YjU4YTUSc2FzaWEtc291dGgxLWRvY2tlci5wa2cuZGV2L2VzaHdlc2FyZWVzdHVkaW8vZ2NmLWFydGlmYWN0cy9lc2h3ZXNhcmVlc3R1ZGlvX19hc2lhLS1zb3V0aDFfX2NoZWNrb3V0X3N0YXR1czp2ZXJzaW9uXzEY3Kmrlo4DIkhwcm9qZWN0cy9lc2h3ZXNhcmVlc3R1ZGlvL2xvY2F0aW9ucy9hc2lhLXNvdXRoMS9mdW5jdGlvbnMvY2hlY2tvdXRTdGF0dXMqCwj/9ZXVBhDYr64pMghub2RlanMyMjp2CiNnY3IuaW8vZ2FlLXJ1bnRpbWVzL25vZGVqczIyOnN0YWJsZRJPYXNpYS1zb3V0aDEtZG9ja2VyLnBrZy5kZXYvc2VydmVybGVzcy1ydW50aW1lcy9nb29nbGUtMjItZnVsbC9ydW50aW1lcy9ub2RlanMyMkAB","operationType":"CREATE_FUNCTION","buildName":"projects/106884158684/locations/asia-south1/builds/75357442-c93c-4deb-8428-97b0454b58a5"},"done":true,"response":{"@type":"type.googleapis.com/google.cloud.functions.v2.Function","name":"projects/eshwesareestudio/locations/asia-south1/functions/ownerOrderAction","buildConfig":{"build":"projects/106884158684/locations/asia-south1/builds/75357442-c93c-4deb-8428-97b0454b58a5","runtime":"nodejs22","entryPoint":"ownerOrderAction","source":{"storageSource":{"bucket":"gcf-v2-sources-106884158684-asia-south1","object":"ownerOrderAction/function-source.zip","generation":"1789229827843962"}},"environmentVariables":{"GOOGLE_NODE_RUN_SCRIPTS":""},"dockerRepository":"projects/eshwesareestudio/locations/asia-south1/repositories/gcf-artifacts","sourceProvenance":{"resolvedStorageSource":{"bucket":"gcf-v2-sources-106884158684-asia-south1","object":"ownerOrderAction/function-source.zip","generation":"1789229827843962"}},"dockerRegistry":"ARTIFACT_REGISTRY","serviceAccount":"projects/eshwesareestudio/serviceAccounts/106884158684-compute@developer.gserviceaccount.com","automaticUpdatePolicy":{}},"serviceConfig":{"service":"projects/eshwesareestudio/locations/asia-south1/services/ownerorderaction","timeoutSeconds":60,"environmentVariables":{"FIREBASE_CONFIG":"{\"projectId\":\"eshwesareestudio\",\"storageBucket\":\"eshwesareestudio.firebasestorage.app\"}","GCLOUD_PROJECT":"eshwesareestudio","EVENTARC_CLOUD_EVENT_SOURCE":"projects/eshwesareestudio/locations/asia-south1/services/ownerOrderAction","FUNCTION_REGION":"asia-south1","FUNCTION_TARGET":"ownerOrderAction","LOG_EXECUTION_ID":"true","FUNCTION_SIGNATURE_TYPE":"http"},"ingressSettings":"ALLOW_ALL","uri":"https://ownerorderaction-n7x6wk6maa-el.a.run.app","serviceAccountEmail":"106884158684-compute@developer.gserviceaccount.com","availableMemory":"256Mi","allTrafficOnLatestRevision":true,"secretEnvironmentVariables":[{"key":"RAZORPAY_KEY_ID","projectId":"eshwesareestudio","secret":"RAZORPAY_KEY_ID","version":"4"},{"key":"RAZORPAY_KEY_SECRET","projectId":"eshwesareestudio","secret":"RAZORPAY_KEY_SECRET","version":"4"}],"revision":"ownerorderaction-00001-nuh","maxInstanceRequestConcurrency":80,"availableCpu":"1"},"state":"ACTIVE","updateTime":"2026-09-12T16:17:08.482181108Z","labels":{"deployment-tool":"cli-firebase","firebase-functions-hash":"6ab8702ef0dc9af6c6deca4fc5ae944d33e11395"},"environment":"GEN_2","url":"https://asia-south1-eshwesareestudio.cloudfunctions.net/ownerOrderAction","satisfiesPzs":true,"createTime":"2026-09-12T16:17:08.482181108Z","satisfiesPzi":true}}
[2026-09-12T16:17:17.944Z] Got source token Cldwcm9qZWN0cy8xMDY4ODQxNTg2ODQvbG9jYXRpb25zL2FzaWEtc291dGgxL2J1aWxkcy83NTM1NzQ0Mi1jOTNjLTRkZWItODQyOC05N2IwNDU0YjU4YTUSc2FzaWEtc291dGgxLWRvY2tlci5wa2cuZGV2L2VzaHdlc2FyZWVzdHVkaW8vZ2NmLWFydGlmYWN0cy9lc2h3ZXNhcmVlc3R1ZGlvX19hc2lhLS1zb3V0aDFfX2NoZWNrb3V0X3N0YXR1czp2ZXJzaW9uXzEY3Kmrlo4DIkhwcm9qZWN0cy9lc2h3ZXNhcmVlc3R1ZGlvL2xvY2F0aW9ucy9hc2lhLXNvdXRoMS9mdW5jdGlvbnMvY2hlY2tvdXRTdGF0dXMqCwj/9ZXVBhDYr64pMghub2RlanMyMjp2CiNnY3IuaW8vZ2FlLXJ1bnRpbWVzL25vZGVqczIyOnN0YWJsZRJPYXNpYS1zb3V0aDEtZG9ja2VyLnBrZy5kZXYvc2VydmVybGVzcy1ydW50aW1lcy9nb29nbGUtMjItZnVsbC9ydW50aW1lcy9ub2RlanMyMkAB for region asia-south1
[2026-09-12T16:17:17.945Z] Checked if tokens are valid: true, expires at: 1789232947367
[2026-09-12T16:17:17.945Z] Checked if tokens are valid: true, expires at: 1789232947367
[2026-09-12T16:17:17.945Z] >>> [apiv2][query] POST https://run.googleapis.com/v1/projects/eshwesareestudio/locations/asia-south1/services/ownerorderaction:setIamPolicy [none]
[2026-09-12T16:17:17.945Z] >>> [apiv2][body] POST https://run.googleapis.com/v1/projects/eshwesareestudio/locations/asia-south1/services/ownerorderaction:setIamPolicy {"policy":{"bindings":[{"role":"roles/run.invoker","members":["allUsers"]}],"etag":"","version":3},"updateMask":"bindings,etag,version"}
[2026-09-12T16:17:17.951Z] <<< [apiv2][status] GET https://cloudfunctions.googleapis.com/v2/projects/eshwesareestudio/locations/asia-south1/operations/operation-1789229827360-65b4b88480615-744c0c11-8030325e 200
[2026-09-12T16:17:17.951Z] <<< [apiv2][body] GET https://cloudfunctions.googleapis.com/v2/projects/eshwesareestudio/locations/asia-south1/operations/operation-1789229827360-65b4b88480615-744c0c11-8030325e {"name":"projects/eshwesareestudio/locations/asia-south1/operations/operation-1789229827360-65b4b88480615-744c0c11-8030325e","metadata":{"@type":"type.googleapis.com/google.cloud.functions.v2.OperationMetadata","createTime":"2026-09-12T16:17:08.754679820Z","target":"projects/eshwesareestudio/locations/asia-south1/functions/createRazorpayOrder","verb":"update","cancelRequested":false,"apiVersion":"v2","requestResource":{"@type":"type.googleapis.com/google.cloud.functions.v2.Function","name":"projects/eshwesareestudio/locations/asia-south1/functions/createRazorpayOrder","buildConfig":{"runtime":"nodejs22","entryPoint":"createRazorpayOrder","source":{"storageSource":{"bucket":"gcf-v2-sources-106884158684-asia-south1","object":"createRazorpayOrder/function-source.zip","generation":"1789229828710047"}},"environmentVariables":{"GOOGLE_NODE_RUN_SCRIPTS":""},"dockerRepository":"projects/eshwesareestudio/locations/asia-south1/repositories/gcf-artifacts","sourceProvenance":{"resolvedStorageSource":{"bucket":"gcf-v2-sources-106884158684-asia-south1","object":"createRazorpayOrder/function-source.zip","generation":"1789037073855850"}},"dockerRegistry":"ARTIFACT_REGISTRY","sourceToken":"Cldwcm9qZWN0cy8xMDY4ODQxNTg2ODQvbG9jYXRpb25zL2FzaWEtc291dGgxL2J1aWxkcy83NTM1NzQ0Mi1jOTNjLTRkZWItODQyOC05N2IwNDU0YjU4YTUSc2FzaWEtc291dGgxLWRvY2tlci5wa2cuZGV2L2VzaHdlc2FyZWVzdHVkaW8vZ2NmLWFydGlmYWN0cy9lc2h3ZXNhcmVlc3R1ZGlvX19hc2lhLS1zb3V0aDFfX2NoZWNrb3V0X3N0YXR1czp2ZXJzaW9uXzEY3Kmrlo4DIkhwcm9qZWN0cy9lc2h3ZXNhcmVlc3R1ZGlvL2xvY2F0aW9ucy9hc2lhLXNvdXRoMS9mdW5jdGlvbnMvY2hlY2tvdXRTdGF0dXMqCwj/9ZXVBhDYr64pMghub2RlanMyMjp2CiNnY3IuaW8vZ2FlLXJ1bnRpbWVzL25vZGVqczIyOnN0YWJsZRJPYXNpYS1zb3V0aDEtZG9ja2VyLnBrZy5kZXYvc2VydmVybGVzcy1ydW50aW1lcy9nb29nbGUtMjItZnVsbC9ydW50aW1lcy9ub2RlanMyMkAB","serviceAccount":"projects/eshwesareestudio/serviceAccounts/106884158684-compute@developer.gserviceaccount.com","automaticUpdatePolicy":{}},"serviceConfig":{"service":"projects/eshwesareestudio/locations/asia-south1/services/createrazorpayorder","timeoutSeconds":60,"environmentVariables":{"FIREBASE_CONFIG":"{\"projectId\":\"eshwesareestudio\",\"storageBucket\":\"eshwesareestudio.firebasestorage.app\"}","GCLOUD_PROJECT":"eshwesareestudio","EVENTARC_CLOUD_EVENT_SOURCE":"projects/eshwesareestudio/locations/asia-south1/services/createRazorpayOrder","FUNCTION_REGION":"asia-south1","FUNCTION_TARGET":"createRazorpayOrder","LOG_EXECUTION_ID":"true","FUNCTION_SIGNATURE_TYPE":"http"},"ingressSettings":"ALLOW_ALL","uri":"https://createrazorpayorder-n7x6wk6maa-el.a.run.app","serviceAccountEmail":"106884158684-compute@developer.gserviceaccount.com","availableMemory":"256Mi","allTrafficOnLatestRevision":true,"secretEnvironmentVariables":[{"key":"RAZORPAY_KEY_ID","projectId":"eshwesareestudio","secret":"RAZORPAY_KEY_ID","version":"4"},{"key":"RAZORPAY_KEY_SECRET","projectId":"eshwesareestudio","secret":"RAZORPAY_KEY_SECRET","version":"4"}],"revision":"createrazorpayorder-00017-naf","maxInstanceRequestConcurrency":80,"availableCpu":"1"},"state":"ACTIVE","labels":{"deployment-tool":"cli-firebase","firebase-functions-hash":"6ab8702ef0dc9af6c6deca4fc5ae944d33e11395"},"environment":"GEN_2","url":"https://asia-south1-eshwesareestudio.cloudfunctions.net/createRazorpayOrder","satisfiesPzs":true,"satisfiesPzi":true},"stages":[{"name":"BUILD","message":"Reusing build","state":"COMPLETE","resource":"projects/106884158684/locations/asia-south1/builds/75357442-c93c-4deb-8428-97b0454b58a5"},{"name":"SERVICE","message":"Updating Cloud Run service","state":"IN_PROGRESS","resource":"projects/eshwesareestudio/locations/asia-south1/services/createrazorpayorder","resourceUri":"https://console.cloud.google.com/run/detail/asia-south1/createrazorpayorder?project=eshwesareestudio","stateMessages":[{"severity":"INFO","type":"CloudRunServiceNewRevisionTrafficInfo","message":"A new revision will be deployed serving with 100% traffic."}]}],"sourceToken":"Cldwcm9qZWN0cy8xMDY4ODQxNTg2ODQvbG9jYXRpb25zL2FzaWEtc291dGgxL2J1aWxkcy83NTM1NzQ0Mi1jOTNjLTRkZWItODQyOC05N2IwNDU0YjU4YTUSc2FzaWEtc291dGgxLWRvY2tlci5wa2cuZGV2L2VzaHdlc2FyZWVzdHVkaW8vZ2NmLWFydGlmYWN0cy9lc2h3ZXNhcmVlc3R1ZGlvX19hc2lhLS1zb3V0aDFfX2NoZWNrb3V0X3N0YXR1czp2ZXJzaW9uXzEY3Kmrlo4DIkhwcm9qZWN0cy9lc2h3ZXNhcmVlc3R1ZGlvL2xvY2F0aW9ucy9hc2lhLXNvdXRoMS9mdW5jdGlvbnMvY2hlY2tvdXRTdGF0dXMqCwj/9ZXVBhDYr64pMghub2RlanMyMjp2CiNnY3IuaW8vZ2FlLXJ1bnRpbWVzL25vZGVqczIyOnN0YWJsZRJPYXNpYS1zb3V0aDEtZG9ja2VyLnBrZy5kZXYvc2VydmVybGVzcy1ydW50aW1lcy9nb29nbGUtMjItZnVsbC9ydW50aW1lcy9ub2RlanMyMkAB","operationType":"UPDATE_FUNCTION","buildName":"projects/106884158684/locations/asia-south1/builds/75357442-c93c-4deb-8428-97b0454b58a5"},"done":false}
[2026-09-12T16:17:17.951Z] Got source token Cldwcm9qZWN0cy8xMDY4ODQxNTg2ODQvbG9jYXRpb25zL2FzaWEtc291dGgxL2J1aWxkcy83NTM1NzQ0Mi1jOTNjLTRkZWItODQyOC05N2IwNDU0YjU4YTUSc2FzaWEtc291dGgxLWRvY2tlci5wa2cuZGV2L2VzaHdlc2FyZWVzdHVkaW8vZ2NmLWFydGlmYWN0cy9lc2h3ZXNhcmVlc3R1ZGlvX19hc2lhLS1zb3V0aDFfX2NoZWNrb3V0X3N0YXR1czp2ZXJzaW9uXzEY3Kmrlo4DIkhwcm9qZWN0cy9lc2h3ZXNhcmVlc3R1ZGlvL2xvY2F0aW9ucy9hc2lhLXNvdXRoMS9mdW5jdGlvbnMvY2hlY2tvdXRTdGF0dXMqCwj/9ZXVBhDYr64pMghub2RlanMyMjp2CiNnY3IuaW8vZ2FlLXJ1bnRpbWVzL25vZGVqczIyOnN0YWJsZRJPYXNpYS1zb3V0aDEtZG9ja2VyLnBrZy5kZXYvc2VydmVybGVzcy1ydW50aW1lcy9nb29nbGUtMjItZnVsbC9ydW50aW1lcy9ub2RlanMyMkAB for region asia-south1
[2026-09-12T16:17:18.039Z] [update-default-asia-south1-verifyRazorpayPayment] Retrying task index 0
[2026-09-12T16:17:18.039Z] Checked if tokens are valid: true, expires at: 1789232947367
[2026-09-12T16:17:18.039Z] Checked if tokens are valid: true, expires at: 1789232947367
[2026-09-12T16:17:18.039Z] >>> [apiv2][query] GET https://cloudfunctions.googleapis.com/v2/projects/eshwesareestudio/locations/asia-south1/operations/operation-1789229827623-65b4b884c0add-cb02fdd4-5553ac80 [none]
[2026-09-12T16:17:18.079Z] [update-default-asia-south1-verifyCustomerOtp] Retrying task index 0
[2026-09-12T16:17:18.079Z] Checked if tokens are valid: true, expires at: 1789232947367
[2026-09-12T16:17:18.079Z] Checked if tokens are valid: true, expires at: 1789232947367
[2026-09-12T16:17:18.080Z] >>> [apiv2][query] GET https://cloudfunctions.googleapis.com/v2/projects/eshwesareestudio/locations/asia-south1/operations/operation-1789229827625-65b4b884c126c-d1b6aef9-e001c9e2 [none]
[2026-09-12T16:17:18.119Z] <<< [apiv2][status] GET https://cloudfunctions.googleapis.com/v2/projects/eshwesareestudio/locations/asia-south1/operations/operation-1789229827714-65b4b884d6e08-6594bfeb-834d9d75 200
[2026-09-12T16:17:18.120Z] <<< [apiv2][body] GET https://cloudfunctions.googleapis.com/v2/projects/eshwesareestudio/locations/asia-south1/operations/operation-1789229827714-65b4b884d6e08-6594bfeb-834d9d75 {"name":"projects/eshwesareestudio/locations/asia-south1/operations/operation-1789229827714-65b4b884d6e08-6594bfeb-834d9d75","metadata":{"@type":"type.googleapis.com/google.cloud.functions.v2.OperationMetadata","createTime":"2026-09-12T16:17:08.575108624Z","endTime":"2026-09-12T16:17:17.132382235Z","target":"projects/eshwesareestudio/locations/asia-south1/functions/reconcileCheckoutOrders","verb":"create","cancelRequested":false,"apiVersion":"v2","requestResource":{"@type":"type.googleapis.com/google.cloud.functions.v2.Function","name":"projects/eshwesareestudio/locations/asia-south1/functions/reconcileCheckoutOrders","buildConfig":{"runtime":"nodejs22","entryPoint":"reconcileCheckoutOrders","source":{"storageSource":{"bucket":"gcf-v2-sources-106884158684-asia-south1","object":"reconcileCheckoutOrders/function-source.zip","generation":"1789229827903230"}},"environmentVariables":{"GOOGLE_NODE_RUN_SCRIPTS":""},"sourceToken":"Cldwcm9qZWN0cy8xMDY4ODQxNTg2ODQvbG9jYXRpb25zL2FzaWEtc291dGgxL2J1aWxkcy83NTM1NzQ0Mi1jOTNjLTRkZWItODQyOC05N2IwNDU0YjU4YTUSc2FzaWEtc291dGgxLWRvY2tlci5wa2cuZGV2L2VzaHdlc2FyZWVzdHVkaW8vZ2NmLWFydGlmYWN0cy9lc2h3ZXNhcmVlc3R1ZGlvX19hc2lhLS1zb3V0aDFfX2NoZWNrb3V0X3N0YXR1czp2ZXJzaW9uXzEY3Kmrlo4DIkhwcm9qZWN0cy9lc2h3ZXNhcmVlc3R1ZGlvL2xvY2F0aW9ucy9hc2lhLXNvdXRoMS9mdW5jdGlvbnMvY2hlY2tvdXRTdGF0dXMqCwj/9ZXVBhDYr64pMghub2RlanMyMjp2CiNnY3IuaW8vZ2FlLXJ1bnRpbWVzL25vZGVqczIyOnN0YWJsZRJPYXNpYS1zb3V0aDEtZG9ja2VyLnBrZy5kZXYvc2VydmVybGVzcy1ydW50aW1lcy9nb29nbGUtMjItZnVsbC9ydW50aW1lcy9ub2RlanMyMkAB","serviceAccount":"projects/eshwesareestudio/serviceAccounts/106884158684-compute@developer.gserviceaccount.com","automaticUpdatePolicy":{}},"serviceConfig":{"service":"projects/eshwesareestudio/locations/asia-south1/services/reconcilecheckoutorders","timeoutSeconds":60,"environmentVariables":{"FIREBASE_CONFIG":"{\"projectId\":\"eshwesareestudio\",\"storageBucket\":\"eshwesareestudio.firebasestorage.app\"}","GCLOUD_PROJECT":"eshwesareestudio","EVENTARC_CLOUD_EVENT_SOURCE":"projects/eshwesareestudio/locations/asia-south1/services/reconcileCheckoutOrders","FUNCTION_REGION":"asia-south1","FUNCTION_TARGET":"reconcileCheckoutOrders","LOG_EXECUTION_ID":"true","FUNCTION_SIGNATURE_TYPE":"http"},"ingressSettings":"ALLOW_ALL","serviceAccountEmail":"106884158684-compute@developer.gserviceaccount.com","availableMemory":"256Mi","secretEnvironmentVariables":[{"key":"RAZORPAY_KEY_ID","projectId":"eshwesareestudio","secret":"RAZORPAY_KEY_ID","version":"4"},{"key":"RAZORPAY_KEY_SECRET","projectId":"eshwesareestudio","secret":"RAZORPAY_KEY_SECRET","version":"4"}],"maxInstanceRequestConcurrency":80,"availableCpu":"1"},"labels":{"deployment-tool":"cli-firebase","deployment-scheduled":"true","firebase-functions-hash":"6ab8702ef0dc9af6c6deca4fc5ae944d33e11395"},"environment":"GEN_2"},"stages":[{"name":"BUILD","message":"Reusing build","state":"COMPLETE","resource":"projects/106884158684/locations/asia-south1/builds/75357442-c93c-4deb-8428-97b0454b58a5"},{"name":"SERVICE","message":"Creating Cloud Run service","state":"COMPLETE","resource":"projects/eshwesareestudio/locations/asia-south1/services/reconcilecheckoutorders","resourceUri":"https://console.cloud.google.com/run/detail/asia-south1/reconcilecheckoutorders?project=eshwesareestudio"}],"sourceToken":"Cldwcm9qZWN0cy8xMDY4ODQxNTg2ODQvbG9jYXRpb25zL2FzaWEtc291dGgxL2J1aWxkcy83NTM1NzQ0Mi1jOTNjLTRkZWItODQyOC05N2IwNDU0YjU4YTUSc2FzaWEtc291dGgxLWRvY2tlci5wa2cuZGV2L2VzaHdlc2FyZWVzdHVkaW8vZ2NmLWFydGlmYWN0cy9lc2h3ZXNhcmVlc3R1ZGlvX19hc2lhLS1zb3V0aDFfX2NoZWNrb3V0X3N0YXR1czp2ZXJzaW9uXzEY3Kmrlo4DIkhwcm9qZWN0cy9lc2h3ZXNhcmVlc3R1ZGlvL2xvY2F0aW9ucy9hc2lhLXNvdXRoMS9mdW5jdGlvbnMvY2hlY2tvdXRTdGF0dXMqCwj/9ZXVBhDYr64pMghub2RlanMyMjp2CiNnY3IuaW8vZ2FlLXJ1bnRpbWVzL25vZGVqczIyOnN0YWJsZRJPYXNpYS1zb3V0aDEtZG9ja2VyLnBrZy5kZXYvc2VydmVybGVzcy1ydW50aW1lcy9nb29nbGUtMjItZnVsbC9ydW50aW1lcy9ub2RlanMyMkAB","operationType":"CREATE_FUNCTION","buildName":"projects/106884158684/locations/asia-south1/builds/75357442-c93c-4deb-8428-97b0454b58a5"},"done":true,"response":{"@type":"type.googleapis.com/google.cloud.functions.v2.Function","name":"projects/eshwesareestudio/locations/asia-south1/functions/reconcileCheckoutOrders","buildConfig":{"build":"projects/106884158684/locations/asia-south1/builds/75357442-c93c-4deb-8428-97b0454b58a5","runtime":"nodejs22","entryPoint":"reconcileCheckoutOrders","source":{"storageSource":{"bucket":"gcf-v2-sources-106884158684-asia-south1","object":"reconcileCheckoutOrders/function-source.zip","generation":"1789229827903230"}},"environmentVariables":{"GOOGLE_NODE_RUN_SCRIPTS":""},"dockerRepository":"projects/eshwesareestudio/locations/asia-south1/repositories/gcf-artifacts","sourceProvenance":{"resolvedStorageSource":{"bucket":"gcf-v2-sources-106884158684-asia-south1","object":"reconcileCheckoutOrders/function-source.zip","generation":"1789229827903230"}},"dockerRegistry":"ARTIFACT_REGISTRY","serviceAccount":"projects/eshwesareestudio/serviceAccounts/106884158684-compute@developer.gserviceaccount.com","automaticUpdatePolicy":{}},"serviceConfig":{"service":"projects/eshwesareestudio/locations/asia-south1/services/reconcilecheckoutorders","timeoutSeconds":60,"environmentVariables":{"FIREBASE_CONFIG":"{\"projectId\":\"eshwesareestudio\",\"storageBucket\":\"eshwesareestudio.firebasestorage.app\"}","GCLOUD_PROJECT":"eshwesareestudio","EVENTARC_CLOUD_EVENT_SOURCE":"projects/eshwesareestudio/locations/asia-south1/services/reconcileCheckoutOrders","FUNCTION_REGION":"asia-south1","FUNCTION_TARGET":"reconcileCheckoutOrders","LOG_EXECUTION_ID":"true","FUNCTION_SIGNATURE_TYPE":"http"},"ingressSettings":"ALLOW_ALL","uri":"https://reconcilecheckoutorders-n7x6wk6maa-el.a.run.app","serviceAccountEmail":"106884158684-compute@developer.gserviceaccount.com","availableMemory":"256Mi","allTrafficOnLatestRevision":true,"secretEnvironmentVariables":[{"key":"RAZORPAY_KEY_ID","projectId":"eshwesareestudio","secret":"RAZORPAY_KEY_ID","version":"4"},{"key":"RAZORPAY_KEY_SECRET","projectId":"eshwesareestudio","secret":"RAZORPAY_KEY_SECRET","version":"4"}],"revision":"reconcilecheckoutorders-00001-dof","maxInstanceRequestConcurrency":80,"availableCpu":"1"},"state":"ACTIVE","updateTime":"2026-09-12T16:17:08.570747577Z","labels":{"firebase-functions-hash":"6ab8702ef0dc9af6c6deca4fc5ae944d33e11395","deployment-tool":"cli-firebase","deployment-scheduled":"true"},"environment":"GEN_2","url":"https://asia-south1-eshwesareestudio.cloudfunctions.net/reconcileCheckoutOrders","satisfiesPzs":true,"createTime":"2026-09-12T16:17:08.570747577Z","satisfiesPzi":true}}
[2026-09-12T16:17:18.120Z] Got source token Cldwcm9qZWN0cy8xMDY4ODQxNTg2ODQvbG9jYXRpb25zL2FzaWEtc291dGgxL2J1aWxkcy83NTM1NzQ0Mi1jOTNjLTRkZWItODQyOC05N2IwNDU0YjU4YTUSc2FzaWEtc291dGgxLWRvY2tlci5wa2cuZGV2L2VzaHdlc2FyZWVzdHVkaW8vZ2NmLWFydGlmYWN0cy9lc2h3ZXNhcmVlc3R1ZGlvX19hc2lhLS1zb3V0aDFfX2NoZWNrb3V0X3N0YXR1czp2ZXJzaW9uXzEY3Kmrlo4DIkhwcm9qZWN0cy9lc2h3ZXNhcmVlc3R1ZGlvL2xvY2F0aW9ucy9hc2lhLXNvdXRoMS9mdW5jdGlvbnMvY2hlY2tvdXRTdGF0dXMqCwj/9ZXVBhDYr64pMghub2RlanMyMjp2CiNnY3IuaW8vZ2FlLXJ1bnRpbWVzL25vZGVqczIyOnN0YWJsZRJPYXNpYS1zb3V0aDEtZG9ja2VyLnBrZy5kZXYvc2VydmVybGVzcy1ydW50aW1lcy9nb29nbGUtMjItZnVsbC9ydW50aW1lcy9ub2RlanMyMkAB for region asia-south1
[2026-09-12T16:17:18.120Z] Checked if tokens are valid: true, expires at: 1789232947367
[2026-09-12T16:17:18.120Z] Checked if tokens are valid: true, expires at: 1789232947367
[2026-09-12T16:17:18.120Z] >>> [apiv2][query] GET https://compute.googleapis.com/compute/v1/projects/106884158684 [none]
[2026-09-12T16:17:18.328Z] [create-default-asia-south1-ownerProductAction] Retrying task index 0
[2026-09-12T16:17:18.329Z] Checked if tokens are valid: true, expires at: 1789232947367
[2026-09-12T16:17:18.329Z] Checked if tokens are valid: true, expires at: 1789232947367
[2026-09-12T16:17:18.329Z] >>> [apiv2][query] GET https://cloudfunctions.googleapis.com/v2/projects/eshwesareestudio/locations/asia-south1/operations/operation-1789229827629-65b4b884c231b-5a1e7120-cfff2b97 [none]
[2026-09-12T16:17:18.331Z] [update-default-asia-south1-razorpayAppCallback] Retrying task index 0
[2026-09-12T16:17:18.332Z] Checked if tokens are valid: true, expires at: 1789232947367
[2026-09-12T16:17:18.332Z] Checked if tokens are valid: true, expires at: 1789232947367
[2026-09-12T16:17:18.332Z] >>> [apiv2][query] GET https://cloudfunctions.googleapis.com/v2/projects/eshwesareestudio/locations/asia-south1/operations/operation-1789229827712-65b4b884d66d1-78676f56-a702d825 [none]
[2026-09-12T16:17:18.384Z] <<< [apiv2][status] POST https://run.googleapis.com/v1/projects/eshwesareestudio/locations/asia-south1/services/checkoutstatus:setIamPolicy 200
[2026-09-12T16:17:18.384Z] <<< [apiv2][body] POST https://run.googleapis.com/v1/projects/eshwesareestudio/locations/asia-south1/services/checkoutstatus:setIamPolicy {"version":1,"etag":"BwZbS4juoBM=","bindings":[{"role":"roles/run.invoker","members":["allUsers"]}]}
✔  functions[checkoutStatus(asia-south1)] Successful create operation.
[2026-09-12T16:17:18.482Z] <<< [apiv2][status] GET https://cloudfunctions.googleapis.com/v2/projects/eshwesareestudio/locations/asia-south1/operations/operation-1789229827629-65b4b884c231b-5a1e7120-cfff2b97 200
[2026-09-12T16:17:18.483Z] <<< [apiv2][body] GET https://cloudfunctions.googleapis.com/v2/projects/eshwesareestudio/locations/asia-south1/operations/operation-1789229827629-65b4b884c231b-5a1e7120-cfff2b97 {"name":"projects/eshwesareestudio/locations/asia-south1/operations/operation-1789229827629-65b4b884c231b-5a1e7120-cfff2b97","metadata":{"@type":"type.googleapis.com/google.cloud.functions.v2.OperationMetadata","createTime":"2026-09-12T16:17:08.916902978Z","endTime":"2026-09-12T16:17:15.797009222Z","target":"projects/eshwesareestudio/locations/asia-south1/functions/ownerProductAction","verb":"create","cancelRequested":false,"apiVersion":"v2","requestResource":{"@type":"type.googleapis.com/google.cloud.functions.v2.Function","name":"projects/eshwesareestudio/locations/asia-south1/functions/ownerProductAction","buildConfig":{"runtime":"nodejs22","entryPoint":"ownerProductAction","source":{"storageSource":{"bucket":"gcf-v2-sources-106884158684-asia-south1","object":"ownerProductAction/function-source.zip","generation":"1789229827833546"}},"environmentVariables":{"GOOGLE_NODE_RUN_SCRIPTS":""},"sourceToken":"Cldwcm9qZWN0cy8xMDY4ODQxNTg2ODQvbG9jYXRpb25zL2FzaWEtc291dGgxL2J1aWxkcy83NTM1NzQ0Mi1jOTNjLTRkZWItODQyOC05N2IwNDU0YjU4YTUSc2FzaWEtc291dGgxLWRvY2tlci5wa2cuZGV2L2VzaHdlc2FyZWVzdHVkaW8vZ2NmLWFydGlmYWN0cy9lc2h3ZXNhcmVlc3R1ZGlvX19hc2lhLS1zb3V0aDFfX2NoZWNrb3V0X3N0YXR1czp2ZXJzaW9uXzEY3Kmrlo4DIkhwcm9qZWN0cy9lc2h3ZXNhcmVlc3R1ZGlvL2xvY2F0aW9ucy9hc2lhLXNvdXRoMS9mdW5jdGlvbnMvY2hlY2tvdXRTdGF0dXMqCwj/9ZXVBhDYr64pMghub2RlanMyMjp2CiNnY3IuaW8vZ2FlLXJ1bnRpbWVzL25vZGVqczIyOnN0YWJsZRJPYXNpYS1zb3V0aDEtZG9ja2VyLnBrZy5kZXYvc2VydmVybGVzcy1ydW50aW1lcy9nb29nbGUtMjItZnVsbC9ydW50aW1lcy9ub2RlanMyMkAB","serviceAccount":"projects/eshwesareestudio/serviceAccounts/106884158684-compute@developer.gserviceaccount.com","automaticUpdatePolicy":{}},"serviceConfig":{"service":"projects/eshwesareestudio/locations/asia-south1/services/ownerproductaction","timeoutSeconds":60,"environmentVariables":{"FIREBASE_CONFIG":"{\"projectId\":\"eshwesareestudio\",\"storageBucket\":\"eshwesareestudio.firebasestorage.app\"}","GCLOUD_PROJECT":"eshwesareestudio","EVENTARC_CLOUD_EVENT_SOURCE":"projects/eshwesareestudio/locations/asia-south1/services/ownerProductAction","FUNCTION_REGION":"asia-south1","FUNCTION_TARGET":"ownerProductAction","LOG_EXECUTION_ID":"true","FUNCTION_SIGNATURE_TYPE":"http"},"ingressSettings":"ALLOW_ALL","serviceAccountEmail":"106884158684-compute@developer.gserviceaccount.com","availableMemory":"256Mi","maxInstanceRequestConcurrency":80,"availableCpu":"1"},"labels":{"deployment-tool":"cli-firebase","firebase-functions-hash":"dfb918a5ef846c88c82e4c100a033f23358f588c"},"environment":"GEN_2"},"stages":[{"name":"BUILD","message":"Reusing build","state":"COMPLETE","resource":"projects/106884158684/locations/asia-south1/builds/75357442-c93c-4deb-8428-97b0454b58a5"},{"name":"SERVICE","message":"Creating Cloud Run service","state":"COMPLETE","resource":"projects/eshwesareestudio/locations/asia-south1/services/ownerproductaction","resourceUri":"https://console.cloud.google.com/run/detail/asia-south1/ownerproductaction?project=eshwesareestudio"}],"sourceToken":"Cldwcm9qZWN0cy8xMDY4ODQxNTg2ODQvbG9jYXRpb25zL2FzaWEtc291dGgxL2J1aWxkcy83NTM1NzQ0Mi1jOTNjLTRkZWItODQyOC05N2IwNDU0YjU4YTUSc2FzaWEtc291dGgxLWRvY2tlci5wa2cuZGV2L2VzaHdlc2FyZWVzdHVkaW8vZ2NmLWFydGlmYWN0cy9lc2h3ZXNhcmVlc3R1ZGlvX19hc2lhLS1zb3V0aDFfX2NoZWNrb3V0X3N0YXR1czp2ZXJzaW9uXzEY3Kmrlo4DIkhwcm9qZWN0cy9lc2h3ZXNhcmVlc3R1ZGlvL2xvY2F0aW9ucy9hc2lhLXNvdXRoMS9mdW5jdGlvbnMvY2hlY2tvdXRTdGF0dXMqCwj/9ZXVBhDYr64pMghub2RlanMyMjp2CiNnY3IuaW8vZ2FlLXJ1bnRpbWVzL25vZGVqczIyOnN0YWJsZRJPYXNpYS1zb3V0aDEtZG9ja2VyLnBrZy5kZXYvc2VydmVybGVzcy1ydW50aW1lcy9nb29nbGUtMjItZnVsbC9ydW50aW1lcy9ub2RlanMyMkAB","operationType":"CREATE_FUNCTION","buildName":"projects/106884158684/locations/asia-south1/builds/75357442-c93c-4deb-8428-97b0454b58a5"},"done":true,"response":{"@type":"type.googleapis.com/google.cloud.functions.v2.Function","name":"projects/eshwesareestudio/locations/asia-south1/functions/ownerProductAction","buildConfig":{"build":"projects/106884158684/locations/asia-south1/builds/75357442-c93c-4deb-8428-97b0454b58a5","runtime":"nodejs22","entryPoint":"ownerProductAction","source":{"storageSource":{"bucket":"gcf-v2-sources-106884158684-asia-south1","object":"ownerProductAction/function-source.zip","generation":"1789229827833546"}},"environmentVariables":{"GOOGLE_NODE_RUN_SCRIPTS":""},"dockerRepository":"projects/eshwesareestudio/locations/asia-south1/repositories/gcf-artifacts","sourceProvenance":{"resolvedStorageSource":{"bucket":"gcf-v2-sources-106884158684-asia-south1","object":"ownerProductAction/function-source.zip","generation":"1789229827833546"}},"dockerRegistry":"ARTIFACT_REGISTRY","serviceAccount":"projects/eshwesareestudio/serviceAccounts/106884158684-compute@developer.gserviceaccount.com","automaticUpdatePolicy":{}},"serviceConfig":{"service":"projects/eshwesareestudio/locations/asia-south1/services/ownerproductaction","timeoutSeconds":60,"environmentVariables":{"FIREBASE_CONFIG":"{\"projectId\":\"eshwesareestudio\",\"storageBucket\":\"eshwesareestudio.firebasestorage.app\"}","GCLOUD_PROJECT":"eshwesareestudio","EVENTARC_CLOUD_EVENT_SOURCE":"projects/eshwesareestudio/locations/asia-south1/services/ownerProductAction","FUNCTION_REGION":"asia-south1","FUNCTION_TARGET":"ownerProductAction","LOG_EXECUTION_ID":"true","FUNCTION_SIGNATURE_TYPE":"http"},"ingressSettings":"ALLOW_ALL","uri":"https://ownerproductaction-n7x6wk6maa-el.a.run.app","serviceAccountEmail":"106884158684-compute@developer.gserviceaccount.com","availableMemory":"256Mi","allTrafficOnLatestRevision":true,"revision":"ownerproductaction-00001-lab","maxInstanceRequestConcurrency":80,"availableCpu":"1"},"state":"ACTIVE","updateTime":"2026-09-12T16:17:08.911799129Z","labels":{"deployment-tool":"cli-firebase","firebase-functions-hash":"dfb918a5ef846c88c82e4c100a033f23358f588c"},"environment":"GEN_2","url":"https://asia-south1-eshwesareestudio.cloudfunctions.net/ownerProductAction","satisfiesPzs":true,"createTime":"2026-09-12T16:17:08.911799129Z","satisfiesPzi":true}}
[2026-09-12T16:17:18.483Z] Got source token Cldwcm9qZWN0cy8xMDY4ODQxNTg2ODQvbG9jYXRpb25zL2FzaWEtc291dGgxL2J1aWxkcy83NTM1NzQ0Mi1jOTNjLTRkZWItODQyOC05N2IwNDU0YjU4YTUSc2FzaWEtc291dGgxLWRvY2tlci5wa2cuZGV2L2VzaHdlc2FyZWVzdHVkaW8vZ2NmLWFydGlmYWN0cy9lc2h3ZXNhcmVlc3R1ZGlvX19hc2lhLS1zb3V0aDFfX2NoZWNrb3V0X3N0YXR1czp2ZXJzaW9uXzEY3Kmrlo4DIkhwcm9qZWN0cy9lc2h3ZXNhcmVlc3R1ZGlvL2xvY2F0aW9ucy9hc2lhLXNvdXRoMS9mdW5jdGlvbnMvY2hlY2tvdXRTdGF0dXMqCwj/9ZXVBhDYr64pMghub2RlanMyMjp2CiNnY3IuaW8vZ2FlLXJ1bnRpbWVzL25vZGVqczIyOnN0YWJsZRJPYXNpYS1zb3V0aDEtZG9ja2VyLnBrZy5kZXYvc2VydmVybGVzcy1ydW50aW1lcy9nb29nbGUtMjItZnVsbC9ydW50aW1lcy9ub2RlanMyMkAB for region asia-south1
[2026-09-12T16:17:18.483Z] Checked if tokens are valid: true, expires at: 1789232947367
[2026-09-12T16:17:18.483Z] Checked if tokens are valid: true, expires at: 1789232947367
[2026-09-12T16:17:18.483Z] >>> [apiv2][query] POST https://run.googleapis.com/v1/projects/eshwesareestudio/locations/asia-south1/services/ownerproductaction:setIamPolicy [none]
[2026-09-12T16:17:18.483Z] >>> [apiv2][body] POST https://run.googleapis.com/v1/projects/eshwesareestudio/locations/asia-south1/services/ownerproductaction:setIamPolicy {"policy":{"bindings":[{"role":"roles/run.invoker","members":["allUsers"]}],"etag":"","version":3},"updateMask":"bindings,etag,version"}
[2026-09-12T16:17:18.513Z] <<< [apiv2][status] GET https://compute.googleapis.com/compute/v1/projects/106884158684 403
[2026-09-12T16:17:18.513Z] <<< [apiv2][body] GET https://compute.googleapis.com/compute/v1/projects/106884158684 {"error":{"code":403,"message":"Compute Engine API has not been used in project 106884158684 before or it is disabled. Enable it by visiting https://console.developers.google.com/apis/api/compute.googleapis.com/overview?project=106884158684 then retry. If you enabled this API recently, wait a few minutes for the action to propagate to our systems and retry.","errors":[{"message":"Compute Engine API has not been used in project 106884158684 before or it is disabled. Enable it by visiting https://console.developers.google.com/apis/api/compute.googleapis.com/overview?project=106884158684 then retry. If you enabled this API recently, wait a few minutes for the action to propagate to our systems and retry.","domain":"usageLimits","reason":"accessNotConfigured","extendedHelp":"https://console.developers.google.com"}],"status":"PERMISSION_DENIED","details":[{"@type":"type.googleapis.com/google.rpc.ErrorInfo","reason":"SERVICE_DISABLED","domain":"googleapis.com","metadata":{"service":"compute.googleapis.com","serviceTitle":"Compute Engine API","containerInfo":"106884158684","consumer":"projects/106884158684","activationUrl":"https://console.developers.google.com/apis/api/compute.googleapis.com/overview?project=106884158684"}},{"@type":"type.googleapis.com/google.rpc.LocalizedMessage","locale":"en-US","message":"Compute Engine API has not been used in project 106884158684 before or it is disabled. Enable it by visiting https://console.developers.google.com/apis/api/compute.googleapis.com/overview?project=106884158684 then retry. If you enabled this API recently, wait a few minutes for the action to propagate to our systems and retry."},{"@type":"type.googleapis.com/google.rpc.Help","links":[{"description":"Google developers console API activation","url":"https://console.developers.google.com/apis/api/compute.googleapis.com/overview?project=106884158684"}]}]}}
[2026-09-12T16:17:18.513Z] unable to look up default compute service account. Falling back to 106884158684-compute@developer.gserviceaccount.com. Error: {"name":"FirebaseError","children":[],"context":{"body":{"error":{"code":403,"message":"Compute Engine API has not been used in project 106884158684 before or it is disabled. Enable it by visiting https://console.developers.google.com/apis/api/compute.googleapis.com/overview?project=106884158684 then retry. If you enabled this API recently, wait a few minutes for the action to propagate to our systems and retry.","errors":[{"message":"Compute Engine API has not been used in project 106884158684 before or it is disabled. Enable it by visiting https://console.developers.google.com/apis/api/compute.googleapis.com/overview?project=106884158684 then retry. If you enabled this API recently, wait a few minutes for the action to propagate to our systems and retry.","domain":"usageLimits","reason":"accessNotConfigured","extendedHelp":"https://console.developers.google.com"}],"status":"PERMISSION_DENIED","details":[{"@type":"type.googleapis.com/google.rpc.ErrorInfo","reason":"SERVICE_DISABLED","domain":"googleapis.com","metadata":{"service":"compute.googleapis.com","serviceTitle":"Compute Engine API","containerInfo":"106884158684","consumer":"projects/106884158684","activationUrl":"https://console.developers.google.com/apis/api/compute.googleapis.com/overview?project=106884158684"}},{"@type":"type.googleapis.com/google.rpc.LocalizedMessage","locale":"en-US","message":"Compute Engine API has not been used in project 106884158684 before or it is disabled. Enable it by visiting https://console.developers.google.com/apis/api/compute.googleapis.com/overview?project=106884158684 then retry. If you enabled this API recently, wait a few minutes for the action to propagate to our systems and retry."},{"@type":"type.googleapis.com/google.rpc.Help","links":[{"description":"Google developers console API activation","url":"https://console.developers.google.com/apis/api/compute.googleapis.com/overview?project=106884158684"}]}]}},"response":{"statusCode":403}},"exit":1,"message":"Request to https://compute.googleapis.com/compute/v1/projects/106884158684 had HTTP Error: 403, Compute Engine API has not been used in project 106884158684 before or it is disabled. Enable it by visiting https://console.developers.google.com/apis/api/compute.googleapis.com/overview?project=106884158684 then retry. If you enabled this API recently, wait a few minutes for the action to propagate to our systems and retry.","status":403}
[2026-09-12T16:17:18.515Z] Checked if tokens are valid: true, expires at: 1789232947367
[2026-09-12T16:17:18.515Z] Checked if tokens are valid: true, expires at: 1789232947367
[2026-09-12T16:17:18.515Z] >>> [apiv2][query] POST https://run.googleapis.com/v1/projects/eshwesareestudio/locations/asia-south1/services/reconcilecheckoutorders:setIamPolicy [none]
[2026-09-12T16:17:18.516Z] >>> [apiv2][body] POST https://run.googleapis.com/v1/projects/eshwesareestudio/locations/asia-south1/services/reconcilecheckoutorders:setIamPolicy {"policy":{"bindings":[{"role":"roles/run.invoker","members":["serviceAccount:106884158684-compute@developer.gserviceaccount.com"]}],"etag":"","version":3},"updateMask":"bindings,etag,version"}
[2026-09-12T16:17:18.521Z] <<< [apiv2][status] GET https://cloudfunctions.googleapis.com/v2/projects/eshwesareestudio/locations/asia-south1/operations/operation-1789229827625-65b4b884c126c-d1b6aef9-e001c9e2 200
[2026-09-12T16:17:18.521Z] <<< [apiv2][body] GET https://cloudfunctions.googleapis.com/v2/projects/eshwesareestudio/locations/asia-south1/operations/operation-1789229827625-65b4b884c126c-d1b6aef9-e001c9e2 {"name":"projects/eshwesareestudio/locations/asia-south1/operations/operation-1789229827625-65b4b884c126c-d1b6aef9-e001c9e2","metadata":{"@type":"type.googleapis.com/google.cloud.functions.v2.OperationMetadata","createTime":"2026-09-12T16:17:08.970950892Z","target":"projects/eshwesareestudio/locations/asia-south1/functions/verifyCustomerOtp","verb":"update","cancelRequested":false,"apiVersion":"v2","requestResource":{"@type":"type.googleapis.com/google.cloud.functions.v2.Function","name":"projects/eshwesareestudio/locations/asia-south1/functions/verifyCustomerOtp","buildConfig":{"runtime":"nodejs22","entryPoint":"verifyCustomerOtp","source":{"storageSource":{"bucket":"gcf-v2-sources-106884158684-asia-south1","object":"verifyCustomerOtp/function-source.zip","generation":"1789229828925425"}},"environmentVariables":{"GOOGLE_NODE_RUN_SCRIPTS":""},"dockerRepository":"projects/eshwesareestudio/locations/asia-south1/repositories/gcf-artifacts","sourceProvenance":{"resolvedStorageSource":{"bucket":"gcf-v2-sources-106884158684-asia-south1","object":"verifyCustomerOtp/function-source.zip","generation":"1789037073995711"}},"dockerRegistry":"ARTIFACT_REGISTRY","sourceToken":"Cldwcm9qZWN0cy8xMDY4ODQxNTg2ODQvbG9jYXRpb25zL2FzaWEtc291dGgxL2J1aWxkcy83NTM1NzQ0Mi1jOTNjLTRkZWItODQyOC05N2IwNDU0YjU4YTUSc2FzaWEtc291dGgxLWRvY2tlci5wa2cuZGV2L2VzaHdlc2FyZWVzdHVkaW8vZ2NmLWFydGlmYWN0cy9lc2h3ZXNhcmVlc3R1ZGlvX19hc2lhLS1zb3V0aDFfX2NoZWNrb3V0X3N0YXR1czp2ZXJzaW9uXzEY3Kmrlo4DIkhwcm9qZWN0cy9lc2h3ZXNhcmVlc3R1ZGlvL2xvY2F0aW9ucy9hc2lhLXNvdXRoMS9mdW5jdGlvbnMvY2hlY2tvdXRTdGF0dXMqCwj/9ZXVBhDYr64pMghub2RlanMyMjp2CiNnY3IuaW8vZ2FlLXJ1bnRpbWVzL25vZGVqczIyOnN0YWJsZRJPYXNpYS1zb3V0aDEtZG9ja2VyLnBrZy5kZXYvc2VydmVybGVzcy1ydW50aW1lcy9nb29nbGUtMjItZnVsbC9ydW50aW1lcy9ub2RlanMyMkAB","serviceAccount":"projects/eshwesareestudio/serviceAccounts/106884158684-compute@developer.gserviceaccount.com","automaticUpdatePolicy":{}},"serviceConfig":{"service":"projects/eshwesareestudio/locations/asia-south1/services/verifycustomerotp","timeoutSeconds":60,"environmentVariables":{"FIREBASE_CONFIG":"{\"projectId\":\"eshwesareestudio\",\"storageBucket\":\"eshwesareestudio.firebasestorage.app\"}","GCLOUD_PROJECT":"eshwesareestudio","EVENTARC_CLOUD_EVENT_SOURCE":"projects/eshwesareestudio/locations/asia-south1/services/verifyCustomerOtp","FUNCTION_REGION":"asia-south1","FUNCTION_TARGET":"verifyCustomerOtp","LOG_EXECUTION_ID":"true","FUNCTION_SIGNATURE_TYPE":"http"},"ingressSettings":"ALLOW_ALL","uri":"https://verifycustomerotp-n7x6wk6maa-el.a.run.app","serviceAccountEmail":"106884158684-compute@developer.gserviceaccount.com","availableMemory":"256Mi","allTrafficOnLatestRevision":true,"secretEnvironmentVariables":[{"key":"MSG91_AUTH_KEY","projectId":"eshwesareestudio","secret":"MSG91_AUTH_KEY","version":"1"}],"revision":"verifycustomerotp-00005-vey","maxInstanceRequestConcurrency":80,"availableCpu":"1"},"state":"ACTIVE","labels":{"deployment-tool":"cli-firebase","firebase-functions-hash":"dfb918a5ef846c88c82e4c100a033f23358f588c"},"environment":"GEN_2","url":"https://asia-south1-eshwesareestudio.cloudfunctions.net/verifyCustomerOtp","satisfiesPzs":true,"satisfiesPzi":true},"stages":[{"name":"BUILD","message":"Reusing build","state":"COMPLETE","resource":"projects/106884158684/locations/asia-south1/builds/75357442-c93c-4deb-8428-97b0454b58a5"},{"name":"SERVICE","message":"Updating Cloud Run service","state":"IN_PROGRESS","resource":"projects/eshwesareestudio/locations/asia-south1/services/verifycustomerotp","resourceUri":"https://console.cloud.google.com/run/detail/asia-south1/verifycustomerotp?project=eshwesareestudio","stateMessages":[{"severity":"INFO","type":"CloudRunServiceNewRevisionTrafficInfo","message":"A new revision will be deployed serving with 100% traffic."}]}],"sourceToken":"Cldwcm9qZWN0cy8xMDY4ODQxNTg2ODQvbG9jYXRpb25zL2FzaWEtc291dGgxL2J1aWxkcy83NTM1NzQ0Mi1jOTNjLTRkZWItODQyOC05N2IwNDU0YjU4YTUSc2FzaWEtc291dGgxLWRvY2tlci5wa2cuZGV2L2VzaHdlc2FyZWVzdHVkaW8vZ2NmLWFydGlmYWN0cy9lc2h3ZXNhcmVlc3R1ZGlvX19hc2lhLS1zb3V0aDFfX2NoZWNrb3V0X3N0YXR1czp2ZXJzaW9uXzEY3Kmrlo4DIkhwcm9qZWN0cy9lc2h3ZXNhcmVlc3R1ZGlvL2xvY2F0aW9ucy9hc2lhLXNvdXRoMS9mdW5jdGlvbnMvY2hlY2tvdXRTdGF0dXMqCwj/9ZXVBhDYr64pMghub2RlanMyMjp2CiNnY3IuaW8vZ2FlLXJ1bnRpbWVzL25vZGVqczIyOnN0YWJsZRJPYXNpYS1zb3V0aDEtZG9ja2VyLnBrZy5kZXYvc2VydmVybGVzcy1ydW50aW1lcy9nb29nbGUtMjItZnVsbC9ydW50aW1lcy9ub2RlanMyMkAB","operationType":"UPDATE_FUNCTION","buildName":"projects/106884158684/locations/asia-south1/builds/75357442-c93c-4deb-8428-97b0454b58a5"},"done":false}
[2026-09-12T16:17:18.521Z] Got source token Cldwcm9qZWN0cy8xMDY4ODQxNTg2ODQvbG9jYXRpb25zL2FzaWEtc291dGgxL2J1aWxkcy83NTM1NzQ0Mi1jOTNjLTRkZWItODQyOC05N2IwNDU0YjU4YTUSc2FzaWEtc291dGgxLWRvY2tlci5wa2cuZGV2L2VzaHdlc2FyZWVzdHVkaW8vZ2NmLWFydGlmYWN0cy9lc2h3ZXNhcmVlc3R1ZGlvX19hc2lhLS1zb3V0aDFfX2NoZWNrb3V0X3N0YXR1czp2ZXJzaW9uXzEY3Kmrlo4DIkhwcm9qZWN0cy9lc2h3ZXNhcmVlc3R1ZGlvL2xvY2F0aW9ucy9hc2lhLXNvdXRoMS9mdW5jdGlvbnMvY2hlY2tvdXRTdGF0dXMqCwj/9ZXVBhDYr64pMghub2RlanMyMjp2CiNnY3IuaW8vZ2FlLXJ1bnRpbWVzL25vZGVqczIyOnN0YWJsZRJPYXNpYS1zb3V0aDEtZG9ja2VyLnBrZy5kZXYvc2VydmVybGVzcy1ydW50aW1lcy9nb29nbGUtMjItZnVsbC9ydW50aW1lcy9ub2RlanMyMkAB for region asia-south1
[2026-09-12T16:17:18.568Z] [update-default-asia-south1-sendCustomerOtp] Retrying task index 0
[2026-09-12T16:17:18.568Z] Checked if tokens are valid: true, expires at: 1789232947367
[2026-09-12T16:17:18.568Z] Checked if tokens are valid: true, expires at: 1789232947367
[2026-09-12T16:17:18.568Z] >>> [apiv2][query] GET https://cloudfunctions.googleapis.com/v2/projects/eshwesareestudio/locations/asia-south1/operations/operation-1789229827626-65b4b884c17e5-97d52ade-6a0718ae [none]
[2026-09-12T16:17:18.569Z] <<< [apiv2][status] GET https://cloudfunctions.googleapis.com/v2/projects/eshwesareestudio/locations/asia-south1/operations/operation-1789229827623-65b4b884c0add-cb02fdd4-5553ac80 200
[2026-09-12T16:17:18.569Z] <<< [apiv2][body] GET https://cloudfunctions.googleapis.com/v2/projects/eshwesareestudio/locations/asia-south1/operations/operation-1789229827623-65b4b884c0add-cb02fdd4-5553ac80 {"name":"projects/eshwesareestudio/locations/asia-south1/operations/operation-1789229827623-65b4b884c0add-cb02fdd4-5553ac80","metadata":{"@type":"type.googleapis.com/google.cloud.functions.v2.OperationMetadata","createTime":"2026-09-12T16:17:08.962904737Z","endTime":"2026-09-12T16:17:16.752543314Z","target":"projects/eshwesareestudio/locations/asia-south1/functions/verifyRazorpayPayment","verb":"update","cancelRequested":false,"apiVersion":"v2","requestResource":{"@type":"type.googleapis.com/google.cloud.functions.v2.Function","name":"projects/eshwesareestudio/locations/asia-south1/functions/verifyRazorpayPayment","buildConfig":{"runtime":"nodejs22","entryPoint":"verifyRazorpayPayment","source":{"storageSource":{"bucket":"gcf-v2-sources-106884158684-asia-south1","object":"verifyRazorpayPayment/function-source.zip","generation":"1789229828924241"}},"environmentVariables":{"GOOGLE_NODE_RUN_SCRIPTS":""},"dockerRepository":"projects/eshwesareestudio/locations/asia-south1/repositories/gcf-artifacts","sourceProvenance":{"resolvedStorageSource":{"bucket":"gcf-v2-sources-106884158684-asia-south1","object":"verifyRazorpayPayment/function-source.zip","generation":"1789037073431061"}},"dockerRegistry":"ARTIFACT_REGISTRY","sourceToken":"Cldwcm9qZWN0cy8xMDY4ODQxNTg2ODQvbG9jYXRpb25zL2FzaWEtc291dGgxL2J1aWxkcy83NTM1NzQ0Mi1jOTNjLTRkZWItODQyOC05N2IwNDU0YjU4YTUSc2FzaWEtc291dGgxLWRvY2tlci5wa2cuZGV2L2VzaHdlc2FyZWVzdHVkaW8vZ2NmLWFydGlmYWN0cy9lc2h3ZXNhcmVlc3R1ZGlvX19hc2lhLS1zb3V0aDFfX2NoZWNrb3V0X3N0YXR1czp2ZXJzaW9uXzEY3Kmrlo4DIkhwcm9qZWN0cy9lc2h3ZXNhcmVlc3R1ZGlvL2xvY2F0aW9ucy9hc2lhLXNvdXRoMS9mdW5jdGlvbnMvY2hlY2tvdXRTdGF0dXMqCwj/9ZXVBhDYr64pMghub2RlanMyMjp2CiNnY3IuaW8vZ2FlLXJ1bnRpbWVzL25vZGVqczIyOnN0YWJsZRJPYXNpYS1zb3V0aDEtZG9ja2VyLnBrZy5kZXYvc2VydmVybGVzcy1ydW50aW1lcy9nb29nbGUtMjItZnVsbC9ydW50aW1lcy9ub2RlanMyMkAB","serviceAccount":"projects/eshwesareestudio/serviceAccounts/106884158684-compute@developer.gserviceaccount.com","automaticUpdatePolicy":{}},"serviceConfig":{"service":"projects/eshwesareestudio/locations/asia-south1/services/verifyrazorpaypayment","timeoutSeconds":60,"environmentVariables":{"FIREBASE_CONFIG":"{\"projectId\":\"eshwesareestudio\",\"storageBucket\":\"eshwesareestudio.firebasestorage.app\"}","GCLOUD_PROJECT":"eshwesareestudio","EVENTARC_CLOUD_EVENT_SOURCE":"projects/eshwesareestudio/locations/asia-south1/services/verifyRazorpayPayment","FUNCTION_REGION":"asia-south1","FUNCTION_TARGET":"verifyRazorpayPayment","LOG_EXECUTION_ID":"true","FUNCTION_SIGNATURE_TYPE":"http"},"ingressSettings":"ALLOW_ALL","uri":"https://verifyrazorpaypayment-n7x6wk6maa-el.a.run.app","serviceAccountEmail":"106884158684-compute@developer.gserviceaccount.com","availableMemory":"256Mi","allTrafficOnLatestRevision":true,"secretEnvironmentVariables":[{"key":"RAZORPAY_KEY_SECRET","projectId":"eshwesareestudio","secret":"RAZORPAY_KEY_SECRET","version":"4"},{"key":"RAZORPAY_KEY_ID","projectId":"eshwesareestudio","secret":"RAZORPAY_KEY_ID","version":"4"}],"revision":"verifyrazorpaypayment-00017-sef","maxInstanceRequestConcurrency":80,"availableCpu":"1"},"state":"ACTIVE","labels":{"deployment-tool":"cli-firebase","firebase-functions-hash":"7a9b9a7115660114738002785d5b32cccf95d19e"},"environment":"GEN_2","url":"https://asia-south1-eshwesareestudio.cloudfunctions.net/verifyRazorpayPayment","satisfiesPzs":true,"satisfiesPzi":true},"stages":[{"name":"BUILD","message":"Reusing build","state":"COMPLETE","resource":"projects/106884158684/locations/asia-south1/builds/75357442-c93c-4deb-8428-97b0454b58a5"},{"name":"SERVICE","message":"Updating Cloud Run service","state":"COMPLETE","resource":"projects/eshwesareestudio/locations/asia-south1/services/verifyrazorpaypayment","resourceUri":"https://console.cloud.google.com/run/detail/asia-south1/verifyrazorpaypayment?project=eshwesareestudio","stateMessages":[{"severity":"INFO","type":"CloudRunServiceNewRevisionTrafficInfo","message":"A new revision will be deployed serving with 100% traffic."}]}],"sourceToken":"Cldwcm9qZWN0cy8xMDY4ODQxNTg2ODQvbG9jYXRpb25zL2FzaWEtc291dGgxL2J1aWxkcy83NTM1NzQ0Mi1jOTNjLTRkZWItODQyOC05N2IwNDU0YjU4YTUSc2FzaWEtc291dGgxLWRvY2tlci5wa2cuZGV2L2VzaHdlc2FyZWVzdHVkaW8vZ2NmLWFydGlmYWN0cy9lc2h3ZXNhcmVlc3R1ZGlvX19hc2lhLS1zb3V0aDFfX2NoZWNrb3V0X3N0YXR1czp2ZXJzaW9uXzEY3Kmrlo4DIkhwcm9qZWN0cy9lc2h3ZXNhcmVlc3R1ZGlvL2xvY2F0aW9ucy9hc2lhLXNvdXRoMS9mdW5jdGlvbnMvY2hlY2tvdXRTdGF0dXMqCwj/9ZXVBhDYr64pMghub2RlanMyMjp2CiNnY3IuaW8vZ2FlLXJ1bnRpbWVzL25vZGVqczIyOnN0YWJsZRJPYXNpYS1zb3V0aDEtZG9ja2VyLnBrZy5kZXYvc2VydmVybGVzcy1ydW50aW1lcy9nb29nbGUtMjItZnVsbC9ydW50aW1lcy9ub2RlanMyMkAB","operationType":"UPDATE_FUNCTION","buildName":"projects/106884158684/locations/asia-south1/builds/75357442-c93c-4deb-8428-97b0454b58a5"},"done":true,"response":{"@type":"type.googleapis.com/google.cloud.functions.v2.Function","name":"projects/eshwesareestudio/locations/asia-south1/functions/verifyRazorpayPayment","buildConfig":{"build":"projects/106884158684/locations/asia-south1/builds/75357442-c93c-4deb-8428-97b0454b58a5","runtime":"nodejs22","entryPoint":"verifyRazorpayPayment","source":{"storageSource":{"bucket":"gcf-v2-sources-106884158684-asia-south1","object":"verifyRazorpayPayment/function-source.zip","generation":"1789229828924241"}},"environmentVariables":{"GOOGLE_NODE_RUN_SCRIPTS":""},"dockerRepository":"projects/eshwesareestudio/locations/asia-south1/repositories/gcf-artifacts","sourceProvenance":{"resolvedStorageSource":{"bucket":"gcf-v2-sources-106884158684-asia-south1","object":"verifyRazorpayPayment/function-source.zip","generation":"1789229828924241"}},"dockerRegistry":"ARTIFACT_REGISTRY","serviceAccount":"projects/eshwesareestudio/serviceAccounts/106884158684-compute@developer.gserviceaccount.com","automaticUpdatePolicy":{}},"serviceConfig":{"service":"projects/eshwesareestudio/locations/asia-south1/services/verifyrazorpaypayment","timeoutSeconds":60,"environmentVariables":{"FIREBASE_CONFIG":"{\"projectId\":\"eshwesareestudio\",\"storageBucket\":\"eshwesareestudio.firebasestorage.app\"}","GCLOUD_PROJECT":"eshwesareestudio","EVENTARC_CLOUD_EVENT_SOURCE":"projects/eshwesareestudio/locations/asia-south1/services/verifyRazorpayPayment","FUNCTION_REGION":"asia-south1","FUNCTION_TARGET":"verifyRazorpayPayment","LOG_EXECUTION_ID":"true","FUNCTION_SIGNATURE_TYPE":"http"},"maxInstanceCount":20,"ingressSettings":"ALLOW_ALL","uri":"https://verifyrazorpaypayment-n7x6wk6maa-el.a.run.app","serviceAccountEmail":"106884158684-compute@developer.gserviceaccount.com","availableMemory":"256Mi","allTrafficOnLatestRevision":true,"secretEnvironmentVariables":[{"key":"RAZORPAY_KEY_SECRET","projectId":"eshwesareestudio","secret":"RAZORPAY_KEY_SECRET","version":"4"},{"key":"RAZORPAY_KEY_ID","projectId":"eshwesareestudio","secret":"RAZORPAY_KEY_ID","version":"4"}],"revision":"verifyrazorpaypayment-00018-niz","maxInstanceRequestConcurrency":80,"availableCpu":"1"},"state":"ACTIVE","updateTime":"2026-09-12T16:17:08.964888807Z","labels":{"deployment-tool":"cli-firebase","firebase-functions-hash":"7a9b9a7115660114738002785d5b32cccf95d19e"},"environment":"GEN_2","url":"https://asia-south1-eshwesareestudio.cloudfunctions.net/verifyRazorpayPayment","satisfiesPzs":true,"createTime":"2026-08-23T15:49:16.338903811Z","satisfiesPzi":true}}
[2026-09-12T16:17:18.569Z] Got source token Cldwcm9qZWN0cy8xMDY4ODQxNTg2ODQvbG9jYXRpb25zL2FzaWEtc291dGgxL2J1aWxkcy83NTM1NzQ0Mi1jOTNjLTRkZWItODQyOC05N2IwNDU0YjU4YTUSc2FzaWEtc291dGgxLWRvY2tlci5wa2cuZGV2L2VzaHdlc2FyZWVzdHVkaW8vZ2NmLWFydGlmYWN0cy9lc2h3ZXNhcmVlc3R1ZGlvX19hc2lhLS1zb3V0aDFfX2NoZWNrb3V0X3N0YXR1czp2ZXJzaW9uXzEY3Kmrlo4DIkhwcm9qZWN0cy9lc2h3ZXNhcmVlc3R1ZGlvL2xvY2F0aW9ucy9hc2lhLXNvdXRoMS9mdW5jdGlvbnMvY2hlY2tvdXRTdGF0dXMqCwj/9ZXVBhDYr64pMghub2RlanMyMjp2CiNnY3IuaW8vZ2FlLXJ1bnRpbWVzL25vZGVqczIyOnN0YWJsZRJPYXNpYS1zb3V0aDEtZG9ja2VyLnBrZy5kZXYvc2VydmVybGVzcy1ydW50aW1lcy9nb29nbGUtMjItZnVsbC9ydW50aW1lcy9ub2RlanMyMkAB for region asia-south1
✔  functions[verifyRazorpayPayment(asia-south1)] Successful update operation.
[2026-09-12T16:17:18.591Z] [update-default-asia-south1-sendContactEmailNotification] Retrying task index 0
[2026-09-12T16:17:18.591Z] Checked if tokens are valid: true, expires at: 1789232947367
[2026-09-12T16:17:18.591Z] Checked if tokens are valid: true, expires at: 1789232947367
[2026-09-12T16:17:18.591Z] >>> [apiv2][query] GET https://cloudfunctions.googleapis.com/v2/projects/eshwesareestudio/locations/asia-south1/operations/operation-1789229827625-65b4b884c10b1-8bd4c1a9-bdd42450 [none]
[2026-09-12T16:17:18.758Z] <<< [apiv2][status] POST https://run.googleapis.com/v1/projects/eshwesareestudio/locations/asia-south1/services/ownerorderaction:setIamPolicy 200
[2026-09-12T16:17:18.758Z] <<< [apiv2][body] POST https://run.googleapis.com/v1/projects/eshwesareestudio/locations/asia-south1/services/ownerorderaction:setIamPolicy {"version":1,"etag":"BwZbS4j0DSE=","bindings":[{"role":"roles/run.invoker","members":["allUsers"]}]}
✔  functions[ownerOrderAction(asia-south1)] Successful create operation.
[2026-09-12T16:17:18.789Z] <<< [apiv2][status] GET https://cloudfunctions.googleapis.com/v2/projects/eshwesareestudio/locations/asia-south1/operations/operation-1789229827712-65b4b884d66d1-78676f56-a702d825 200
[2026-09-12T16:17:18.789Z] <<< [apiv2][body] GET https://cloudfunctions.googleapis.com/v2/projects/eshwesareestudio/locations/asia-south1/operations/operation-1789229827712-65b4b884d66d1-78676f56-a702d825 {"name":"projects/eshwesareestudio/locations/asia-south1/operations/operation-1789229827712-65b4b884d66d1-78676f56-a702d825","metadata":{"@type":"type.googleapis.com/google.cloud.functions.v2.OperationMetadata","createTime":"2026-09-12T16:17:09.056725386Z","endTime":"2026-09-12T16:17:17.021367258Z","target":"projects/eshwesareestudio/locations/asia-south1/functions/razorpayAppCallback","verb":"update","cancelRequested":false,"apiVersion":"v2","requestResource":{"@type":"type.googleapis.com/google.cloud.functions.v2.Function","name":"projects/eshwesareestudio/locations/asia-south1/functions/razorpayAppCallback","buildConfig":{"runtime":"nodejs22","entryPoint":"razorpayAppCallback","source":{"storageSource":{"bucket":"gcf-v2-sources-106884158684-asia-south1","object":"razorpayAppCallback/function-source.zip","generation":"1789229829013283"}},"environmentVariables":{"GOOGLE_NODE_RUN_SCRIPTS":""},"dockerRepository":"projects/eshwesareestudio/locations/asia-south1/repositories/gcf-artifacts","sourceProvenance":{"resolvedStorageSource":{"bucket":"gcf-v2-sources-106884158684-asia-south1","object":"razorpayAppCallback/function-source.zip","generation":"1789037073984830"}},"dockerRegistry":"ARTIFACT_REGISTRY","sourceToken":"Cldwcm9qZWN0cy8xMDY4ODQxNTg2ODQvbG9jYXRpb25zL2FzaWEtc291dGgxL2J1aWxkcy83NTM1NzQ0Mi1jOTNjLTRkZWItODQyOC05N2IwNDU0YjU4YTUSc2FzaWEtc291dGgxLWRvY2tlci5wa2cuZGV2L2VzaHdlc2FyZWVzdHVkaW8vZ2NmLWFydGlmYWN0cy9lc2h3ZXNhcmVlc3R1ZGlvX19hc2lhLS1zb3V0aDFfX2NoZWNrb3V0X3N0YXR1czp2ZXJzaW9uXzEY3Kmrlo4DIkhwcm9qZWN0cy9lc2h3ZXNhcmVlc3R1ZGlvL2xvY2F0aW9ucy9hc2lhLXNvdXRoMS9mdW5jdGlvbnMvY2hlY2tvdXRTdGF0dXMqCwj/9ZXVBhDYr64pMghub2RlanMyMjp2CiNnY3IuaW8vZ2FlLXJ1bnRpbWVzL25vZGVqczIyOnN0YWJsZRJPYXNpYS1zb3V0aDEtZG9ja2VyLnBrZy5kZXYvc2VydmVybGVzcy1ydW50aW1lcy9nb29nbGUtMjItZnVsbC9ydW50aW1lcy9ub2RlanMyMkAB","serviceAccount":"projects/eshwesareestudio/serviceAccounts/106884158684-compute@developer.gserviceaccount.com","automaticUpdatePolicy":{}},"serviceConfig":{"service":"projects/eshwesareestudio/locations/asia-south1/services/razorpayappcallback","timeoutSeconds":60,"environmentVariables":{"FIREBASE_CONFIG":"{\"projectId\":\"eshwesareestudio\",\"storageBucket\":\"eshwesareestudio.firebasestorage.app\"}","GCLOUD_PROJECT":"eshwesareestudio","EVENTARC_CLOUD_EVENT_SOURCE":"projects/eshwesareestudio/locations/asia-south1/services/razorpayAppCallback","FUNCTION_REGION":"asia-south1","FUNCTION_TARGET":"razorpayAppCallback","LOG_EXECUTION_ID":"true","FUNCTION_SIGNATURE_TYPE":"http"},"ingressSettings":"ALLOW_ALL","uri":"https://razorpayappcallback-n7x6wk6maa-el.a.run.app","serviceAccountEmail":"106884158684-compute@developer.gserviceaccount.com","availableMemory":"256Mi","allTrafficOnLatestRevision":true,"secretEnvironmentVariables":[{"key":"RAZORPAY_KEY_SECRET","projectId":"eshwesareestudio","secret":"RAZORPAY_KEY_SECRET","version":"4"},{"key":"RAZORPAY_KEY_ID","projectId":"eshwesareestudio","secret":"RAZORPAY_KEY_ID","version":"4"}],"revision":"razorpayappcallback-00008-deg","maxInstanceRequestConcurrency":80,"availableCpu":"1"},"state":"ACTIVE","labels":{"deployment-tool":"cli-firebase","firebase-functions-hash":"7a9b9a7115660114738002785d5b32cccf95d19e"},"environment":"GEN_2","url":"https://asia-south1-eshwesareestudio.cloudfunctions.net/razorpayAppCallback","satisfiesPzs":true,"satisfiesPzi":true},"stages":[{"name":"BUILD","message":"Reusing build","state":"COMPLETE","resource":"projects/106884158684/locations/asia-south1/builds/75357442-c93c-4deb-8428-97b0454b58a5"},{"name":"SERVICE","message":"Updating Cloud Run service","state":"COMPLETE","resource":"projects/eshwesareestudio/locations/asia-south1/services/razorpayappcallback","resourceUri":"https://console.cloud.google.com/run/detail/asia-south1/razorpayappcallback?project=eshwesareestudio","stateMessages":[{"severity":"INFO","type":"CloudRunServiceNewRevisionTrafficInfo","message":"A new revision will be deployed serving with 100% traffic."}]}],"sourceToken":"Cldwcm9qZWN0cy8xMDY4ODQxNTg2ODQvbG9jYXRpb25zL2FzaWEtc291dGgxL2J1aWxkcy83NTM1NzQ0Mi1jOTNjLTRkZWItODQyOC05N2IwNDU0YjU4YTUSc2FzaWEtc291dGgxLWRvY2tlci5wa2cuZGV2L2VzaHdlc2FyZWVzdHVkaW8vZ2NmLWFydGlmYWN0cy9lc2h3ZXNhcmVlc3R1ZGlvX19hc2lhLS1zb3V0aDFfX2NoZWNrb3V0X3N0YXR1czp2ZXJzaW9uXzEY3Kmrlo4DIkhwcm9qZWN0cy9lc2h3ZXNhcmVlc3R1ZGlvL2xvY2F0aW9ucy9hc2lhLXNvdXRoMS9mdW5jdGlvbnMvY2hlY2tvdXRTdGF0dXMqCwj/9ZXVBhDYr64pMghub2RlanMyMjp2CiNnY3IuaW8vZ2FlLXJ1bnRpbWVzL25vZGVqczIyOnN0YWJsZRJPYXNpYS1zb3V0aDEtZG9ja2VyLnBrZy5kZXYvc2VydmVybGVzcy1ydW50aW1lcy9nb29nbGUtMjItZnVsbC9ydW50aW1lcy9ub2RlanMyMkAB","operationType":"UPDATE_FUNCTION","buildName":"projects/106884158684/locations/asia-south1/builds/75357442-c93c-4deb-8428-97b0454b58a5"},"done":true,"response":{"@type":"type.googleapis.com/google.cloud.functions.v2.Function","name":"projects/eshwesareestudio/locations/asia-south1/functions/razorpayAppCallback","buildConfig":{"build":"projects/106884158684/locations/asia-south1/builds/75357442-c93c-4deb-8428-97b0454b58a5","runtime":"nodejs22","entryPoint":"razorpayAppCallback","source":{"storageSource":{"bucket":"gcf-v2-sources-106884158684-asia-south1","object":"razorpayAppCallback/function-source.zip","generation":"1789229829013283"}},"environmentVariables":{"GOOGLE_NODE_RUN_SCRIPTS":""},"dockerRepository":"projects/eshwesareestudio/locations/asia-south1/repositories/gcf-artifacts","sourceProvenance":{"resolvedStorageSource":{"bucket":"gcf-v2-sources-106884158684-asia-south1","object":"razorpayAppCallback/function-source.zip","generation":"1789229829013283"}},"dockerRegistry":"ARTIFACT_REGISTRY","serviceAccount":"projects/eshwesareestudio/serviceAccounts/106884158684-compute@developer.gserviceaccount.com","automaticUpdatePolicy":{}},"serviceConfig":{"service":"projects/eshwesareestudio/locations/asia-south1/services/razorpayappcallback","timeoutSeconds":60,"environmentVariables":{"FIREBASE_CONFIG":"{\"projectId\":\"eshwesareestudio\",\"storageBucket\":\"eshwesareestudio.firebasestorage.app\"}","GCLOUD_PROJECT":"eshwesareestudio","EVENTARC_CLOUD_EVENT_SOURCE":"projects/eshwesareestudio/locations/asia-south1/services/razorpayAppCallback","FUNCTION_REGION":"asia-south1","FUNCTION_TARGET":"razorpayAppCallback","LOG_EXECUTION_ID":"true","FUNCTION_SIGNATURE_TYPE":"http"},"maxInstanceCount":20,"ingressSettings":"ALLOW_ALL","uri":"https://razorpayappcallback-n7x6wk6maa-el.a.run.app","serviceAccountEmail":"106884158684-compute@developer.gserviceaccount.com","availableMemory":"256Mi","allTrafficOnLatestRevision":true,"secretEnvironmentVariables":[{"key":"RAZORPAY_KEY_SECRET","projectId":"eshwesareestudio","secret":"RAZORPAY_KEY_SECRET","version":"4"},{"key":"RAZORPAY_KEY_ID","projectId":"eshwesareestudio","secret":"RAZORPAY_KEY_ID","version":"4"}],"revision":"razorpayappcallback-00009-fuw","maxInstanceRequestConcurrency":80,"availableCpu":"1"},"state":"ACTIVE","updateTime":"2026-09-12T16:17:09.059262145Z","labels":{"deployment-tool":"cli-firebase","firebase-functions-hash":"7a9b9a7115660114738002785d5b32cccf95d19e"},"environment":"GEN_2","url":"https://asia-south1-eshwesareestudio.cloudfunctions.net/razorpayAppCallback","satisfiesPzs":true,"createTime":"2026-08-29T15:58:16.000324967Z","satisfiesPzi":true}}
[2026-09-12T16:17:18.789Z] Got source token Cldwcm9qZWN0cy8xMDY4ODQxNTg2ODQvbG9jYXRpb25zL2FzaWEtc291dGgxL2J1aWxkcy83NTM1NzQ0Mi1jOTNjLTRkZWItODQyOC05N2IwNDU0YjU4YTUSc2FzaWEtc291dGgxLWRvY2tlci5wa2cuZGV2L2VzaHdlc2FyZWVzdHVkaW8vZ2NmLWFydGlmYWN0cy9lc2h3ZXNhcmVlc3R1ZGlvX19hc2lhLS1zb3V0aDFfX2NoZWNrb3V0X3N0YXR1czp2ZXJzaW9uXzEY3Kmrlo4DIkhwcm9qZWN0cy9lc2h3ZXNhcmVlc3R1ZGlvL2xvY2F0aW9ucy9hc2lhLXNvdXRoMS9mdW5jdGlvbnMvY2hlY2tvdXRTdGF0dXMqCwj/9ZXVBhDYr64pMghub2RlanMyMjp2CiNnY3IuaW8vZ2FlLXJ1bnRpbWVzL25vZGVqczIyOnN0YWJsZRJPYXNpYS1zb3V0aDEtZG9ja2VyLnBrZy5kZXYvc2VydmVybGVzcy1ydW50aW1lcy9nb29nbGUtMjItZnVsbC9ydW50aW1lcy9ub2RlanMyMkAB for region asia-south1
✔  functions[razorpayAppCallback(asia-south1)] Successful update operation.
[2026-09-12T16:17:19.014Z] <<< [apiv2][status] GET https://cloudfunctions.googleapis.com/v2/projects/eshwesareestudio/locations/asia-south1/operations/operation-1789229827626-65b4b884c17e5-97d52ade-6a0718ae 200
[2026-09-12T16:17:19.014Z] <<< [apiv2][body] GET https://cloudfunctions.googleapis.com/v2/projects/eshwesareestudio/locations/asia-south1/operations/operation-1789229827626-65b4b884c17e5-97d52ade-6a0718ae {"name":"projects/eshwesareestudio/locations/asia-south1/operations/operation-1789229827626-65b4b884c17e5-97d52ade-6a0718ae","metadata":{"@type":"type.googleapis.com/google.cloud.functions.v2.OperationMetadata","createTime":"2026-09-12T16:17:09.188888610Z","endTime":"2026-09-12T16:17:16.930218098Z","target":"projects/eshwesareestudio/locations/asia-south1/functions/sendCustomerOtp","verb":"update","cancelRequested":false,"apiVersion":"v2","requestResource":{"@type":"type.googleapis.com/google.cloud.functions.v2.Function","name":"projects/eshwesareestudio/locations/asia-south1/functions/sendCustomerOtp","buildConfig":{"runtime":"nodejs22","entryPoint":"sendCustomerOtp","source":{"storageSource":{"bucket":"gcf-v2-sources-106884158684-asia-south1","object":"sendCustomerOtp/function-source.zip","generation":"1789229829146571"}},"environmentVariables":{"GOOGLE_NODE_RUN_SCRIPTS":""},"dockerRepository":"projects/eshwesareestudio/locations/asia-south1/repositories/gcf-artifacts","sourceProvenance":{"resolvedStorageSource":{"bucket":"gcf-v2-sources-106884158684-asia-south1","object":"sendCustomerOtp/function-source.zip","generation":"1789046773389124"}},"dockerRegistry":"ARTIFACT_REGISTRY","sourceToken":"Cldwcm9qZWN0cy8xMDY4ODQxNTg2ODQvbG9jYXRpb25zL2FzaWEtc291dGgxL2J1aWxkcy83NTM1NzQ0Mi1jOTNjLTRkZWItODQyOC05N2IwNDU0YjU4YTUSc2FzaWEtc291dGgxLWRvY2tlci5wa2cuZGV2L2VzaHdlc2FyZWVzdHVkaW8vZ2NmLWFydGlmYWN0cy9lc2h3ZXNhcmVlc3R1ZGlvX19hc2lhLS1zb3V0aDFfX2NoZWNrb3V0X3N0YXR1czp2ZXJzaW9uXzEY3Kmrlo4DIkhwcm9qZWN0cy9lc2h3ZXNhcmVlc3R1ZGlvL2xvY2F0aW9ucy9hc2lhLXNvdXRoMS9mdW5jdGlvbnMvY2hlY2tvdXRTdGF0dXMqCwj/9ZXVBhDYr64pMghub2RlanMyMjp2CiNnY3IuaW8vZ2FlLXJ1bnRpbWVzL25vZGVqczIyOnN0YWJsZRJPYXNpYS1zb3V0aDEtZG9ja2VyLnBrZy5kZXYvc2VydmVybGVzcy1ydW50aW1lcy9nb29nbGUtMjItZnVsbC9ydW50aW1lcy9ub2RlanMyMkAB","serviceAccount":"projects/eshwesareestudio/serviceAccounts/106884158684-compute@developer.gserviceaccount.com","automaticUpdatePolicy":{}},"serviceConfig":{"service":"projects/eshwesareestudio/locations/asia-south1/services/sendcustomerotp","timeoutSeconds":60,"environmentVariables":{"FIREBASE_CONFIG":"{\"projectId\":\"eshwesareestudio\",\"storageBucket\":\"eshwesareestudio.firebasestorage.app\"}","GCLOUD_PROJECT":"eshwesareestudio","EVENTARC_CLOUD_EVENT_SOURCE":"projects/eshwesareestudio/locations/asia-south1/services/sendCustomerOtp","FUNCTION_REGION":"asia-south1","FUNCTION_TARGET":"sendCustomerOtp","LOG_EXECUTION_ID":"true","FUNCTION_SIGNATURE_TYPE":"http"},"ingressSettings":"ALLOW_ALL","uri":"https://sendcustomerotp-n7x6wk6maa-el.a.run.app","serviceAccountEmail":"106884158684-compute@developer.gserviceaccount.com","availableMemory":"256Mi","allTrafficOnLatestRevision":true,"secretEnvironmentVariables":[{"key":"MSG91_AUTH_KEY","projectId":"eshwesareestudio","secret":"MSG91_AUTH_KEY","version":"1"},{"key":"MSG91_OTP_TEMPLATE_ID","projectId":"eshwesareestudio","secret":"MSG91_OTP_TEMPLATE_ID","version":"2"}],"revision":"sendcustomerotp-00006-bel","maxInstanceRequestConcurrency":80,"availableCpu":"1"},"state":"ACTIVE","labels":{"deployment-tool":"cli-firebase","firebase-functions-hash":"bce7731a43ae1fae479c1e6fc4c1759214a42bce"},"environment":"GEN_2","url":"https://asia-south1-eshwesareestudio.cloudfunctions.net/sendCustomerOtp","satisfiesPzs":true,"satisfiesPzi":true},"stages":[{"name":"BUILD","message":"Reusing build","state":"COMPLETE","resource":"projects/106884158684/locations/asia-south1/builds/75357442-c93c-4deb-8428-97b0454b58a5"},{"name":"SERVICE","message":"Updating Cloud Run service","state":"COMPLETE","resource":"projects/eshwesareestudio/locations/asia-south1/services/sendcustomerotp","resourceUri":"https://console.cloud.google.com/run/detail/asia-south1/sendcustomerotp?project=eshwesareestudio","stateMessages":[{"severity":"INFO","type":"CloudRunServiceNewRevisionTrafficInfo","message":"A new revision will be deployed serving with 100% traffic."}]}],"sourceToken":"Cldwcm9qZWN0cy8xMDY4ODQxNTg2ODQvbG9jYXRpb25zL2FzaWEtc291dGgxL2J1aWxkcy83NTM1NzQ0Mi1jOTNjLTRkZWItODQyOC05N2IwNDU0YjU4YTUSc2FzaWEtc291dGgxLWRvY2tlci5wa2cuZGV2L2VzaHdlc2FyZWVzdHVkaW8vZ2NmLWFydGlmYWN0cy9lc2h3ZXNhcmVlc3R1ZGlvX19hc2lhLS1zb3V0aDFfX2NoZWNrb3V0X3N0YXR1czp2ZXJzaW9uXzEY3Kmrlo4DIkhwcm9qZWN0cy9lc2h3ZXNhcmVlc3R1ZGlvL2xvY2F0aW9ucy9hc2lhLXNvdXRoMS9mdW5jdGlvbnMvY2hlY2tvdXRTdGF0dXMqCwj/9ZXVBhDYr64pMghub2RlanMyMjp2CiNnY3IuaW8vZ2FlLXJ1bnRpbWVzL25vZGVqczIyOnN0YWJsZRJPYXNpYS1zb3V0aDEtZG9ja2VyLnBrZy5kZXYvc2VydmVybGVzcy1ydW50aW1lcy9nb29nbGUtMjItZnVsbC9ydW50aW1lcy9ub2RlanMyMkAB","operationType":"UPDATE_FUNCTION","buildName":"projects/106884158684/locations/asia-south1/builds/75357442-c93c-4deb-8428-97b0454b58a5"},"done":true,"response":{"@type":"type.googleapis.com/google.cloud.functions.v2.Function","name":"projects/eshwesareestudio/locations/asia-south1/functions/sendCustomerOtp","buildConfig":{"build":"projects/106884158684/locations/asia-south1/builds/75357442-c93c-4deb-8428-97b0454b58a5","runtime":"nodejs22","entryPoint":"sendCustomerOtp","source":{"storageSource":{"bucket":"gcf-v2-sources-106884158684-asia-south1","object":"sendCustomerOtp/function-source.zip","generation":"1789229829146571"}},"environmentVariables":{"GOOGLE_NODE_RUN_SCRIPTS":""},"dockerRepository":"projects/eshwesareestudio/locations/asia-south1/repositories/gcf-artifacts","sourceProvenance":{"resolvedStorageSource":{"bucket":"gcf-v2-sources-106884158684-asia-south1","object":"sendCustomerOtp/function-source.zip","generation":"1789229829146571"}},"dockerRegistry":"ARTIFACT_REGISTRY","serviceAccount":"projects/eshwesareestudio/serviceAccounts/106884158684-compute@developer.gserviceaccount.com","automaticUpdatePolicy":{}},"serviceConfig":{"service":"projects/eshwesareestudio/locations/asia-south1/services/sendcustomerotp","timeoutSeconds":60,"environmentVariables":{"FIREBASE_CONFIG":"{\"projectId\":\"eshwesareestudio\",\"storageBucket\":\"eshwesareestudio.firebasestorage.app\"}","GCLOUD_PROJECT":"eshwesareestudio","EVENTARC_CLOUD_EVENT_SOURCE":"projects/eshwesareestudio/locations/asia-south1/services/sendCustomerOtp","FUNCTION_REGION":"asia-south1","FUNCTION_TARGET":"sendCustomerOtp","LOG_EXECUTION_ID":"true","FUNCTION_SIGNATURE_TYPE":"http"},"maxInstanceCount":20,"ingressSettings":"ALLOW_ALL","uri":"https://sendcustomerotp-n7x6wk6maa-el.a.run.app","serviceAccountEmail":"106884158684-compute@developer.gserviceaccount.com","availableMemory":"256Mi","allTrafficOnLatestRevision":true,"secretEnvironmentVariables":[{"key":"MSG91_AUTH_KEY","projectId":"eshwesareestudio","secret":"MSG91_AUTH_KEY","version":"1"},{"key":"MSG91_OTP_TEMPLATE_ID","projectId":"eshwesareestudio","secret":"MSG91_OTP_TEMPLATE_ID","version":"2"}],"revision":"sendcustomerotp-00007-yep","maxInstanceRequestConcurrency":80,"availableCpu":"1"},"state":"ACTIVE","updateTime":"2026-09-12T16:17:09.190431300Z","labels":{"deployment-tool":"cli-firebase","firebase-functions-hash":"bce7731a43ae1fae479c1e6fc4c1759214a42bce"},"environment":"GEN_2","url":"https://asia-south1-eshwesareestudio.cloudfunctions.net/sendCustomerOtp","satisfiesPzs":true,"createTime":"2026-08-30T10:45:40.377758530Z","satisfiesPzi":true}}
[2026-09-12T16:17:19.014Z] Got source token Cldwcm9qZWN0cy8xMDY4ODQxNTg2ODQvbG9jYXRpb25zL2FzaWEtc291dGgxL2J1aWxkcy83NTM1NzQ0Mi1jOTNjLTRkZWItODQyOC05N2IwNDU0YjU4YTUSc2FzaWEtc291dGgxLWRvY2tlci5wa2cuZGV2L2VzaHdlc2FyZWVzdHVkaW8vZ2NmLWFydGlmYWN0cy9lc2h3ZXNhcmVlc3R1ZGlvX19hc2lhLS1zb3V0aDFfX2NoZWNrb3V0X3N0YXR1czp2ZXJzaW9uXzEY3Kmrlo4DIkhwcm9qZWN0cy9lc2h3ZXNhcmVlc3R1ZGlvL2xvY2F0aW9ucy9hc2lhLXNvdXRoMS9mdW5jdGlvbnMvY2hlY2tvdXRTdGF0dXMqCwj/9ZXVBhDYr64pMghub2RlanMyMjp2CiNnY3IuaW8vZ2FlLXJ1bnRpbWVzL25vZGVqczIyOnN0YWJsZRJPYXNpYS1zb3V0aDEtZG9ja2VyLnBrZy5kZXYvc2VydmVybGVzcy1ydW50aW1lcy9nb29nbGUtMjItZnVsbC9ydW50aW1lcy9ub2RlanMyMkAB for region asia-south1
✔  functions[sendCustomerOtp(asia-south1)] Successful update operation.
[2026-09-12T16:17:19.028Z] <<< [apiv2][status] GET https://cloudfunctions.googleapis.com/v2/projects/eshwesareestudio/locations/asia-south1/operations/operation-1789229827625-65b4b884c10b1-8bd4c1a9-bdd42450 200
[2026-09-12T16:17:19.029Z] <<< [apiv2][body] GET https://cloudfunctions.googleapis.com/v2/projects/eshwesareestudio/locations/asia-south1/operations/operation-1789229827625-65b4b884c10b1-8bd4c1a9-bdd42450 {"name":"projects/eshwesareestudio/locations/asia-south1/operations/operation-1789229827625-65b4b884c10b1-8bd4c1a9-bdd42450","metadata":{"@type":"type.googleapis.com/google.cloud.functions.v2.OperationMetadata","createTime":"2026-09-12T16:17:09.256731354Z","endTime":"2026-09-12T16:17:17.948619100Z","target":"projects/eshwesareestudio/locations/asia-south1/functions/sendContactEmailNotification","verb":"update","cancelRequested":false,"apiVersion":"v2","requestResource":{"@type":"type.googleapis.com/google.cloud.functions.v2.Function","name":"projects/eshwesareestudio/locations/asia-south1/functions/sendContactEmailNotification","buildConfig":{"runtime":"nodejs22","entryPoint":"sendContactEmailNotification","source":{"storageSource":{"bucket":"gcf-v2-sources-106884158684-asia-south1","object":"sendContactEmailNotification/function-source.zip","generation":"1789229829219353"}},"environmentVariables":{"GOOGLE_NODE_RUN_SCRIPTS":""},"dockerRepository":"projects/eshwesareestudio/locations/asia-south1/repositories/gcf-artifacts","sourceProvenance":{"resolvedStorageSource":{"bucket":"gcf-v2-sources-106884158684-asia-south1","object":"sendContactEmailNotification/function-source.zip","generation":"1788596247997556"}},"dockerRegistry":"ARTIFACT_REGISTRY","sourceToken":"Cldwcm9qZWN0cy8xMDY4ODQxNTg2ODQvbG9jYXRpb25zL2FzaWEtc291dGgxL2J1aWxkcy83NTM1NzQ0Mi1jOTNjLTRkZWItODQyOC05N2IwNDU0YjU4YTUSc2FzaWEtc291dGgxLWRvY2tlci5wa2cuZGV2L2VzaHdlc2FyZWVzdHVkaW8vZ2NmLWFydGlmYWN0cy9lc2h3ZXNhcmVlc3R1ZGlvX19hc2lhLS1zb3V0aDFfX2NoZWNrb3V0X3N0YXR1czp2ZXJzaW9uXzEY3Kmrlo4DIkhwcm9qZWN0cy9lc2h3ZXNhcmVlc3R1ZGlvL2xvY2F0aW9ucy9hc2lhLXNvdXRoMS9mdW5jdGlvbnMvY2hlY2tvdXRTdGF0dXMqCwj/9ZXVBhDYr64pMghub2RlanMyMjp2CiNnY3IuaW8vZ2FlLXJ1bnRpbWVzL25vZGVqczIyOnN0YWJsZRJPYXNpYS1zb3V0aDEtZG9ja2VyLnBrZy5kZXYvc2VydmVybGVzcy1ydW50aW1lcy9nb29nbGUtMjItZnVsbC9ydW50aW1lcy9ub2RlanMyMkAB","serviceAccount":"projects/eshwesareestudio/serviceAccounts/106884158684-compute@developer.gserviceaccount.com","automaticUpdatePolicy":{}},"serviceConfig":{"service":"projects/eshwesareestudio/locations/asia-south1/services/sendcontactemailnotification","timeoutSeconds":60,"environmentVariables":{"FIREBASE_CONFIG":"{\"projectId\":\"eshwesareestudio\",\"storageBucket\":\"eshwesareestudio.firebasestorage.app\"}","GCLOUD_PROJECT":"eshwesareestudio","EVENTARC_CLOUD_EVENT_SOURCE":"projects/eshwesareestudio/locations/asia-south1/services/sendContactEmailNotification","FUNCTION_REGION":"asia-south1","FUNCTION_SIGNATURE_TYPE":"cloudevent","FUNCTION_TARGET":"sendContactEmailNotification","LOG_EXECUTION_ID":"true"},"ingressSettings":"ALLOW_ALL","uri":"https://sendcontactemailnotification-n7x6wk6maa-el.a.run.app","serviceAccountEmail":"106884158684-compute@developer.gserviceaccount.com","availableMemory":"256Mi","allTrafficOnLatestRevision":true,"secretEnvironmentVariables":[{"key":"CONTACT_SMTP_PASSWORD","projectId":"eshwesareestudio","secret":"CONTACT_SMTP_PASSWORD","version":"1"}],"revision":"sendcontactemailnotification-00001-qal","maxInstanceRequestConcurrency":80,"availableCpu":"1"},"eventTrigger":{"trigger":"projects/eshwesareestudio/locations/nam5/triggers/sendcontactemailnotification-186952","triggerRegion":"nam5","eventType":"google.cloud.firestore.document.v1.created","eventFilters":[{"attribute":"database","value":"(default)"},{"attribute":"namespace","value":"(default)"},{"attribute":"document","value":"customerMessages/{messageId}","operator":"match-path-pattern"}],"pubsubTopic":"projects/eshwesareestudio/topics/eventarc-nam5-sendcontactemailnotification-186952-960","serviceAccountEmail":"106884158684-compute@developer.gserviceaccount.com","retryPolicy":"RETRY_POLICY_DO_NOT_RETRY"},"state":"ACTIVE","labels":{"deployment-tool":"cli-firebase","firebase-functions-hash":"029f533012d370aeb7006771c6739d48e1024cd1"},"environment":"GEN_2","url":"https://asia-south1-eshwesareestudio.cloudfunctions.net/sendContactEmailNotification","satisfiesPzs":true,"satisfiesPzi":true},"stages":[{"name":"BUILD","message":"Reusing build","state":"COMPLETE","resource":"projects/106884158684/locations/asia-south1/builds/75357442-c93c-4deb-8428-97b0454b58a5"},{"name":"SERVICE","message":"Updating Cloud Run service","state":"COMPLETE","resource":"projects/eshwesareestudio/locations/asia-south1/services/sendcontactemailnotification","resourceUri":"https://console.cloud.google.com/run/detail/asia-south1/sendcontactemailnotification?project=eshwesareestudio","stateMessages":[{"severity":"INFO","type":"CloudRunServiceNewRevisionTrafficInfo","message":"A new revision will be deployed serving with 100% traffic."}]},{"name":"TRIGGER","state":"NOT_STARTED"}],"sourceToken":"Cldwcm9qZWN0cy8xMDY4ODQxNTg2ODQvbG9jYXRpb25zL2FzaWEtc291dGgxL2J1aWxkcy83NTM1NzQ0Mi1jOTNjLTRkZWItODQyOC05N2IwNDU0YjU4YTUSc2FzaWEtc291dGgxLWRvY2tlci5wa2cuZGV2L2VzaHdlc2FyZWVzdHVkaW8vZ2NmLWFydGlmYWN0cy9lc2h3ZXNhcmVlc3R1ZGlvX19hc2lhLS1zb3V0aDFfX2NoZWNrb3V0X3N0YXR1czp2ZXJzaW9uXzEY3Kmrlo4DIkhwcm9qZWN0cy9lc2h3ZXNhcmVlc3R1ZGlvL2xvY2F0aW9ucy9hc2lhLXNvdXRoMS9mdW5jdGlvbnMvY2hlY2tvdXRTdGF0dXMqCwj/9ZXVBhDYr64pMghub2RlanMyMjp2CiNnY3IuaW8vZ2FlLXJ1bnRpbWVzL25vZGVqczIyOnN0YWJsZRJPYXNpYS1zb3V0aDEtZG9ja2VyLnBrZy5kZXYvc2VydmVybGVzcy1ydW50aW1lcy9nb29nbGUtMjItZnVsbC9ydW50aW1lcy9ub2RlanMyMkAB","operationType":"UPDATE_FUNCTION","buildName":"projects/106884158684/locations/asia-south1/builds/75357442-c93c-4deb-8428-97b0454b58a5"},"done":true,"response":{"@type":"type.googleapis.com/google.cloud.functions.v2.Function","name":"projects/eshwesareestudio/locations/asia-south1/functions/sendContactEmailNotification","buildConfig":{"build":"projects/106884158684/locations/asia-south1/builds/75357442-c93c-4deb-8428-97b0454b58a5","runtime":"nodejs22","entryPoint":"sendContactEmailNotification","source":{"storageSource":{"bucket":"gcf-v2-sources-106884158684-asia-south1","object":"sendContactEmailNotification/function-source.zip","generation":"1789229829219353"}},"environmentVariables":{"GOOGLE_NODE_RUN_SCRIPTS":""},"dockerRepository":"projects/eshwesareestudio/locations/asia-south1/repositories/gcf-artifacts","sourceProvenance":{"resolvedStorageSource":{"bucket":"gcf-v2-sources-106884158684-asia-south1","object":"sendContactEmailNotification/function-source.zip","generation":"1789229829219353"}},"dockerRegistry":"ARTIFACT_REGISTRY","serviceAccount":"projects/eshwesareestudio/serviceAccounts/106884158684-compute@developer.gserviceaccount.com","automaticUpdatePolicy":{}},"serviceConfig":{"service":"projects/eshwesareestudio/locations/asia-south1/services/sendcontactemailnotification","timeoutSeconds":60,"environmentVariables":{"FIREBASE_CONFIG":"{\"projectId\":\"eshwesareestudio\",\"storageBucket\":\"eshwesareestudio.firebasestorage.app\"}","GCLOUD_PROJECT":"eshwesareestudio","EVENTARC_CLOUD_EVENT_SOURCE":"projects/eshwesareestudio/locations/asia-south1/services/sendContactEmailNotification","FUNCTION_REGION":"asia-south1","FUNCTION_SIGNATURE_TYPE":"cloudevent","FUNCTION_TARGET":"sendContactEmailNotification","LOG_EXECUTION_ID":"true"},"maxInstanceCount":20,"ingressSettings":"ALLOW_ALL","uri":"https://sendcontactemailnotification-n7x6wk6maa-el.a.run.app","serviceAccountEmail":"106884158684-compute@developer.gserviceaccount.com","availableMemory":"256Mi","allTrafficOnLatestRevision":true,"secretEnvironmentVariables":[{"key":"CONTACT_SMTP_PASSWORD","projectId":"eshwesareestudio","secret":"CONTACT_SMTP_PASSWORD","version":"1"}],"revision":"sendcontactemailnotification-00002-saz","maxInstanceRequestConcurrency":80,"availableCpu":"1"},"eventTrigger":{"trigger":"projects/eshwesareestudio/locations/nam5/triggers/sendcontactemailnotification-186952","triggerRegion":"nam5","eventType":"google.cloud.firestore.document.v1.created","eventFilters":[{"attribute":"namespace","value":"(default)"},{"attribute":"document","value":"customerMessages/{messageId}","operator":"match-path-pattern"},{"attribute":"database","value":"(default)"}],"pubsubTopic":"projects/eshwesareestudio/topics/eventarc-nam5-sendcontactemailnotification-186952-960","serviceAccountEmail":"106884158684-compute@developer.gserviceaccount.com","retryPolicy":"RETRY_POLICY_DO_NOT_RETRY"},"state":"ACTIVE","updateTime":"2026-09-12T16:17:09.258450724Z","labels":{"deployment-tool":"cli-firebase","firebase-functions-hash":"029f533012d370aeb7006771c6739d48e1024cd1"},"environment":"GEN_2","url":"https://asia-south1-eshwesareestudio.cloudfunctions.net/sendContactEmailNotification","satisfiesPzs":true,"createTime":"2026-09-05T08:17:29.128346954Z","satisfiesPzi":true}}
[2026-09-12T16:17:19.029Z] Got source token Cldwcm9qZWN0cy8xMDY4ODQxNTg2ODQvbG9jYXRpb25zL2FzaWEtc291dGgxL2J1aWxkcy83NTM1NzQ0Mi1jOTNjLTRkZWItODQyOC05N2IwNDU0YjU4YTUSc2FzaWEtc291dGgxLWRvY2tlci5wa2cuZGV2L2VzaHdlc2FyZWVzdHVkaW8vZ2NmLWFydGlmYWN0cy9lc2h3ZXNhcmVlc3R1ZGlvX19hc2lhLS1zb3V0aDFfX2NoZWNrb3V0X3N0YXR1czp2ZXJzaW9uXzEY3Kmrlo4DIkhwcm9qZWN0cy9lc2h3ZXNhcmVlc3R1ZGlvL2xvY2F0aW9ucy9hc2lhLXNvdXRoMS9mdW5jdGlvbnMvY2hlY2tvdXRTdGF0dXMqCwj/9ZXVBhDYr64pMghub2RlanMyMjp2CiNnY3IuaW8vZ2FlLXJ1bnRpbWVzL25vZGVqczIyOnN0YWJsZRJPYXNpYS1zb3V0aDEtZG9ja2VyLnBrZy5kZXYvc2VydmVybGVzcy1ydW50aW1lcy9nb29nbGUtMjItZnVsbC9ydW50aW1lcy9ub2RlanMyMkAB for region asia-south1
✔  functions[sendContactEmailNotification(asia-south1)] Successful update operation.
[2026-09-12T16:17:19.234Z] <<< [apiv2][status] POST https://run.googleapis.com/v1/projects/eshwesareestudio/locations/asia-south1/services/ownerproductaction:setIamPolicy 200
[2026-09-12T16:17:19.234Z] <<< [apiv2][body] POST https://run.googleapis.com/v1/projects/eshwesareestudio/locations/asia-south1/services/ownerproductaction:setIamPolicy {"version":1,"etag":"BwZbS4j7Yc4=","bindings":[{"role":"roles/run.invoker","members":["allUsers"]}]}
✔  functions[ownerProductAction(asia-south1)] Successful create operation.
[2026-09-12T16:17:19.311Z] <<< [apiv2][status] POST https://run.googleapis.com/v1/projects/eshwesareestudio/locations/asia-south1/services/reconcilecheckoutorders:setIamPolicy 200
[2026-09-12T16:17:19.312Z] <<< [apiv2][body] POST https://run.googleapis.com/v1/projects/eshwesareestudio/locations/asia-south1/services/reconcilecheckoutorders:setIamPolicy {"version":1,"etag":"BwZbS4j8v+s=","bindings":[{"role":"roles/run.invoker","members":["serviceAccount:106884158684-compute@developer.gserviceaccount.com"]}]}
[2026-09-12T16:17:19.312Z] Checked if tokens are valid: true, expires at: 1789232947367
[2026-09-12T16:17:19.313Z] Checked if tokens are valid: true, expires at: 1789232947367
[2026-09-12T16:17:19.313Z] >>> [apiv2][query] GET https://compute.googleapis.com/compute/v1/projects/106884158684 [none]
[2026-09-12T16:17:19.629Z] <<< [apiv2][status] GET https://compute.googleapis.com/compute/v1/projects/106884158684 403
[2026-09-12T16:17:19.629Z] <<< [apiv2][body] GET https://compute.googleapis.com/compute/v1/projects/106884158684 {"error":{"code":403,"message":"Compute Engine API has not been used in project 106884158684 before or it is disabled. Enable it by visiting https://console.developers.google.com/apis/api/compute.googleapis.com/overview?project=106884158684 then retry. If you enabled this API recently, wait a few minutes for the action to propagate to our systems and retry.","errors":[{"message":"Compute Engine API has not been used in project 106884158684 before or it is disabled. Enable it by visiting https://console.developers.google.com/apis/api/compute.googleapis.com/overview?project=106884158684 then retry. If you enabled this API recently, wait a few minutes for the action to propagate to our systems and retry.","domain":"usageLimits","reason":"accessNotConfigured","extendedHelp":"https://console.developers.google.com"}],"status":"PERMISSION_DENIED","details":[{"@type":"type.googleapis.com/google.rpc.ErrorInfo","reason":"SERVICE_DISABLED","domain":"googleapis.com","metadata":{"activationUrl":"https://console.developers.google.com/apis/api/compute.googleapis.com/overview?project=106884158684","consumer":"projects/106884158684","containerInfo":"106884158684","service":"compute.googleapis.com","serviceTitle":"Compute Engine API"}},{"@type":"type.googleapis.com/google.rpc.LocalizedMessage","locale":"en-US","message":"Compute Engine API has not been used in project 106884158684 before or it is disabled. Enable it by visiting https://console.developers.google.com/apis/api/compute.googleapis.com/overview?project=106884158684 then retry. If you enabled this API recently, wait a few minutes for the action to propagate to our systems and retry."},{"@type":"type.googleapis.com/google.rpc.Help","links":[{"description":"Google developers console API activation","url":"https://console.developers.google.com/apis/api/compute.googleapis.com/overview?project=106884158684"}]}]}}
[2026-09-12T16:17:19.630Z] unable to look up default compute service account. Falling back to 106884158684-compute@developer.gserviceaccount.com. Error: {"name":"FirebaseError","children":[],"context":{"body":{"error":{"code":403,"message":"Compute Engine API has not been used in project 106884158684 before or it is disabled. Enable it by visiting https://console.developers.google.com/apis/api/compute.googleapis.com/overview?project=106884158684 then retry. If you enabled this API recently, wait a few minutes for the action to propagate to our systems and retry.","errors":[{"message":"Compute Engine API has not been used in project 106884158684 before or it is disabled. Enable it by visiting https://console.developers.google.com/apis/api/compute.googleapis.com/overview?project=106884158684 then retry. If you enabled this API recently, wait a few minutes for the action to propagate to our systems and retry.","domain":"usageLimits","reason":"accessNotConfigured","extendedHelp":"https://console.developers.google.com"}],"status":"PERMISSION_DENIED","details":[{"@type":"type.googleapis.com/google.rpc.ErrorInfo","reason":"SERVICE_DISABLED","domain":"googleapis.com","metadata":{"activationUrl":"https://console.developers.google.com/apis/api/compute.googleapis.com/overview?project=106884158684","consumer":"projects/106884158684","containerInfo":"106884158684","service":"compute.googleapis.com","serviceTitle":"Compute Engine API"}},{"@type":"type.googleapis.com/google.rpc.LocalizedMessage","locale":"en-US","message":"Compute Engine API has not been used in project 106884158684 before or it is disabled. Enable it by visiting https://console.developers.google.com/apis/api/compute.googleapis.com/overview?project=106884158684 then retry. If you enabled this API recently, wait a few minutes for the action to propagate to our systems and retry."},{"@type":"type.googleapis.com/google.rpc.Help","links":[{"description":"Google developers console API activation","url":"https://console.developers.google.com/apis/api/compute.googleapis.com/overview?project=106884158684"}]}]}},"response":{"statusCode":403}},"exit":1,"message":"Request to https://compute.googleapis.com/compute/v1/projects/106884158684 had HTTP Error: 403, Compute Engine API has not been used in project 106884158684 before or it is disabled. Enable it by visiting https://console.developers.google.com/apis/api/compute.googleapis.com/overview?project=106884158684 then retry. If you enabled this API recently, wait a few minutes for the action to propagate to our systems and retry.","status":403}
[2026-09-12T16:17:19.630Z] Checked if tokens are valid: true, expires at: 1789232947367
[2026-09-12T16:17:19.630Z] Checked if tokens are valid: true, expires at: 1789232947367
[2026-09-12T16:17:19.630Z] >>> [apiv2][query] GET https://cloudscheduler.googleapis.com/v1/projects/eshwesareestudio/locations/asia-south1/jobs/firebase-schedule-reconcileCheckoutOrders-asia-south1 [none]
[2026-09-12T16:17:20.003Z] [update-default-asia-south1-razorpayWebhook] Retrying task index 0
[2026-09-12T16:17:20.003Z] Checked if tokens are valid: true, expires at: 1789232947367
[2026-09-12T16:17:20.003Z] Checked if tokens are valid: true, expires at: 1789232947367
[2026-09-12T16:17:20.003Z] >>> [apiv2][query] GET https://cloudfunctions.googleapis.com/v2/projects/eshwesareestudio/locations/asia-south1/operations/operation-1789229827682-65b4b884cef92-fe6a0883-66dd5f41 [none]
[2026-09-12T16:17:20.473Z] <<< [apiv2][status] GET https://cloudfunctions.googleapis.com/v2/projects/eshwesareestudio/locations/asia-south1/operations/operation-1789229827682-65b4b884cef92-fe6a0883-66dd5f41 200
[2026-09-12T16:17:20.474Z] <<< [apiv2][body] GET https://cloudfunctions.googleapis.com/v2/projects/eshwesareestudio/locations/asia-south1/operations/operation-1789229827682-65b4b884cef92-fe6a0883-66dd5f41 {"name":"projects/eshwesareestudio/locations/asia-south1/operations/operation-1789229827682-65b4b884cef92-fe6a0883-66dd5f41","metadata":{"@type":"type.googleapis.com/google.cloud.functions.v2.OperationMetadata","createTime":"2026-09-12T16:17:09.085558917Z","endTime":"2026-09-12T16:17:18.515228356Z","target":"projects/eshwesareestudio/locations/asia-south1/functions/razorpayWebhook","verb":"update","cancelRequested":false,"apiVersion":"v2","requestResource":{"@type":"type.googleapis.com/google.cloud.functions.v2.Function","name":"projects/eshwesareestudio/locations/asia-south1/functions/razorpayWebhook","buildConfig":{"runtime":"nodejs22","entryPoint":"razorpayWebhook","source":{"storageSource":{"bucket":"gcf-v2-sources-106884158684-asia-south1","object":"razorpayWebhook/function-source.zip","generation":"1789229829044706"}},"environmentVariables":{"GOOGLE_NODE_RUN_SCRIPTS":""},"dockerRepository":"projects/eshwesareestudio/locations/asia-south1/repositories/gcf-artifacts","sourceProvenance":{"resolvedStorageSource":{"bucket":"gcf-v2-sources-106884158684-asia-south1","object":"razorpayWebhook/function-source.zip","generation":"1789037073466889"}},"dockerRegistry":"ARTIFACT_REGISTRY","sourceToken":"Cldwcm9qZWN0cy8xMDY4ODQxNTg2ODQvbG9jYXRpb25zL2FzaWEtc291dGgxL2J1aWxkcy83NTM1NzQ0Mi1jOTNjLTRkZWItODQyOC05N2IwNDU0YjU4YTUSc2FzaWEtc291dGgxLWRvY2tlci5wa2cuZGV2L2VzaHdlc2FyZWVzdHVkaW8vZ2NmLWFydGlmYWN0cy9lc2h3ZXNhcmVlc3R1ZGlvX19hc2lhLS1zb3V0aDFfX2NoZWNrb3V0X3N0YXR1czp2ZXJzaW9uXzEY3Kmrlo4DIkhwcm9qZWN0cy9lc2h3ZXNhcmVlc3R1ZGlvL2xvY2F0aW9ucy9hc2lhLXNvdXRoMS9mdW5jdGlvbnMvY2hlY2tvdXRTdGF0dXMqCwj/9ZXVBhDYr64pMghub2RlanMyMjp2CiNnY3IuaW8vZ2FlLXJ1bnRpbWVzL25vZGVqczIyOnN0YWJsZRJPYXNpYS1zb3V0aDEtZG9ja2VyLnBrZy5kZXYvc2VydmVybGVzcy1ydW50aW1lcy9nb29nbGUtMjItZnVsbC9ydW50aW1lcy9ub2RlanMyMkAB","serviceAccount":"projects/eshwesareestudio/serviceAccounts/106884158684-compute@developer.gserviceaccount.com","automaticUpdatePolicy":{}},"serviceConfig":{"service":"projects/eshwesareestudio/locations/asia-south1/services/razorpaywebhook","timeoutSeconds":60,"environmentVariables":{"FIREBASE_CONFIG":"{\"projectId\":\"eshwesareestudio\",\"storageBucket\":\"eshwesareestudio.firebasestorage.app\"}","GCLOUD_PROJECT":"eshwesareestudio","EVENTARC_CLOUD_EVENT_SOURCE":"projects/eshwesareestudio/locations/asia-south1/services/razorpayWebhook","FUNCTION_REGION":"asia-south1","FUNCTION_TARGET":"razorpayWebhook","LOG_EXECUTION_ID":"true","FUNCTION_SIGNATURE_TYPE":"http"},"ingressSettings":"ALLOW_ALL","uri":"https://razorpaywebhook-n7x6wk6maa-el.a.run.app","serviceAccountEmail":"106884158684-compute@developer.gserviceaccount.com","availableMemory":"256Mi","allTrafficOnLatestRevision":true,"secretEnvironmentVariables":[{"key":"RAZORPAY_WEBHOOK_SECRET","projectId":"eshwesareestudio","secret":"RAZORPAY_WEBHOOK_SECRET","version":"2"},{"key":"RAZORPAY_KEY_ID","projectId":"eshwesareestudio","secret":"RAZORPAY_KEY_ID","version":"4"},{"key":"RAZORPAY_KEY_SECRET","projectId":"eshwesareestudio","secret":"RAZORPAY_KEY_SECRET","version":"4"}],"revision":"razorpaywebhook-00015-lum","maxInstanceRequestConcurrency":80,"availableCpu":"1"},"state":"ACTIVE","labels":{"deployment-tool":"cli-firebase","firebase-functions-hash":"c109d28cd0095e75b9624121c2323575d524b77c"},"environment":"GEN_2","url":"https://asia-south1-eshwesareestudio.cloudfunctions.net/razorpayWebhook","satisfiesPzs":true,"satisfiesPzi":true},"stages":[{"name":"BUILD","message":"Reusing build","state":"COMPLETE","resource":"projects/106884158684/locations/asia-south1/builds/75357442-c93c-4deb-8428-97b0454b58a5"},{"name":"SERVICE","message":"Updating Cloud Run service","state":"COMPLETE","resource":"projects/eshwesareestudio/locations/asia-south1/services/razorpaywebhook","resourceUri":"https://console.cloud.google.com/run/detail/asia-south1/razorpaywebhook?project=eshwesareestudio","stateMessages":[{"severity":"INFO","type":"CloudRunServiceNewRevisionTrafficInfo","message":"A new revision will be deployed serving with 100% traffic."}]}],"sourceToken":"Cldwcm9qZWN0cy8xMDY4ODQxNTg2ODQvbG9jYXRpb25zL2FzaWEtc291dGgxL2J1aWxkcy83NTM1NzQ0Mi1jOTNjLTRkZWItODQyOC05N2IwNDU0YjU4YTUSc2FzaWEtc291dGgxLWRvY2tlci5wa2cuZGV2L2VzaHdlc2FyZWVzdHVkaW8vZ2NmLWFydGlmYWN0cy9lc2h3ZXNhcmVlc3R1ZGlvX19hc2lhLS1zb3V0aDFfX2NoZWNrb3V0X3N0YXR1czp2ZXJzaW9uXzEY3Kmrlo4DIkhwcm9qZWN0cy9lc2h3ZXNhcmVlc3R1ZGlvL2xvY2F0aW9ucy9hc2lhLXNvdXRoMS9mdW5jdGlvbnMvY2hlY2tvdXRTdGF0dXMqCwj/9ZXVBhDYr64pMghub2RlanMyMjp2CiNnY3IuaW8vZ2FlLXJ1bnRpbWVzL25vZGVqczIyOnN0YWJsZRJPYXNpYS1zb3V0aDEtZG9ja2VyLnBrZy5kZXYvc2VydmVybGVzcy1ydW50aW1lcy9nb29nbGUtMjItZnVsbC9ydW50aW1lcy9ub2RlanMyMkAB","operationType":"UPDATE_FUNCTION","buildName":"projects/106884158684/locations/asia-south1/builds/75357442-c93c-4deb-8428-97b0454b58a5"},"done":true,"response":{"@type":"type.googleapis.com/google.cloud.functions.v2.Function","name":"projects/eshwesareestudio/locations/asia-south1/functions/razorpayWebhook","buildConfig":{"build":"projects/106884158684/locations/asia-south1/builds/75357442-c93c-4deb-8428-97b0454b58a5","runtime":"nodejs22","entryPoint":"razorpayWebhook","source":{"storageSource":{"bucket":"gcf-v2-sources-106884158684-asia-south1","object":"razorpayWebhook/function-source.zip","generation":"1789229829044706"}},"environmentVariables":{"GOOGLE_NODE_RUN_SCRIPTS":""},"dockerRepository":"projects/eshwesareestudio/locations/asia-south1/repositories/gcf-artifacts","sourceProvenance":{"resolvedStorageSource":{"bucket":"gcf-v2-sources-106884158684-asia-south1","object":"razorpayWebhook/function-source.zip","generation":"1789229829044706"}},"dockerRegistry":"ARTIFACT_REGISTRY","serviceAccount":"projects/eshwesareestudio/serviceAccounts/106884158684-compute@developer.gserviceaccount.com","automaticUpdatePolicy":{}},"serviceConfig":{"service":"projects/eshwesareestudio/locations/asia-south1/services/razorpaywebhook","timeoutSeconds":60,"environmentVariables":{"FIREBASE_CONFIG":"{\"projectId\":\"eshwesareestudio\",\"storageBucket\":\"eshwesareestudio.firebasestorage.app\"}","GCLOUD_PROJECT":"eshwesareestudio","EVENTARC_CLOUD_EVENT_SOURCE":"projects/eshwesareestudio/locations/asia-south1/services/razorpayWebhook","FUNCTION_REGION":"asia-south1","FUNCTION_TARGET":"razorpayWebhook","LOG_EXECUTION_ID":"true","FUNCTION_SIGNATURE_TYPE":"http"},"maxInstanceCount":20,"ingressSettings":"ALLOW_ALL","uri":"https://razorpaywebhook-n7x6wk6maa-el.a.run.app","serviceAccountEmail":"106884158684-compute@developer.gserviceaccount.com","availableMemory":"256Mi","allTrafficOnLatestRevision":true,"secretEnvironmentVariables":[{"key":"RAZORPAY_WEBHOOK_SECRET","projectId":"eshwesareestudio","secret":"RAZORPAY_WEBHOOK_SECRET","version":"2"},{"key":"RAZORPAY_KEY_ID","projectId":"eshwesareestudio","secret":"RAZORPAY_KEY_ID","version":"4"},{"key":"RAZORPAY_KEY_SECRET","projectId":"eshwesareestudio","secret":"RAZORPAY_KEY_SECRET","version":"4"}],"revision":"razorpaywebhook-00016-puy","maxInstanceRequestConcurrency":80,"availableCpu":"1"},"state":"ACTIVE","updateTime":"2026-09-12T16:17:09.087460096Z","labels":{"firebase-functions-hash":"c109d28cd0095e75b9624121c2323575d524b77c","deployment-tool":"cli-firebase"},"environment":"GEN_2","url":"https://asia-south1-eshwesareestudio.cloudfunctions.net/razorpayWebhook","satisfiesPzs":true,"createTime":"2026-08-23T15:49:16.355569202Z","satisfiesPzi":true}}
[2026-09-12T16:17:20.474Z] Got source token Cldwcm9qZWN0cy8xMDY4ODQxNTg2ODQvbG9jYXRpb25zL2FzaWEtc291dGgxL2J1aWxkcy83NTM1NzQ0Mi1jOTNjLTRkZWItODQyOC05N2IwNDU0YjU4YTUSc2FzaWEtc291dGgxLWRvY2tlci5wa2cuZGV2L2VzaHdlc2FyZWVzdHVkaW8vZ2NmLWFydGlmYWN0cy9lc2h3ZXNhcmVlc3R1ZGlvX19hc2lhLS1zb3V0aDFfX2NoZWNrb3V0X3N0YXR1czp2ZXJzaW9uXzEY3Kmrlo4DIkhwcm9qZWN0cy9lc2h3ZXNhcmVlc3R1ZGlvL2xvY2F0aW9ucy9hc2lhLXNvdXRoMS9mdW5jdGlvbnMvY2hlY2tvdXRTdGF0dXMqCwj/9ZXVBhDYr64pMghub2RlanMyMjp2CiNnY3IuaW8vZ2FlLXJ1bnRpbWVzL25vZGVqczIyOnN0YWJsZRJPYXNpYS1zb3V0aDEtZG9ja2VyLnBrZy5kZXYvc2VydmVybGVzcy1ydW50aW1lcy9nb29nbGUtMjItZnVsbC9ydW50aW1lcy9ub2RlanMyMkAB for region asia-south1
✔  functions[razorpayWebhook(asia-south1)] Successful update operation.
[2026-09-12T16:17:20.628Z] <<< [apiv2][status] GET https://cloudscheduler.googleapis.com/v1/projects/eshwesareestudio/locations/asia-south1/jobs/firebase-schedule-reconcileCheckoutOrders-asia-south1 404
[2026-09-12T16:17:20.628Z] <<< [apiv2][body] GET https://cloudscheduler.googleapis.com/v1/projects/eshwesareestudio/locations/asia-south1/jobs/firebase-schedule-reconcileCheckoutOrders-asia-south1 {"error":{"code":404,"message":"Job not found.","status":"NOT_FOUND"}}
[2026-09-12T16:17:20.629Z] Checked if tokens are valid: true, expires at: 1789232947367
[2026-09-12T16:17:20.629Z] Checked if tokens are valid: true, expires at: 1789232947367
[2026-09-12T16:17:20.629Z] >>> [apiv2][query] POST https://cloudscheduler.googleapis.com/v1/projects/eshwesareestudio/locations/asia-south1/jobs [none]
[2026-09-12T16:17:20.629Z] >>> [apiv2][body] POST https://cloudscheduler.googleapis.com/v1/projects/eshwesareestudio/locations/asia-south1/jobs {"timeZone":"UTC","name":"projects/eshwesareestudio/locations/asia-south1/jobs/firebase-schedule-reconcileCheckoutOrders-asia-south1","httpTarget":{"uri":"https://asia-south1-eshwesareestudio.cloudfunctions.net/reconcileCheckoutOrders","httpMethod":"POST","oidcToken":{"serviceAccountEmail":"106884158684-compute@developer.gserviceaccount.com"}},"schedule":"every 5 minutes","attemptDeadline":null}
[2026-09-12T16:17:25.954Z] [update-default-asia-south1-createRazorpayOrder] Retrying task index 0
[2026-09-12T16:17:25.954Z] Checked if tokens are valid: true, expires at: 1789232947367
[2026-09-12T16:17:25.955Z] Checked if tokens are valid: true, expires at: 1789232947367
[2026-09-12T16:17:25.955Z] >>> [apiv2][query] GET https://cloudfunctions.googleapis.com/v2/projects/eshwesareestudio/locations/asia-south1/operations/operation-1789229827360-65b4b88480615-744c0c11-8030325e [none]
[2026-09-12T16:17:26.524Z] [update-default-asia-south1-verifyCustomerOtp] Retrying task index 0
[2026-09-12T16:17:26.525Z] Checked if tokens are valid: true, expires at: 1789232947367
[2026-09-12T16:17:26.525Z] Checked if tokens are valid: true, expires at: 1789232947367
[2026-09-12T16:17:26.526Z] >>> [apiv2][query] GET https://cloudfunctions.googleapis.com/v2/projects/eshwesareestudio/locations/asia-south1/operations/operation-1789229827625-65b4b884c126c-d1b6aef9-e001c9e2 [none]
[2026-09-12T16:17:26.563Z] <<< [apiv2][status] GET https://cloudfunctions.googleapis.com/v2/projects/eshwesareestudio/locations/asia-south1/operations/operation-1789229827360-65b4b88480615-744c0c11-8030325e 200
[2026-09-12T16:17:26.563Z] <<< [apiv2][body] GET https://cloudfunctions.googleapis.com/v2/projects/eshwesareestudio/locations/asia-south1/operations/operation-1789229827360-65b4b88480615-744c0c11-8030325e {"name":"projects/eshwesareestudio/locations/asia-south1/operations/operation-1789229827360-65b4b88480615-744c0c11-8030325e","metadata":{"@type":"type.googleapis.com/google.cloud.functions.v2.OperationMetadata","createTime":"2026-09-12T16:17:08.754679820Z","endTime":"2026-09-12T16:17:19.810539458Z","target":"projects/eshwesareestudio/locations/asia-south1/functions/createRazorpayOrder","verb":"update","cancelRequested":false,"apiVersion":"v2","requestResource":{"@type":"type.googleapis.com/google.cloud.functions.v2.Function","name":"projects/eshwesareestudio/locations/asia-south1/functions/createRazorpayOrder","buildConfig":{"runtime":"nodejs22","entryPoint":"createRazorpayOrder","source":{"storageSource":{"bucket":"gcf-v2-sources-106884158684-asia-south1","object":"createRazorpayOrder/function-source.zip","generation":"1789229828710047"}},"environmentVariables":{"GOOGLE_NODE_RUN_SCRIPTS":""},"dockerRepository":"projects/eshwesareestudio/locations/asia-south1/repositories/gcf-artifacts","sourceProvenance":{"resolvedStorageSource":{"bucket":"gcf-v2-sources-106884158684-asia-south1","object":"createRazorpayOrder/function-source.zip","generation":"1789037073855850"}},"dockerRegistry":"ARTIFACT_REGISTRY","sourceToken":"Cldwcm9qZWN0cy8xMDY4ODQxNTg2ODQvbG9jYXRpb25zL2FzaWEtc291dGgxL2J1aWxkcy83NTM1NzQ0Mi1jOTNjLTRkZWItODQyOC05N2IwNDU0YjU4YTUSc2FzaWEtc291dGgxLWRvY2tlci5wa2cuZGV2L2VzaHdlc2FyZWVzdHVkaW8vZ2NmLWFydGlmYWN0cy9lc2h3ZXNhcmVlc3R1ZGlvX19hc2lhLS1zb3V0aDFfX2NoZWNrb3V0X3N0YXR1czp2ZXJzaW9uXzEY3Kmrlo4DIkhwcm9qZWN0cy9lc2h3ZXNhcmVlc3R1ZGlvL2xvY2F0aW9ucy9hc2lhLXNvdXRoMS9mdW5jdGlvbnMvY2hlY2tvdXRTdGF0dXMqCwj/9ZXVBhDYr64pMghub2RlanMyMjp2CiNnY3IuaW8vZ2FlLXJ1bnRpbWVzL25vZGVqczIyOnN0YWJsZRJPYXNpYS1zb3V0aDEtZG9ja2VyLnBrZy5kZXYvc2VydmVybGVzcy1ydW50aW1lcy9nb29nbGUtMjItZnVsbC9ydW50aW1lcy9ub2RlanMyMkAB","serviceAccount":"projects/eshwesareestudio/serviceAccounts/106884158684-compute@developer.gserviceaccount.com","automaticUpdatePolicy":{}},"serviceConfig":{"service":"projects/eshwesareestudio/locations/asia-south1/services/createrazorpayorder","timeoutSeconds":60,"environmentVariables":{"FIREBASE_CONFIG":"{\"projectId\":\"eshwesareestudio\",\"storageBucket\":\"eshwesareestudio.firebasestorage.app\"}","GCLOUD_PROJECT":"eshwesareestudio","EVENTARC_CLOUD_EVENT_SOURCE":"projects/eshwesareestudio/locations/asia-south1/services/createRazorpayOrder","FUNCTION_REGION":"asia-south1","FUNCTION_TARGET":"createRazorpayOrder","LOG_EXECUTION_ID":"true","FUNCTION_SIGNATURE_TYPE":"http"},"ingressSettings":"ALLOW_ALL","uri":"https://createrazorpayorder-n7x6wk6maa-el.a.run.app","serviceAccountEmail":"106884158684-compute@developer.gserviceaccount.com","availableMemory":"256Mi","allTrafficOnLatestRevision":true,"secretEnvironmentVariables":[{"key":"RAZORPAY_KEY_ID","projectId":"eshwesareestudio","secret":"RAZORPAY_KEY_ID","version":"4"},{"key":"RAZORPAY_KEY_SECRET","projectId":"eshwesareestudio","secret":"RAZORPAY_KEY_SECRET","version":"4"}],"revision":"createrazorpayorder-00017-naf","maxInstanceRequestConcurrency":80,"availableCpu":"1"},"state":"ACTIVE","labels":{"deployment-tool":"cli-firebase","firebase-functions-hash":"6ab8702ef0dc9af6c6deca4fc5ae944d33e11395"},"environment":"GEN_2","url":"https://asia-south1-eshwesareestudio.cloudfunctions.net/createRazorpayOrder","satisfiesPzs":true,"satisfiesPzi":true},"stages":[{"name":"BUILD","message":"Reusing build","state":"COMPLETE","resource":"projects/106884158684/locations/asia-south1/builds/75357442-c93c-4deb-8428-97b0454b58a5"},{"name":"SERVICE","message":"Updating Cloud Run service","state":"COMPLETE","resource":"projects/eshwesareestudio/locations/asia-south1/services/createrazorpayorder","resourceUri":"https://console.cloud.google.com/run/detail/asia-south1/createrazorpayorder?project=eshwesareestudio","stateMessages":[{"severity":"INFO","type":"CloudRunServiceNewRevisionTrafficInfo","message":"A new revision will be deployed serving with 100% traffic."}]}],"sourceToken":"Cldwcm9qZWN0cy8xMDY4ODQxNTg2ODQvbG9jYXRpb25zL2FzaWEtc291dGgxL2J1aWxkcy83NTM1NzQ0Mi1jOTNjLTRkZWItODQyOC05N2IwNDU0YjU4YTUSc2FzaWEtc291dGgxLWRvY2tlci5wa2cuZGV2L2VzaHdlc2FyZWVzdHVkaW8vZ2NmLWFydGlmYWN0cy9lc2h3ZXNhcmVlc3R1ZGlvX19hc2lhLS1zb3V0aDFfX2NoZWNrb3V0X3N0YXR1czp2ZXJzaW9uXzEY3Kmrlo4DIkhwcm9qZWN0cy9lc2h3ZXNhcmVlc3R1ZGlvL2xvY2F0aW9ucy9hc2lhLXNvdXRoMS9mdW5jdGlvbnMvY2hlY2tvdXRTdGF0dXMqCwj/9ZXVBhDYr64pMghub2RlanMyMjp2CiNnY3IuaW8vZ2FlLXJ1bnRpbWVzL25vZGVqczIyOnN0YWJsZRJPYXNpYS1zb3V0aDEtZG9ja2VyLnBrZy5kZXYvc2VydmVybGVzcy1ydW50aW1lcy9nb29nbGUtMjItZnVsbC9ydW50aW1lcy9ub2RlanMyMkAB","operationType":"UPDATE_FUNCTION","buildName":"projects/106884158684/locations/asia-south1/builds/75357442-c93c-4deb-8428-97b0454b58a5"},"done":true,"response":{"@type":"type.googleapis.com/google.cloud.functions.v2.Function","name":"projects/eshwesareestudio/locations/asia-south1/functions/createRazorpayOrder","buildConfig":{"build":"projects/106884158684/locations/asia-south1/builds/75357442-c93c-4deb-8428-97b0454b58a5","runtime":"nodejs22","entryPoint":"createRazorpayOrder","source":{"storageSource":{"bucket":"gcf-v2-sources-106884158684-asia-south1","object":"createRazorpayOrder/function-source.zip","generation":"1789229828710047"}},"environmentVariables":{"GOOGLE_NODE_RUN_SCRIPTS":""},"dockerRepository":"projects/eshwesareestudio/locations/asia-south1/repositories/gcf-artifacts","sourceProvenance":{"resolvedStorageSource":{"bucket":"gcf-v2-sources-106884158684-asia-south1","object":"createRazorpayOrder/function-source.zip","generation":"1789229828710047"}},"dockerRegistry":"ARTIFACT_REGISTRY","serviceAccount":"projects/eshwesareestudio/serviceAccounts/106884158684-compute@developer.gserviceaccount.com","automaticUpdatePolicy":{}},"serviceConfig":{"service":"projects/eshwesareestudio/locations/asia-south1/services/createrazorpayorder","timeoutSeconds":60,"environmentVariables":{"FIREBASE_CONFIG":"{\"projectId\":\"eshwesareestudio\",\"storageBucket\":\"eshwesareestudio.firebasestorage.app\"}","GCLOUD_PROJECT":"eshwesareestudio","EVENTARC_CLOUD_EVENT_SOURCE":"projects/eshwesareestudio/locations/asia-south1/services/createRazorpayOrder","FUNCTION_REGION":"asia-south1","FUNCTION_TARGET":"createRazorpayOrder","LOG_EXECUTION_ID":"true","FUNCTION_SIGNATURE_TYPE":"http"},"maxInstanceCount":20,"ingressSettings":"ALLOW_ALL","uri":"https://createrazorpayorder-n7x6wk6maa-el.a.run.app","serviceAccountEmail":"106884158684-compute@developer.gserviceaccount.com","availableMemory":"256Mi","allTrafficOnLatestRevision":true,"secretEnvironmentVariables":[{"key":"RAZORPAY_KEY_ID","projectId":"eshwesareestudio","secret":"RAZORPAY_KEY_ID","version":"4"},{"key":"RAZORPAY_KEY_SECRET","projectId":"eshwesareestudio","secret":"RAZORPAY_KEY_SECRET","version":"4"}],"revision":"createrazorpayorder-00018-mey","maxInstanceRequestConcurrency":80,"availableCpu":"1"},"state":"ACTIVE","updateTime":"2026-09-12T16:17:08.756853769Z","labels":{"deployment-tool":"cli-firebase","firebase-functions-hash":"6ab8702ef0dc9af6c6deca4fc5ae944d33e11395"},"environment":"GEN_2","url":"https://asia-south1-eshwesareestudio.cloudfunctions.net/createRazorpayOrder","satisfiesPzs":true,"createTime":"2026-08-23T15:48:02.468505900Z","satisfiesPzi":true}}
[2026-09-12T16:17:26.563Z] Got source token Cldwcm9qZWN0cy8xMDY4ODQxNTg2ODQvbG9jYXRpb25zL2FzaWEtc291dGgxL2J1aWxkcy83NTM1NzQ0Mi1jOTNjLTRkZWItODQyOC05N2IwNDU0YjU4YTUSc2FzaWEtc291dGgxLWRvY2tlci5wa2cuZGV2L2VzaHdlc2FyZWVzdHVkaW8vZ2NmLWFydGlmYWN0cy9lc2h3ZXNhcmVlc3R1ZGlvX19hc2lhLS1zb3V0aDFfX2NoZWNrb3V0X3N0YXR1czp2ZXJzaW9uXzEY3Kmrlo4DIkhwcm9qZWN0cy9lc2h3ZXNhcmVlc3R1ZGlvL2xvY2F0aW9ucy9hc2lhLXNvdXRoMS9mdW5jdGlvbnMvY2hlY2tvdXRTdGF0dXMqCwj/9ZXVBhDYr64pMghub2RlanMyMjp2CiNnY3IuaW8vZ2FlLXJ1bnRpbWVzL25vZGVqczIyOnN0YWJsZRJPYXNpYS1zb3V0aDEtZG9ja2VyLnBrZy5kZXYvc2VydmVybGVzcy1ydW50aW1lcy9nb29nbGUtMjItZnVsbC9ydW50aW1lcy9ub2RlanMyMkAB for region asia-south1
✔  functions[createRazorpayOrder(asia-south1)] Successful update operation.
[2026-09-12T16:17:27.214Z] <<< [apiv2][status] GET https://cloudfunctions.googleapis.com/v2/projects/eshwesareestudio/locations/asia-south1/operations/operation-1789229827625-65b4b884c126c-d1b6aef9-e001c9e2 200
[2026-09-12T16:17:27.214Z] <<< [apiv2][body] GET https://cloudfunctions.googleapis.com/v2/projects/eshwesareestudio/locations/asia-south1/operations/operation-1789229827625-65b4b884c126c-d1b6aef9-e001c9e2 {"name":"projects/eshwesareestudio/locations/asia-south1/operations/operation-1789229827625-65b4b884c126c-d1b6aef9-e001c9e2","metadata":{"@type":"type.googleapis.com/google.cloud.functions.v2.OperationMetadata","createTime":"2026-09-12T16:17:08.970950892Z","endTime":"2026-09-12T16:17:18.656724158Z","target":"projects/eshwesareestudio/locations/asia-south1/functions/verifyCustomerOtp","verb":"update","cancelRequested":false,"apiVersion":"v2","requestResource":{"@type":"type.googleapis.com/google.cloud.functions.v2.Function","name":"projects/eshwesareestudio/locations/asia-south1/functions/verifyCustomerOtp","buildConfig":{"runtime":"nodejs22","entryPoint":"verifyCustomerOtp","source":{"storageSource":{"bucket":"gcf-v2-sources-106884158684-asia-south1","object":"verifyCustomerOtp/function-source.zip","generation":"1789229828925425"}},"environmentVariables":{"GOOGLE_NODE_RUN_SCRIPTS":""},"dockerRepository":"projects/eshwesareestudio/locations/asia-south1/repositories/gcf-artifacts","sourceProvenance":{"resolvedStorageSource":{"bucket":"gcf-v2-sources-106884158684-asia-south1","object":"verifyCustomerOtp/function-source.zip","generation":"1789037073995711"}},"dockerRegistry":"ARTIFACT_REGISTRY","sourceToken":"Cldwcm9qZWN0cy8xMDY4ODQxNTg2ODQvbG9jYXRpb25zL2FzaWEtc291dGgxL2J1aWxkcy83NTM1NzQ0Mi1jOTNjLTRkZWItODQyOC05N2IwNDU0YjU4YTUSc2FzaWEtc291dGgxLWRvY2tlci5wa2cuZGV2L2VzaHdlc2FyZWVzdHVkaW8vZ2NmLWFydGlmYWN0cy9lc2h3ZXNhcmVlc3R1ZGlvX19hc2lhLS1zb3V0aDFfX2NoZWNrb3V0X3N0YXR1czp2ZXJzaW9uXzEY3Kmrlo4DIkhwcm9qZWN0cy9lc2h3ZXNhcmVlc3R1ZGlvL2xvY2F0aW9ucy9hc2lhLXNvdXRoMS9mdW5jdGlvbnMvY2hlY2tvdXRTdGF0dXMqCwj/9ZXVBhDYr64pMghub2RlanMyMjp2CiNnY3IuaW8vZ2FlLXJ1bnRpbWVzL25vZGVqczIyOnN0YWJsZRJPYXNpYS1zb3V0aDEtZG9ja2VyLnBrZy5kZXYvc2VydmVybGVzcy1ydW50aW1lcy9nb29nbGUtMjItZnVsbC9ydW50aW1lcy9ub2RlanMyMkAB","serviceAccount":"projects/eshwesareestudio/serviceAccounts/106884158684-compute@developer.gserviceaccount.com","automaticUpdatePolicy":{}},"serviceConfig":{"service":"projects/eshwesareestudio/locations/asia-south1/services/verifycustomerotp","timeoutSeconds":60,"environmentVariables":{"FIREBASE_CONFIG":"{\"projectId\":\"eshwesareestudio\",\"storageBucket\":\"eshwesareestudio.firebasestorage.app\"}","GCLOUD_PROJECT":"eshwesareestudio","EVENTARC_CLOUD_EVENT_SOURCE":"projects/eshwesareestudio/locations/asia-south1/services/verifyCustomerOtp","FUNCTION_REGION":"asia-south1","FUNCTION_TARGET":"verifyCustomerOtp","LOG_EXECUTION_ID":"true","FUNCTION_SIGNATURE_TYPE":"http"},"ingressSettings":"ALLOW_ALL","uri":"https://verifycustomerotp-n7x6wk6maa-el.a.run.app","serviceAccountEmail":"106884158684-compute@developer.gserviceaccount.com","availableMemory":"256Mi","allTrafficOnLatestRevision":true,"secretEnvironmentVariables":[{"key":"MSG91_AUTH_KEY","projectId":"eshwesareestudio","secret":"MSG91_AUTH_KEY","version":"1"}],"revision":"verifycustomerotp-00005-vey","maxInstanceRequestConcurrency":80,"availableCpu":"1"},"state":"ACTIVE","labels":{"deployment-tool":"cli-firebase","firebase-functions-hash":"dfb918a5ef846c88c82e4c100a033f23358f588c"},"environment":"GEN_2","url":"https://asia-south1-eshwesareestudio.cloudfunctions.net/verifyCustomerOtp","satisfiesPzs":true,"satisfiesPzi":true},"stages":[{"name":"BUILD","message":"Reusing build","state":"COMPLETE","resource":"projects/106884158684/locations/asia-south1/builds/75357442-c93c-4deb-8428-97b0454b58a5"},{"name":"SERVICE","message":"Updating Cloud Run service","state":"COMPLETE","resource":"projects/eshwesareestudio/locations/asia-south1/services/verifycustomerotp","resourceUri":"https://console.cloud.google.com/run/detail/asia-south1/verifycustomerotp?project=eshwesareestudio","stateMessages":[{"severity":"INFO","type":"CloudRunServiceNewRevisionTrafficInfo","message":"A new revision will be deployed serving with 100% traffic."}]}],"sourceToken":"Cldwcm9qZWN0cy8xMDY4ODQxNTg2ODQvbG9jYXRpb25zL2FzaWEtc291dGgxL2J1aWxkcy83NTM1NzQ0Mi1jOTNjLTRkZWItODQyOC05N2IwNDU0YjU4YTUSc2FzaWEtc291dGgxLWRvY2tlci5wa2cuZGV2L2VzaHdlc2FyZWVzdHVkaW8vZ2NmLWFydGlmYWN0cy9lc2h3ZXNhcmVlc3R1ZGlvX19hc2lhLS1zb3V0aDFfX2NoZWNrb3V0X3N0YXR1czp2ZXJzaW9uXzEY3Kmrlo4DIkhwcm9qZWN0cy9lc2h3ZXNhcmVlc3R1ZGlvL2xvY2F0aW9ucy9hc2lhLXNvdXRoMS9mdW5jdGlvbnMvY2hlY2tvdXRTdGF0dXMqCwj/9ZXVBhDYr64pMghub2RlanMyMjp2CiNnY3IuaW8vZ2FlLXJ1bnRpbWVzL25vZGVqczIyOnN0YWJsZRJPYXNpYS1zb3V0aDEtZG9ja2VyLnBrZy5kZXYvc2VydmVybGVzcy1ydW50aW1lcy9nb29nbGUtMjItZnVsbC9ydW50aW1lcy9ub2RlanMyMkAB","operationType":"UPDATE_FUNCTION","buildName":"projects/106884158684/locations/asia-south1/builds/75357442-c93c-4deb-8428-97b0454b58a5"},"done":true,"response":{"@type":"type.googleapis.com/google.cloud.functions.v2.Function","name":"projects/eshwesareestudio/locations/asia-south1/functions/verifyCustomerOtp","buildConfig":{"build":"projects/106884158684/locations/asia-south1/builds/75357442-c93c-4deb-8428-97b0454b58a5","runtime":"nodejs22","entryPoint":"verifyCustomerOtp","source":{"storageSource":{"bucket":"gcf-v2-sources-106884158684-asia-south1","object":"verifyCustomerOtp/function-source.zip","generation":"1789229828925425"}},"environmentVariables":{"GOOGLE_NODE_RUN_SCRIPTS":""},"dockerRepository":"projects/eshwesareestudio/locations/asia-south1/repositories/gcf-artifacts","sourceProvenance":{"resolvedStorageSource":{"bucket":"gcf-v2-sources-106884158684-asia-south1","object":"verifyCustomerOtp/function-source.zip","generation":"1789229828925425"}},"dockerRegistry":"ARTIFACT_REGISTRY","serviceAccount":"projects/eshwesareestudio/serviceAccounts/106884158684-compute@developer.gserviceaccount.com","automaticUpdatePolicy":{}},"serviceConfig":{"service":"projects/eshwesareestudio/locations/asia-south1/services/verifycustomerotp","timeoutSeconds":60,"environmentVariables":{"FIREBASE_CONFIG":"{\"projectId\":\"eshwesareestudio\",\"storageBucket\":\"eshwesareestudio.firebasestorage.app\"}","GCLOUD_PROJECT":"eshwesareestudio","EVENTARC_CLOUD_EVENT_SOURCE":"projects/eshwesareestudio/locations/asia-south1/services/verifyCustomerOtp","FUNCTION_REGION":"asia-south1","FUNCTION_TARGET":"verifyCustomerOtp","LOG_EXECUTION_ID":"true","FUNCTION_SIGNATURE_TYPE":"http"},"maxInstanceCount":20,"ingressSettings":"ALLOW_ALL","uri":"https://verifycustomerotp-n7x6wk6maa-el.a.run.app","serviceAccountEmail":"106884158684-compute@developer.gserviceaccount.com","availableMemory":"256Mi","allTrafficOnLatestRevision":true,"secretEnvironmentVariables":[{"key":"MSG91_AUTH_KEY","projectId":"eshwesareestudio","secret":"MSG91_AUTH_KEY","version":"1"}],"revision":"verifycustomerotp-00006-fuw","maxInstanceRequestConcurrency":80,"availableCpu":"1"},"state":"ACTIVE","updateTime":"2026-09-12T16:17:08.972811436Z","labels":{"deployment-tool":"cli-firebase","firebase-functions-hash":"dfb918a5ef846c88c82e4c100a033f23358f588c"},"environment":"GEN_2","url":"https://asia-south1-eshwesareestudio.cloudfunctions.net/verifyCustomerOtp","satisfiesPzs":true,"createTime":"2026-08-30T10:46:34.278479241Z","satisfiesPzi":true}}
[2026-09-12T16:17:27.215Z] Got source token Cldwcm9qZWN0cy8xMDY4ODQxNTg2ODQvbG9jYXRpb25zL2FzaWEtc291dGgxL2J1aWxkcy83NTM1NzQ0Mi1jOTNjLTRkZWItODQyOC05N2IwNDU0YjU4YTUSc2FzaWEtc291dGgxLWRvY2tlci5wa2cuZGV2L2VzaHdlc2FyZWVzdHVkaW8vZ2NmLWFydGlmYWN0cy9lc2h3ZXNhcmVlc3R1ZGlvX19hc2lhLS1zb3V0aDFfX2NoZWNrb3V0X3N0YXR1czp2ZXJzaW9uXzEY3Kmrlo4DIkhwcm9qZWN0cy9lc2h3ZXNhcmVlc3R1ZGlvL2xvY2F0aW9ucy9hc2lhLXNvdXRoMS9mdW5jdGlvbnMvY2hlY2tvdXRTdGF0dXMqCwj/9ZXVBhDYr64pMghub2RlanMyMjp2CiNnY3IuaW8vZ2FlLXJ1bnRpbWVzL25vZGVqczIyOnN0YWJsZRJPYXNpYS1zb3V0aDEtZG9ja2VyLnBrZy5kZXYvc2VydmVybGVzcy1ydW50aW1lcy9nb29nbGUtMjItZnVsbC9ydW50aW1lcy9ub2RlanMyMkAB for region asia-south1
✔  functions[verifyCustomerOtp(asia-south1)] Successful update operation.
[2026-09-12T16:17:32.471Z] <<< [apiv2][status] POST https://cloudscheduler.googleapis.com/v1/projects/eshwesareestudio/locations/asia-south1/jobs 200
[2026-09-12T16:17:32.471Z] <<< [apiv2][body] POST https://cloudscheduler.googleapis.com/v1/projects/eshwesareestudio/locations/asia-south1/jobs {"name":"projects/eshwesareestudio/locations/asia-south1/jobs/firebase-schedule-reconcileCheckoutOrders-asia-south1","httpTarget":{"uri":"https://asia-south1-eshwesareestudio.cloudfunctions.net/reconcileCheckoutOrders","httpMethod":"POST","headers":{"User-Agent":"Google-Cloud-Scheduler"},"oidcToken":{"serviceAccountEmail":"106884158684-compute@developer.gserviceaccount.com","audience":"https://asia-south1-eshwesareestudio.cloudfunctions.net/reconcileCheckoutOrders"}},"userUpdateTime":"2026-09-12T16:17:32.089265Z","state":"ENABLED","status":{"code":-1},"scheduleTime":"2026-09-12T16:22:00Z","schedule":"every 5 minutes","timeZone":"UTC","attemptDeadline":"180s"}
[2026-09-12T16:17:32.471Z] created scheduler job firebase-schedule-reconcileCheckoutOrders-asia-south1
✔  functions[reconcileCheckoutOrders(asia-south1)] Successful create operation.
[2026-09-12T16:17:32.476Z] Total Function Deployment time: 78079
[2026-09-12T16:17:32.476Z] 11 Functions Deployed
[2026-09-12T16:17:32.476Z] 0 Functions Errored
[2026-09-12T16:17:32.476Z] 0 Function Deployments Aborted
[2026-09-12T16:17:32.476Z] Average Function Deployment time: 67285.81818181818
Function URL (sendCustomerOtp(asia-south1)): https://sendcustomerotp-n7x6wk6maa-el.a.run.app
Function URL (verifyCustomerOtp(asia-south1)): https://verifycustomerotp-n7x6wk6maa-el.a.run.app
Function URL (createRazorpayOrder(asia-south1)): https://createrazorpayorder-n7x6wk6maa-el.a.run.app
Function URL (verifyRazorpayPayment(asia-south1)): https://verifyrazorpaypayment-n7x6wk6maa-el.a.run.app
Function URL (razorpayAppCallback(asia-south1)): https://razorpayappcallback-n7x6wk6maa-el.a.run.app
Function URL (razorpayWebhook(asia-south1)): https://razorpaywebhook-n7x6wk6maa-el.a.run.app
Function URL (checkoutStatus(asia-south1)): https://asia-south1-eshwesareestudio.cloudfunctions.net/checkoutStatus
Function URL (ownerOrderAction(asia-south1)): https://asia-south1-eshwesareestudio.cloudfunctions.net/ownerOrderAction
Function URL (ownerProductAction(asia-south1)): https://asia-south1-eshwesareestudio.cloudfunctions.net/ownerProductAction
[2026-09-12T16:17:32.478Z] Checked if tokens are valid: true, expires at: 1789232947367
[2026-09-12T16:17:32.479Z] Checked if tokens are valid: true, expires at: 1789232947367
[2026-09-12T16:17:32.479Z] >>> [apiv2][query] GET https://artifactregistry.googleapis.com/v1/projects/eshwesareestudio/locations/asia-south1/repositories/gcf-artifacts [none]
[2026-09-12T16:17:33.159Z] <<< [apiv2][status] GET https://artifactregistry.googleapis.com/v1/projects/eshwesareestudio/locations/asia-south1/repositories/gcf-artifacts 200
[2026-09-12T16:17:33.159Z] <<< [apiv2][body] GET https://artifactregistry.googleapis.com/v1/projects/eshwesareestudio/locations/asia-south1/repositories/gcf-artifacts {"name":"projects/eshwesareestudio/locations/asia-south1/repositories/gcf-artifacts","format":"DOCKER","description":"This repository is created and used by Cloud Functions for storing function docker images.","labels":{"goog-managed-by":"cloudfunctions"},"createTime":"2026-08-23T15:48:17.125078Z","updateTime":"2026-09-12T16:16:52.604915Z","mode":"STANDARD_REPOSITORY","cleanupPolicies":{"firebase-functions-cleanup":{"id":"firebase-functions-cleanup","action":"DELETE","condition":{"tagState":"ANY","olderThan":"86400s"}}},"sizeBytes":"106027717","satisfiesPzs":true,"vulnerabilityScanningConfig":{"lastEnableTime":"2026-08-23T15:48:02.650639458Z","enablementState":"SCANNING_DISABLED","enablementStateReason":"API containerscanning.googleapis.com is not enabled."},"satisfiesPzi":true,"registryUri":"asia-south1-docker.pkg.dev/eshwesareestudio/gcf-artifacts"}

✔  Deploy complete!

Project Console: https://console.firebase.google.com/project/eshwesareestudio/overview
